Location ID,Observed Property ID,Observed DateTime,Result Value,Result Unit,Lab: MDL,,,,,,,,
RLM,Ammonia as N,2026-06-09 12:00:00.000+10:00,0.04,mg/L,0.01,,,,,,,,
RLE,Ammonia as N,2026-06-09 12:00:00.000+10:00,0.03,mg/L,0.01,,,,,,,,
RLW,Ammonia as N,2026-06-09 12:00:00.000+10:00,0.06,mg/L,0.01,,,,,,,,
RLE,Dissolved Reactive Phosphorus as P,2026-06-09 12:00:00.000+10:00,,mg/L,0.01,,,,,,,,
RLM,Dissolved Reactive Phosphorus as P,2026-06-09 12:00:00.000+10:00,,mg/L,0.01,,,,,,,,
RLW,Dissolved Reactive Phosphorus as P,2026-06-09 12:00:00.000+10:00,,mg/L,0.01,,,,,,,,
RLM,Nitrate as N,2026-06-09 12:00:00.000+10:00,,mg/L,0.01,,,,,,,,
RLW,Nitrate as N,2026-06-09 12:00:00.000+10:00,,mg/L,0.01,,,,,,,,
RLE,Nitrate as N,2026-06-09 12:00:00.000+10:00,,mg/L,0.01,,,,,,,,
RLE,Nitrite + Nitrate as N,2026-06-09 12:00:00.000+10:00,,mg/L,0.01,,,,,,,,
RLM,Nitrite + Nitrate as N,2026-06-09 12:00:00.000+10:00,,mg/L,0.01,,,,,,,,
RLW,Nitrite + Nitrate as N,2026-06-09 12:00:00.000+10:00,,mg/L,0.01,,,,,,,,
RLE,Nitrite as N,2026-06-09 12:00:00.000+10:00,,mg/L,0.01,,,,,,,,
RLW,Nitrite as N,2026-06-09 12:00:00.000+10:00,,mg/L,0.01,,,,,,,,
RLM,Nitrite as N,2026-06-09 12:00:00.000+10:00,,mg/L,0.01,,,,,,,,
RLE,Total Kjeldahl Nitrogen as N,2026-06-09 12:00:00.000+10:00,0.6,mg/L,0.1,,,,,,,,
RLW,Total Kjeldahl Nitrogen as N,2026-06-09 12:00:00.000+10:00,0.6,mg/L,0.1,,,,,,,,
RLM,Total Kjeldahl Nitrogen as N,2026-06-09 12:00:00.000+10:00,0.6,mg/L,0.1,,,,,,,,
RLE,Total Nitrogen as N,2026-06-09 12:00:00.000+10:00,0.6,mg/L,0.1,,,,,,,,
RLM,Total Nitrogen as N,2026-06-09 12:00:00.000+10:00,0.6,mg/L,0.1,,,,,,,,
RLW,Total Nitrogen as N,2026-06-09 12:00:00.000+10:00,0.6,mg/L,0.1,,,,,,,,
RLW,Total Phosphorus as P,2026-06-09 12:00:00.000+10:00,,mg/L,0.01,,,,,,,,
RLE,Total Phosphorus as P,2026-06-09 12:00:00.000+10:00,,mg/L,0.01,,,,,,,,
RLM,Total Phosphorus as P,2026-06-09 12:00:00.000+10:00,0.02,mg/L,0.01,,,,,,,,
RLM,Total suspended solids,2026-06-09 12:00:00.000+10:00,8,mg/L,5,,,,,,,,
RLE,Total suspended solids,2026-06-09 12:00:00.000+10:00,6,mg/L,5,,,,,,,,
RLW,Total suspended solids,2026-06-09 12:00:00.000+10:00,,mg/L,5,,,,,,,,
RLE,Ammonia as N,2026-04-28 12:00:00.000+10:00,0.1,mg/L,0.01,,,,,,,,
RLM,Ammonia as N,2026-04-28 12:00:00.000+10:00,0.08,mg/L,0.01,,,,,,,,
RLW,Ammonia as N,2026-04-28 12:00:00.000+10:00,0.04,mg/L,0.01,,,,,,,,
RLE,Dissolved Reactive Phosphorus as P,2026-04-28 12:00:00.000+10:00,,mg/L,0.01,,,,,,,,
RLW,Dissolved Reactive Phosphorus as P,2026-04-28 12:00:00.000+10:00,,mg/L,0.01,,,,,,,,
RLM,Dissolved Reactive Phosphorus as P,2026-04-28 12:00:00.000+10:00,,mg/L,0.01,,,,,,,,
RLW,Nitrate as N,2026-04-28 12:00:00.000+10:00,,mg/L,0.01,,,,,,,,
RLM,Nitrate as N,2026-04-28 12:00:00.000+10:00,,mg/L,0.01,,,,,,,,
RLE,Nitrate as N,2026-04-28 12:00:00.000+10:00,,mg/L,0.01,,,,,,,,
RLW,Nitrite + Nitrate as N,2026-04-28 12:00:00.000+10:00,,mg/L,0.01,,,,,,,,
RLM,Nitrite + Nitrate as N,2026-04-28 12:00:00.000+10:00,,mg/L,0.01,,,,,,,,
RLE,Nitrite + Nitrate as N,2026-04-28 12:00:00.000+10:00,,mg/L,0.01,,,,,,,,
RLW,Nitrite as N,2026-04-28 12:00:00.000+10:00,,mg/L,0.01,,,,,,,,
RLM,Nitrite as N,2026-04-28 12:00:00.000+10:00,,mg/L,0.01,,,,,,,,
RLE,Nitrite as N,2026-04-28 12:00:00.000+10:00,,mg/L,0.01,,,,,,,,
RLM,Total Kjeldahl Nitrogen as N,2026-04-28 12:00:00.000+10:00,0.7,mg/L,0.1,,,,,,,,
RLE,Total Kjeldahl Nitrogen as N,2026-04-28 12:00:00.000+10:00,0.6,mg/L,0.1,,,,,,,,
RLW,Total Kjeldahl Nitrogen as N,2026-04-28 12:00:00.000+10:00,0.6,mg/L,0.1,,,,,,,,
RLE,Total Nitrogen as N,2026-04-28 12:00:00.000+10:00,0.6,mg/L,0.1,,,,,,,,
RLW,Total Nitrogen as N,2026-04-28 12:00:00.000+10:00,0.6,mg/L,0.1,,,,,,,,
RLM,Total Nitrogen as N,2026-04-28 12:00:00.000+10:00,0.7,mg/L,0.1,,,,,,,,
RLE,Total Phosphorus as P,2026-04-28 12:00:00.000+10:00,0.04,mg/L,0.01,,,,,,,,
RLM,Total Phosphorus as P,2026-04-28 12:00:00.000+10:00,0.03,mg/L,0.01,,,,,,,,
RLW,Total Phosphorus as P,2026-04-28 12:00:00.000+10:00,0.01,mg/L,0.01,,,,,,,,
RLW,Total suspended solids,2026-04-28 12:00:00.000+10:00,,mg/L,5,,,,,,,,
RLE,Total suspended solids,2026-04-28 12:00:00.000+10:00,6,mg/L,5,,,,,,,,
RLM,Total suspended solids,2026-04-28 12:00:00.000+10:00,,mg/L,5,,,,,,,,
RLM,Ammonia as N,2026-04-13 12:00:00.000+10:00,0.18,mg/L,0.01,,,RLE,Total Nitrogen as N,2026-04-13 12:00:00.000+10:00,0.5,mg/L,0.1
RLW,Ammonia as N,2026-04-13 12:00:00.000+10:00,0.04,mg/L,0.01,,,RLM,Total Nitrogen as N,2026-04-13 12:00:00.000+10:00,0.7,mg/L,0.1
RLE,Ammonia as N,2026-04-13 12:00:00.000+10:00,0.11,mg/L,0.01,,,RLW,Total Nitrogen as N,2026-04-13 12:00:00.000+10:00,0.6,mg/L,0.1
RLE,Dissolved Reactive Phosphorus as P,2026-04-13 12:00:00.000+10:00,,mg/L,0.01,,,RLW,Total Nitrogen as N,2026-03-30 12:00:00.000+10:00,0.5,mg/L,0.1
RLW,Dissolved Reactive Phosphorus as P,2026-04-13 12:00:00.000+10:00,,mg/L,0.01,,,RLE,Total Nitrogen as N,2026-03-30 12:00:00.000+10:00,0.6,mg/L,0.1
RLM,Dissolved Reactive Phosphorus as P,2026-04-13 12:00:00.000+10:00,,mg/L,0.01,,,RLM,Total Nitrogen as N,2026-03-30 12:00:00.000+10:00,0.5,mg/L,0.1
RLW,Nitrate as N,2026-04-13 12:00:00.000+10:00,,mg/L,0.01,,,RLE,Total Nitrogen as N,2026-03-16 12:00:00.000+10:00,0.6,mg/L,0.1
RLE,Nitrate as N,2026-04-13 12:00:00.000+10:00,,mg/L,0.01,,,RLM,Total Nitrogen as N,2026-03-16 12:00:00.000+10:00,0.6,mg/L,0.1
RLM,Nitrate as N,2026-04-13 12:00:00.000+10:00,,mg/L,0.01,,,RLW,Total Nitrogen as N,2026-03-16 12:00:00.000+10:00,0.6,mg/L,0.1
RLE,Nitrite + Nitrate as N,2026-04-13 12:00:00.000+10:00,,mg/L,0.01,,,RLW,Total Nitrogen as N,2026-02-16 12:00:00.000+10:00,0.4,mg/L,0.1
RLW,Nitrite + Nitrate as N,2026-04-13 12:00:00.000+10:00,,mg/L,0.01,,,RLM,Total Nitrogen as N,2026-02-16 12:00:00.000+10:00,0.5,mg/L,0.1
RLM,Nitrite + Nitrate as N,2026-04-13 12:00:00.000+10:00,,mg/L,0.01,,,RLE,Total Nitrogen as N,2026-02-16 12:00:00.000+10:00,0.6,mg/L,0.1
RLE,Nitrite as N,2026-04-13 12:00:00.000+10:00,,mg/L,0.01,,,RLW,Total Nitrogen as N,2026-01-19 12:00:00.000+10:00,0.5,mg/L,0.1
RLW,Nitrite as N,2026-04-13 12:00:00.000+10:00,,mg/L,0.01,,,RLM,Total Nitrogen as N,2026-01-19 12:00:00.000+10:00,0.6,mg/L,0.1
RLM,Nitrite as N,2026-04-13 12:00:00.000+10:00,,mg/L,0.01,,,RLE,Total Nitrogen as N,2026-01-19 12:00:00.000+10:00,0.6,mg/L,0.1
RLM,Total Kjeldahl Nitrogen as N,2026-04-13 12:00:00.000+10:00,0.7,mg/L,0.1,,,RLM,Total Nitrogen as N,2025-11-24 12:00:00.000+10:00,0.4,mg/L,0.1
RLW,Total Kjeldahl Nitrogen as N,2026-04-13 12:00:00.000+10:00,0.6,mg/L,0.1,,,RLW,Total Nitrogen as N,2025-11-24 12:00:00.000+10:00,0.4,mg/L,0.1
RLE,Total Kjeldahl Nitrogen as N,2026-04-13 12:00:00.000+10:00,0.5,mg/L,0.1,,,RLE,Total Nitrogen as N,2025-11-24 12:00:00.000+10:00,0.4,mg/L,0.1
RLE,Total Nitrogen as N,2026-04-13 12:00:00.000+10:00,0.5,mg/L,0.1,,,,,,,,
RLM,Total Nitrogen as N,2026-04-13 12:00:00.000+10:00,0.7,mg/L,0.1,,,,,,,,
RLW,Total Nitrogen as N,2026-04-13 12:00:00.000+10:00,0.6,mg/L,0.1,,,,,,,,
RLE,Total Phosphorus as P,2026-04-13 12:00:00.000+10:00,0.02,mg/L,0.01,,,,,,,,
RLW,Total Phosphorus as P,2026-04-13 12:00:00.000+10:00,0.04,mg/L,0.01,,,,,,,,
RLM,Total Phosphorus as P,2026-04-13 12:00:00.000+10:00,0.03,mg/L,0.01,,,,,,,,
RLE,Total suspended solids,2026-04-13 12:00:00.000+10:00,,mg/L,5,,,,,,,,
RLM,Total suspended solids,2026-04-13 12:00:00.000+10:00,,mg/L,5,,,,,,,,
RLW,Total suspended solids,2026-04-13 12:00:00.000+10:00,5,mg/L,5,,,,,,,,
RLM,Ammonia as N,2026-03-30 12:00:00.000+10:00,0.11,mg/L,0.01,,,RLW,Total Nitrogen as N,2025-09-29 12:00:00.000+10:00,0.4,mg/L,0.1
RLE,Ammonia as N,2026-03-30 12:00:00.000+10:00,0.13,mg/L,0.01,,,RLE,Total Nitrogen as N,2025-09-29 12:00:00.000+10:00,0.4,mg/L,0.1
RLW,Ammonia as N,2026-03-30 12:00:00.000+10:00,0.11,mg/L,0.01,,,RLM,Total Nitrogen as N,2025-09-29 12:00:00.000+10:00,0.5,mg/L,0.1
RLE,Dissolved Reactive Phosphorus as P,2026-03-30 12:00:00.000+10:00,,mg/L,0.01,,,RLE,Total Nitrogen as N,2025-09-15 12:00:00.000+10:00,0.5,mg/L,0.1
RLM,Dissolved Reactive Phosphorus as P,2026-03-30 12:00:00.000+10:00,,mg/L,0.01,,,RLW,Total Nitrogen as N,2025-09-15 12:00:00.000+10:00,0.4,mg/L,0.1
RLW,Dissolved Reactive Phosphorus as P,2026-03-30 12:00:00.000+10:00,,mg/L,0.01,,,RLM,Total Nitrogen as N,2025-09-15 12:00:00.000+10:00,0.5,mg/L,0.1
RLE,Nitrate as N,2026-03-30 12:00:00.000+10:00,,mg/L,0.01,,,RLW,Total Nitrogen as N,2025-09-01 12:00:00.000+10:00,0.6,mg/L,0.1
RLM,Nitrate as N,2026-03-30 12:00:00.000+10:00,0.03,mg/L,0.01,,,RLM,Total Nitrogen as N,2025-09-01 12:00:00.000+10:00,0.6,mg/L,0.1
RLW,Nitrate as N,2026-03-30 12:00:00.000+10:00,0.02,mg/L,0.01,,,RLE,Total Nitrogen as N,2025-09-01 12:00:00.000+10:00,0.6,mg/L,0.1
RLE,Nitrite + Nitrate as N,2026-03-30 12:00:00.000+10:00,,mg/L,0.01,,,RLM,Total Nitrogen as N,2025-08-04 12:00:00.000+10:00,0.5,mg/L,0.1
RLM,Nitrite + Nitrate as N,2026-03-30 12:00:00.000+10:00,0.03,mg/L,0.01,,,RLW,Total Nitrogen as N,2025-08-04 12:00:00.000+10:00,0.5,mg/L,0.1
RLW,Nitrite + Nitrate as N,2026-03-30 12:00:00.000+10:00,0.02,mg/L,0.01,,,RLE,Total Nitrogen as N,2025-08-04 12:00:00.000+10:00,0.7,mg/L,0.1
RLW,Nitrite as N,2026-03-30 12:00:00.000+10:00,,mg/L,0.01,,,RLE,Total Nitrogen as N,2025-07-07 12:00:00.000+10:00,0.6,mg/L,0.1
RLM,Nitrite as N,2026-03-30 12:00:00.000+10:00,,mg/L,0.01,,,RLM,Total Nitrogen as N,2025-07-07 12:00:00.000+10:00,0.6,mg/L,0.1
RLE,Nitrite as N,2026-03-30 12:00:00.000+10:00,,mg/L,0.01,,,RLW,Total Nitrogen as N,2025-07-07 12:00:00.000+10:00,0.7,mg/L,0.1
RLW,Total Kjeldahl Nitrogen as N,2026-03-30 12:00:00.000+10:00,0.5,mg/L,0.1,,,RLW,Total Nitrogen as N,2025-06-02 12:00:00.000+10:00,0.5,mg/L,0.1
RLM,Total Kjeldahl Nitrogen as N,2026-03-30 12:00:00.000+10:00,0.5,mg/L,0.1,,,RLE,Total Nitrogen as N,2025-06-02 12:00:00.000+10:00,0.5,mg/L,0.1
RLE,Total Kjeldahl Nitrogen as N,2026-03-30 12:00:00.000+10:00,0.6,mg/L,0.1,,,RLM,Total Nitrogen as N,2025-06-02 12:00:00.000+10:00,0.6,mg/L,0.1
RLW,Total Nitrogen as N,2026-03-30 12:00:00.000+10:00,0.5,mg/L,0.1,,,,,,,,
RLE,Total Nitrogen as N,2026-03-30 12:00:00.000+10:00,0.6,mg/L,0.1,,,,,,,,
RLM,Total Nitrogen as N,2026-03-30 12:00:00.000+10:00,0.5,mg/L,0.1,,,,,,,,
RLM,Total Phosphorus as P,2026-03-30 12:00:00.000+10:00,0.02,mg/L,0.01,,,,,,,,
RLE,Total Phosphorus as P,2026-03-30 12:00:00.000+10:00,0.02,mg/L,0.01,,,,,,,,
RLW,Total Phosphorus as P,2026-03-30 12:00:00.000+10:00,,mg/L,0.01,,,,,,,,
RLM,Total suspended solids,2026-03-30 12:00:00.000+10:00,5,mg/L,5,,,,,,,,
RLW,Total suspended solids,2026-03-30 12:00:00.000+10:00,,mg/L,5,,,,,,,,
RLE,Total suspended solids,2026-03-30 12:00:00.000+10:00,6,mg/L,5,,,,,,,,
RLE,Ammonia as N,2026-03-16 12:00:00.000+10:00,0.01,mg/L,0.01,,,RLW,Total Nitrogen as N,2025-04-14 12:00:00.000+10:00,0.7,mg/L,0.1
RLM,Ammonia as N,2026-03-16 12:00:00.000+10:00,0.03,mg/L,0.01,,,RLE,Total Nitrogen as N,2025-04-14 12:00:00.000+10:00,0.6,mg/L,0.1
RLW,Ammonia as N,2026-03-16 12:00:00.000+10:00,0.01,mg/L,0.01,,,RLM,Total Nitrogen as N,2025-04-14 12:00:00.000+10:00,0.6,mg/L,0.1
RLW,Dissolved Reactive Phosphorus as P,2026-03-16 12:00:00.000+10:00,,mg/L,0.01,,,RLW,Total Nitrogen as N,2025-03-31 12:00:00.000+10:00,0.5,mg/L,0.1
RLE,Dissolved Reactive Phosphorus as P,2026-03-16 12:00:00.000+10:00,,mg/L,0.01,,,RLE,Total Nitrogen as N,2025-03-31 12:00:00.000+10:00,1.2,mg/L,0.1
RLM,Dissolved Reactive Phosphorus as P,2026-03-16 12:00:00.000+10:00,,mg/L,0.01,,,RLM,Total Nitrogen as N,2025-03-31 12:00:00.000+10:00,0.6,mg/L,0.1
RLM,Nitrate as N,2026-03-16 12:00:00.000+10:00,,mg/L,0.01,,,RLM,Total Nitrogen as N,2025-03-17 12:00:00.000+10:00,0.5,mg/L,0.1
RLW,Nitrate as N,2026-03-16 12:00:00.000+10:00,,mg/L,0.01,,,RLE,Total Nitrogen as N,2025-03-17 12:00:00.000+10:00,0.5,mg/L,0.1
RLE,Nitrate as N,2026-03-16 12:00:00.000+10:00,0.03,mg/L,0.01,,,RLW,Total Nitrogen as N,2025-03-17 12:00:00.000+10:00,0.5,mg/L,0.1
RLW,Nitrite + Nitrate as N,2026-03-16 12:00:00.000+10:00,,mg/L,0.01,,,RLM,Total Nitrogen as N,2025-03-03 12:00:00.000+10:00,0.5,mg/L,0.1
RLM,Nitrite + Nitrate as N,2026-03-16 12:00:00.000+10:00,,mg/L,0.01,,,RLE,Total Nitrogen as N,2025-03-03 12:00:00.000+10:00,0.6,mg/L,0.1
RLE,Nitrite + Nitrate as N,2026-03-16 12:00:00.000+10:00,0.03,mg/L,0.01,,,RLW,Total Nitrogen as N,2025-03-03 12:00:00.000+10:00,0.4,mg/L,0.1
RLE,Nitrite as N,2026-03-16 12:00:00.000+10:00,,mg/L,0.01,,,RLW,Total Nitrogen as N,2025-03-02 12:00:00.000+11:00,0.6,mg/L,0.1
RLW,Nitrite as N,2026-03-16 12:00:00.000+10:00,,mg/L,0.01,,,RLM,Total Nitrogen as N,2025-03-02 12:00:00.000+11:00,0.6,mg/L,0.1
RLM,Nitrite as N,2026-03-16 12:00:00.000+10:00,,mg/L,0.01,,,RLE,Total Nitrogen as N,2025-03-02 12:00:00.000+11:00,0.5,mg/L,0.1
RLM,Total Kjeldahl Nitrogen as N,2026-03-16 12:00:00.000+10:00,0.6,mg/L,0.1,,,RLE,Total Nitrogen as N,2025-02-17 12:00:00.000+10:00,0.5,mg/L,0.1
RLE,Total Kjeldahl Nitrogen as N,2026-03-16 12:00:00.000+10:00,0.6,mg/L,0.1,,,RLM,Total Nitrogen as N,2025-02-17 12:00:00.000+10:00,0.5,mg/L,0.1
RLW,Total Kjeldahl Nitrogen as N,2026-03-16 12:00:00.000+10:00,0.6,mg/L,0.1,,,RLW,Total Nitrogen as N,2025-02-17 12:00:00.000+10:00,0.5,mg/L,0.1
RLE,Total Nitrogen as N,2026-03-16 12:00:00.000+10:00,0.6,mg/L,0.1,,,,,,,,
RLM,Total Nitrogen as N,2026-03-16 12:00:00.000+10:00,0.6,mg/L,0.1,,,,,,,,
RLW,Total Nitrogen as N,2026-03-16 12:00:00.000+10:00,0.6,mg/L,0.1,,,,,,,,
RLE,Total Phosphorus as P,2026-03-16 12:00:00.000+10:00,0.03,mg/L,0.01,,,,,,,,
RLM,Total Phosphorus as P,2026-03-16 12:00:00.000+10:00,0.03,mg/L,0.01,,,,,,,,
RLW,Total Phosphorus as P,2026-03-16 12:00:00.000+10:00,0.02,mg/L,0.01,,,,,,,,
RLE,Total suspended solids,2026-03-16 12:00:00.000+10:00,,mg/L,5,,,,,,,,
RLM,Total suspended solids,2026-03-16 12:00:00.000+10:00,,mg/L,5,,,,,,,,
RLW,Total suspended solids,2026-03-16 12:00:00.000+10:00,,mg/L,5,,,,,,,,
RLW,Ammonia as N,2026-02-16 12:00:00.000+10:00,0.09,mg/L,0.01,,,RLM,Total Nitrogen as N,2024-12-23 12:00:00.000+10:00,0.4,mg/L,0.1
RLM,Ammonia as N,2026-02-16 12:00:00.000+10:00,0.09,mg/L,0.01,,,RLW,Total Nitrogen as N,2024-12-23 12:00:00.000+10:00,0.4,mg/L,0.1
RLE,Ammonia as N,2026-02-16 12:00:00.000+10:00,0.12,mg/L,0.01,,,RLE,Total Nitrogen as N,2024-12-23 12:00:00.000+10:00,0.5,mg/L,0.1
RLE,Dissolved Reactive Phosphorus as P,2026-02-16 12:00:00.000+10:00,,mg/L,0.01,,,RLW,Total Nitrogen as N,2024-12-09 12:00:00.000+10:00,0.5,mg/L,0.1
RLM,Dissolved Reactive Phosphorus as P,2026-02-16 12:00:00.000+10:00,,mg/L,0.01,,,RLM,Total Nitrogen as N,2024-12-09 12:00:00.000+10:00,0.5,mg/L,0.1
RLW,Dissolved Reactive Phosphorus as P,2026-02-16 12:00:00.000+10:00,,mg/L,0.01,,,RLE,Total Nitrogen as N,2024-12-09 12:00:00.000+10:00,0.5,mg/L,0.1
RLE,Nitrate as N,2026-02-16 12:00:00.000+10:00,,mg/L,0.01,,,RLM,Total Nitrogen as N,2024-11-25 12:00:00.000+10:00,0.5,mg/L,0.1
RLM,Nitrate as N,2026-02-16 12:00:00.000+10:00,,mg/L,0.01,,,RLW,Total Nitrogen as N,2024-11-25 12:00:00.000+10:00,0.5,mg/L,0.1
RLW,Nitrate as N,2026-02-16 12:00:00.000+10:00,,mg/L,0.01,,,RLE,Total Nitrogen as N,2024-11-25 12:00:00.000+10:00,0.5,mg/L,0.1
RLW,Nitrite + Nitrate as N,2026-02-16 12:00:00.000+10:00,,mg/L,0.01,,,RLW,Total Nitrogen as N,2024-11-11 12:00:00.000+11:00,0.5,mg/L,0.1
RLE,Nitrite + Nitrate as N,2026-02-16 12:00:00.000+10:00,,mg/L,0.01,,,RLM,Total Nitrogen as N,2024-11-11 12:00:00.000+11:00,0.5,mg/L,0.1
RLM,Nitrite + Nitrate as N,2026-02-16 12:00:00.000+10:00,,mg/L,0.01,,,RLE,Total Nitrogen as N,2024-11-11 12:00:00.000+11:00,0.5,mg/L,0.1
RLM,Nitrite as N,2026-02-16 12:00:00.000+10:00,,mg/L,0.01,,,RLW,Total Nitrogen as N,2024-11-11 12:00:00.000+10:00,0.5,mg/L,0.1
RLE,Nitrite as N,2026-02-16 12:00:00.000+10:00,,mg/L,0.01,,,RLE,Total Nitrogen as N,2024-11-11 12:00:00.000+10:00,0.5,mg/L,0.1
RLW,Nitrite as N,2026-02-16 12:00:00.000+10:00,,mg/L,0.01,,,RLM,Total Nitrogen as N,2024-11-11 12:00:00.000+10:00,0.5,mg/L,0.1
RLE,Total Kjeldahl Nitrogen as N,2026-02-16 12:00:00.000+10:00,0.6,mg/L,0.1,,,RLM,Total Nitrogen as N,2024-10-28 12:00:00.000+10:00,0.8,mg/L,0.1
RLW,Total Kjeldahl Nitrogen as N,2026-02-16 12:00:00.000+10:00,0.4,mg/L,0.1,,,RLE,Total Nitrogen as N,2024-10-28 12:00:00.000+10:00,0.6,mg/L,0.1
RLM,Total Kjeldahl Nitrogen as N,2026-02-16 12:00:00.000+10:00,0.5,mg/L,0.1,,,RLW,Total Nitrogen as N,2024-10-28 12:00:00.000+10:00,0.5,mg/L,0.1
RLW,Total Nitrogen as N,2026-02-16 12:00:00.000+10:00,0.4,mg/L,0.1,,,,,,,,
RLM,Total Nitrogen as N,2026-02-16 12:00:00.000+10:00,0.5,mg/L,0.1,,,,,,,,
RLE,Total Nitrogen as N,2026-02-16 12:00:00.000+10:00,0.6,mg/L,0.1,,,,,,,,
RLW,Total Phosphorus as P,2026-02-16 12:00:00.000+10:00,0.03,mg/L,0.01,,,,,,,,
RLE,Total Phosphorus as P,2026-02-16 12:00:00.000+10:00,0.04,mg/L,0.01,,,,,,,,
RLM,Total Phosphorus as P,2026-02-16 12:00:00.000+10:00,0.04,mg/L,0.01,,,,,,,,
RLM,Total suspended solids,2026-02-16 12:00:00.000+10:00,8,mg/L,5,,,,,,,,
RLE,Total suspended solids,2026-02-16 12:00:00.000+10:00,6,mg/L,5,,,,,,,,
RLW,Total suspended solids,2026-02-16 12:00:00.000+10:00,5,mg/L,5,,,,,,,,
RLM,Ammonia as N,2026-01-19 12:00:00.000+10:00,0.07,mg/L,0.01,,,RLW,Total Nitrogen as N,2024-09-12 12:00:00.000+11:00,0.5,mg/L,0.1
RLE,Ammonia as N,2026-01-19 12:00:00.000+10:00,0.11,mg/L,0.01,,,RLM,Total Nitrogen as N,2024-09-12 12:00:00.000+11:00,0.5,mg/L,0.1
RLW,Ammonia as N,2026-01-19 12:00:00.000+10:00,0.05,mg/L,0.01,,,RLE,Total Nitrogen as N,2024-09-12 12:00:00.000+11:00,0.5,mg/L,0.1
RLM,Dissolved Reactive Phosphorus as P,2026-01-19 12:00:00.000+10:00,,mg/L,0.01,,,RLW,Total Nitrogen as N,2024-09-02 12:00:00.000+11:00,0.6,mg/L,0.1
RLW,Dissolved Reactive Phosphorus as P,2026-01-19 12:00:00.000+10:00,,mg/L,0.01,,,RLM,Total Nitrogen as N,2024-09-02 12:00:00.000+11:00,0.6,mg/L,0.1
RLE,Dissolved Reactive Phosphorus as P,2026-01-19 12:00:00.000+10:00,,mg/L,0.01,,,RLE,Total Nitrogen as N,2024-09-02 12:00:00.000+11:00,0.6,mg/L,0.1
RLE,Nitrate as N,2026-01-19 12:00:00.000+10:00,,mg/L,0.01,,,RLE,Total Nitrogen as N,2024-09-02 12:00:00.000+10:00,0.6,mg/L,0.1
RLW,Nitrate as N,2026-01-19 12:00:00.000+10:00,,mg/L,0.01,,,RLM,Total Nitrogen as N,2024-09-02 12:00:00.000+10:00,0.6,mg/L,0.1
RLM,Nitrate as N,2026-01-19 12:00:00.000+10:00,,mg/L,0.01,,,RLW,Total Nitrogen as N,2024-09-02 12:00:00.000+10:00,0.6,mg/L,0.1
RLM,Nitrite + Nitrate as N,2026-01-19 12:00:00.000+10:00,,mg/L,0.01,,,RLW,Total Nitrogen as N,2024-08-05 12:00:00.000+10:00,1,mg/L,0.1
RLW,Nitrite + Nitrate as N,2026-01-19 12:00:00.000+10:00,,mg/L,0.01,,,RLM,Total Nitrogen as N,2024-08-05 12:00:00.000+10:00,0.9,mg/L,0.1
RLE,Nitrite + Nitrate as N,2026-01-19 12:00:00.000+10:00,,mg/L,0.01,,,RLE,Total Nitrogen as N,2024-08-05 12:00:00.000+10:00,0.7,mg/L,0.1
RLW,Nitrite as N,2026-01-19 12:00:00.000+10:00,,mg/L,0.01,,,RLE,Total Nitrogen as N,2024-07-01 12:00:00.000+10:00,0.8,mg/L,0.1
RLE,Nitrite as N,2026-01-19 12:00:00.000+10:00,,mg/L,0.01,,,RLM,Total Nitrogen as N,2024-07-01 12:00:00.000+10:00,0.6,mg/L,0.1
RLM,Nitrite as N,2026-01-19 12:00:00.000+10:00,,mg/L,0.01,,,RLW,Total Nitrogen as N,2024-07-01 12:00:00.000+10:00,0.8,mg/L,0.1
RLE,Total Kjeldahl Nitrogen as N,2026-01-19 12:00:00.000+10:00,0.6,mg/L,0.1,,,RLE,Total Nitrogen as N,2024-06-03 12:00:00.000+10:00,0.8,mg/L,0.1
RLW,Total Kjeldahl Nitrogen as N,2026-01-19 12:00:00.000+10:00,0.5,mg/L,0.1,,,RLW,Total Nitrogen as N,2024-06-03 12:00:00.000+10:00,0.6,mg/L,0.1
RLM,Total Kjeldahl Nitrogen as N,2026-01-19 12:00:00.000+10:00,0.6,mg/L,0.1,,,RLM,Total Nitrogen as N,2024-06-03 12:00:00.000+10:00,0.6,mg/L,0.1
RLW,Total Nitrogen as N,2026-01-19 12:00:00.000+10:00,0.5,mg/L,0.1,,,,,,,,
RLM,Total Nitrogen as N,2026-01-19 12:00:00.000+10:00,0.6,mg/L,0.1,,,,,,,,
RLE,Total Nitrogen as N,2026-01-19 12:00:00.000+10:00,0.6,mg/L,0.1,,,,,,,,
RLM,Total Phosphorus as P,2026-01-19 12:00:00.000+10:00,0.03,mg/L,0.01,,,,,,,,
RLW,Total Phosphorus as P,2026-01-19 12:00:00.000+10:00,0.01,mg/L,0.01,,,,,,,,
RLE,Total Phosphorus as P,2026-01-19 12:00:00.000+10:00,0.04,mg/L,0.01,,,,,,,,
RLM,Total suspended solids,2026-01-19 12:00:00.000+10:00,,mg/L,5,,,,,,,,
RLE,Total suspended solids,2026-01-19 12:00:00.000+10:00,7,mg/L,5,,,,,,,,
RLW,Total suspended solids,2026-01-19 12:00:00.000+10:00,,mg/L,5,,,,,,,,
RLW,Ammonia as N,2025-11-24 12:00:00.000+10:00,0.02,mg/L,0.01,,,RLW,Total Nitrogen as N,2024-04-03 12:00:00.000+10:00,0.5,mg/L,0.1
RLM,Ammonia as N,2025-11-24 12:00:00.000+10:00,0.01,mg/L,0.01,,,RLM,Total Nitrogen as N,2024-04-03 12:00:00.000+10:00,0.6,mg/L,0.1
RLE,Ammonia as N,2025-11-24 12:00:00.000+10:00,0.01,mg/L,0.01,,,RLE,Total Nitrogen as N,2024-04-03 12:00:00.000+10:00,0.5,mg/L,0.1
RLM,Dissolved Reactive Phosphorus as P,2025-11-24 12:00:00.000+10:00,,mg/L,0.01,,,RLW,Total Nitrogen as N,2024-04-02 12:00:00.000+10:00,0.6,mg/L,0.1
RLW,Dissolved Reactive Phosphorus as P,2025-11-24 12:00:00.000+10:00,,mg/L,0.01,,,RLM,Total Nitrogen as N,2024-04-02 12:00:00.000+10:00,0.6,mg/L,0.1
RLE,Dissolved Reactive Phosphorus as P,2025-11-24 12:00:00.000+10:00,,mg/L,0.01,,,RLE,Total Nitrogen as N,2024-04-02 12:00:00.000+10:00,0.6,mg/L,0.1
RLM,Nitrate as N,2025-11-24 12:00:00.000+10:00,,mg/L,0.01,,,RLE,Total Nitrogen as N,2024-03-18 12:00:00.000+10:00,0.6,mg/L,0.1
RLE,Nitrate as N,2025-11-24 12:00:00.000+10:00,,mg/L,0.01,,,RLW,Total Nitrogen as N,2024-03-18 12:00:00.000+10:00,0.6,mg/L,0.1
RLW,Nitrate as N,2025-11-24 12:00:00.000+10:00,,mg/L,0.01,,,RLM,Total Nitrogen as N,2024-03-18 12:00:00.000+10:00,0.5,mg/L,0.1
RLM,Nitrite + Nitrate as N,2025-11-24 12:00:00.000+10:00,,mg/L,0.01,,,RLW,Total Nitrogen as N,2024-03-04 12:00:00.000+10:00,0.5,mg/L,0.1
RLE,Nitrite + Nitrate as N,2025-11-24 12:00:00.000+10:00,,mg/L,0.01,,,RLE,Total Nitrogen as N,2024-03-04 12:00:00.000+10:00,0.5,mg/L,0.1
RLW,Nitrite + Nitrate as N,2025-11-24 12:00:00.000+10:00,,mg/L,0.01,,,RLM,Total Nitrogen as N,2024-03-04 12:00:00.000+10:00,0.6,mg/L,0.1
RLE,Nitrite as N,2025-11-24 12:00:00.000+10:00,,mg/L,0.01,,,RLM,Total Nitrogen as N,2024-02-19 12:00:00.000+10:00,0.7,mg/L,0.1
RLW,Nitrite as N,2025-11-24 12:00:00.000+10:00,,mg/L,0.01,,,RLE,Total Nitrogen as N,2024-02-19 12:00:00.000+10:00,0.8,mg/L,0.1
RLM,Nitrite as N,2025-11-24 12:00:00.000+10:00,,mg/L,0.01,,,RLW,Total Nitrogen as N,2024-02-19 12:00:00.000+10:00,0.8,mg/L,0.1
RLW,Total Kjeldahl Nitrogen as N,2025-11-24 12:00:00.000+10:00,0.4,mg/L,0.1,,,RLE,Total Nitrogen as N,2024-02-09 12:00:00.000+11:00,0.6,mg/L,0.1
RLM,Total Kjeldahl Nitrogen as N,2025-11-24 12:00:00.000+10:00,0.4,mg/L,0.1,,,RLW,Total Nitrogen as N,2024-02-09 12:00:00.000+11:00,0.6,mg/L,0.1
RLE,Total Kjeldahl Nitrogen as N,2025-11-24 12:00:00.000+10:00,0.4,mg/L,0.1,,,RLM,Total Nitrogen as N,2024-02-09 12:00:00.000+11:00,0.6,mg/L,0.1
RLM,Total Nitrogen as N,2025-11-24 12:00:00.000+10:00,0.4,mg/L,0.1,,,,,,,,
RLW,Total Nitrogen as N,2025-11-24 12:00:00.000+10:00,0.4,mg/L,0.1,,,,,,,,
RLE,Total Nitrogen as N,2025-11-24 12:00:00.000+10:00,0.4,mg/L,0.1,,,,,,,,
RLM,Total Phosphorus as P,2025-11-24 12:00:00.000+10:00,0.02,mg/L,0.01,,,,,,,,
RLW,Total Phosphorus as P,2025-11-24 12:00:00.000+10:00,0.03,mg/L,0.01,,,,,,,,
RLE,Total Phosphorus as P,2025-11-24 12:00:00.000+10:00,0.02,mg/L,0.01,,,,,,,,
RLM,Total suspended solids,2025-11-24 12:00:00.000+10:00,,mg/L,5,,,,,,,,
RLW,Total suspended solids,2025-11-24 12:00:00.000+10:00,,mg/L,5,,,,,,,,
RLE,Total suspended solids,2025-11-24 12:00:00.000+10:00,,mg/L,5,,,,,,,,
RLM,Ammonia as N,2025-11-10 12:00:00.000+10:00,0.01,mg/L,0.01,,,RLM,Total Nitrogen as N,2023-12-27 12:00:00.000+10:00,0.5,mg/L,0.1
RLE,Ammonia as N,2025-11-10 12:00:00.000+10:00,0.01,mg/L,0.01,,,RLW,Total Nitrogen as N,2023-12-27 12:00:00.000+10:00,0.4,mg/L,0.1
RLW,Ammonia as N,2025-11-10 12:00:00.000+10:00,,mg/L,0.01,,,RLE,Total Nitrogen as N,2023-12-27 12:00:00.000+10:00,0.5,mg/L,0.1
RLE,Dissolved Reactive Phosphorus as P,2025-11-10 12:00:00.000+10:00,,mg/L,0.01,,,RLE,Total Nitrogen as N,2023-12-11 12:00:00.000+10:00,0.4,mg/L,0.1
RLW,Dissolved Reactive Phosphorus as P,2025-11-10 12:00:00.000+10:00,,mg/L,0.01,,,RLM,Total Nitrogen as N,2023-12-11 12:00:00.000+10:00,0.5,mg/L,0.1
RLM,Dissolved Reactive Phosphorus as P,2025-11-10 12:00:00.000+10:00,,mg/L,0.01,,,RLW,Total Nitrogen as N,2023-12-11 12:00:00.000+10:00,0.5,mg/L,0.1
RLE,Nitrate as N,2025-11-10 12:00:00.000+10:00,,mg/L,0.01,,,RLW,Total Nitrogen as N,2023-11-27 12:00:00.000+10:00,0.4,mg/L,0.1
RLW,Nitrate as N,2025-11-10 12:00:00.000+10:00,,mg/L,0.01,,,RLM,Total Nitrogen as N,2023-11-27 12:00:00.000+10:00,0.4,mg/L,0.1
RLM,Nitrate as N,2025-11-10 12:00:00.000+10:00,,mg/L,0.01,,,RLE,Total Nitrogen as N,2023-11-27 12:00:00.000+10:00,0.4,mg/L,0.1
RLE,Nitrite + Nitrate as N,2025-11-10 12:00:00.000+10:00,,mg/L,0.01,,,RLE,Total Nitrogen as N,2023-11-13 12:00:00.000+10:00,0.5,mg/L,0.1
RLM,Nitrite + Nitrate as N,2025-11-10 12:00:00.000+10:00,,mg/L,0.01,,,RLM,Total Nitrogen as N,2023-11-13 12:00:00.000+10:00,0.4,mg/L,0.1
RLW,Nitrite + Nitrate as N,2025-11-10 12:00:00.000+10:00,,mg/L,0.01,,,RLW,Total Nitrogen as N,2023-11-13 12:00:00.000+10:00,0.5,mg/L,0.1
RLW,Nitrite as N,2025-11-10 12:00:00.000+10:00,,mg/L,0.01,,,RLW,Total Nitrogen as N,2023-10-31 12:00:00.000+10:00,0.4,mg/L,0.1
RLM,Nitrite as N,2025-11-10 12:00:00.000+10:00,,mg/L,0.01,,,RLM,Total Nitrogen as N,2023-10-31 12:00:00.000+10:00,0.3,mg/L,0.1
RLE,Nitrite as N,2025-11-10 12:00:00.000+10:00,,mg/L,0.01,,,RLE,Total Nitrogen as N,2023-10-31 12:00:00.000+10:00,0.3,mg/L,0.1
RLM,Total Kjeldahl Nitrogen as N,2025-11-10 12:00:00.000+10:00,0.4,mg/L,0.1,,,RLE,Total Nitrogen as N,2023-10-16 12:00:00.000+10:00,0.4,mg/L,0.1
RLW,Total Kjeldahl Nitrogen as N,2025-11-10 12:00:00.000+10:00,0.4,mg/L,0.1,,,RLM,Total Nitrogen as N,2023-10-16 12:00:00.000+10:00,0.4,mg/L,0.1
RLE,Total Kjeldahl Nitrogen as N,2025-11-10 12:00:00.000+10:00,0.4,mg/L,0.1,,,RLW,Total Nitrogen as N,2023-10-16 12:00:00.000+10:00,0.4,mg/L,0.1
RLM,Total Nitrogen as N,2025-11-10 12:00:00.000+10:00,0.4,mg/L,0.1,,,,,,,,
RLW,Total Nitrogen as N,2025-11-10 12:00:00.000+10:00,0.4,mg/L,0.1,,,,,,,,
RLE,Total Nitrogen as N,2025-11-10 12:00:00.000+10:00,0.4,mg/L,0.1,,,,,,,,
RLE,Total Phosphorus as P,2025-11-10 12:00:00.000+10:00,0.02,mg/L,0.01,,,,,,,,
RLM,Total Phosphorus as P,2025-11-10 12:00:00.000+10:00,0.04,mg/L,0.01,,,,,,,,
RLW,Total Phosphorus as P,2025-11-10 12:00:00.000+10:00,0.02,mg/L,0.01,,,,,,,,
RLW,Total suspended solids,2025-11-10 12:00:00.000+10:00,,mg/L,5,,,,,,,,
RLM,Total suspended solids,2025-11-10 12:00:00.000+10:00,,mg/L,5,,,,,,,,
RLE,Total suspended solids,2025-11-10 12:00:00.000+10:00,,mg/L,5,,,,,,,,
RLM,Ammonia as N,2025-10-27 12:00:00.000+10:00,0.02,mg/L,0.01,,,RLM,Total Nitrogen as N,2023-08-01 12:00:00.000+10:00,0.5,mg/L,0.1
RLE,Ammonia as N,2025-10-27 12:00:00.000+10:00,,mg/L,0.01,,,RLE,Total Nitrogen as N,2023-08-01 12:00:00.000+10:00,0.5,mg/L,0.1
RLW,Ammonia as N,2025-10-27 12:00:00.000+10:00,,mg/L,0.01,,,RLW,Total Nitrogen as N,2023-08-01 12:00:00.000+10:00,0.5,mg/L,0.1
RLE,Dissolved Reactive Phosphorus as P,2025-10-27 12:00:00.000+10:00,0.02,mg/L,0.01,,,RLM,Total Nitrogen as N,2023-07-03 12:00:00.000+10:00,0.6,mg/L,0.1
RLW,Dissolved Reactive Phosphorus as P,2025-10-27 12:00:00.000+10:00,,mg/L,0.01,,,RLW,Total Nitrogen as N,2023-07-03 12:00:00.000+10:00,0.5,mg/L,0.1
RLM,Dissolved Reactive Phosphorus as P,2025-10-27 12:00:00.000+10:00,,mg/L,0.01,,,RLE,Total Nitrogen as N,2023-07-03 12:00:00.000+10:00,0.5,mg/L,0.1
RLE,Nitrate as N,2025-10-27 12:00:00.000+10:00,,mg/L,0.01,,,RLE,Total Nitrogen as N,2023-06-05 12:00:00.000+10:00,0.4,mg/L,0.1
RLW,Nitrate as N,2025-10-27 12:00:00.000+10:00,,mg/L,0.01,,,RLM,Total Nitrogen as N,2023-06-05 12:00:00.000+10:00,0.5,mg/L,0.1
RLM,Nitrate as N,2025-10-27 12:00:00.000+10:00,,mg/L,0.01,,,RLW,Total Nitrogen as N,2023-06-05 12:00:00.000+10:00,0.3,mg/L,0.1
RLE,Nitrite + Nitrate as N,2025-10-27 12:00:00.000+10:00,,mg/L,0.01,,,RLE,Total Nitrogen as N,2023-05-03 12:00:00.000+10:00,0.7,mg/L,0.1
RLM,Nitrite + Nitrate as N,2025-10-27 12:00:00.000+10:00,,mg/L,0.01,,,RLW,Total Nitrogen as N,2023-05-03 12:00:00.000+10:00,0.5,mg/L,0.1
RLW,Nitrite + Nitrate as N,2025-10-27 12:00:00.000+10:00,,mg/L,0.01,,,RLM,Total Nitrogen as N,2023-05-03 12:00:00.000+10:00,0.5,mg/L,0.1
RLE,Nitrite as N,2025-10-27 12:00:00.000+10:00,,mg/L,0.01,,,RLE,Total Nitrogen as N,2023-04-17 12:00:00.000+10:00,0.6,mg/L,0.1
RLW,Nitrite as N,2025-10-27 12:00:00.000+10:00,,mg/L,0.01,,,RLW,Total Nitrogen as N,2023-04-17 12:00:00.000+10:00,0.5,mg/L,0.1
RLM,Nitrite as N,2025-10-27 12:00:00.000+10:00,,mg/L,0.01,,,RLM,Total Nitrogen as N,2023-04-17 12:00:00.000+10:00,0.5,mg/L,0.1
RLE,Total Kjeldahl Nitrogen as N,2025-10-27 12:00:00.000+10:00,0.4,mg/L,0.1,,,RLM,Total Nitrogen as N,2023-04-03 12:00:00.000+10:00,0.5,mg/L,0.1
RLW,Total Kjeldahl Nitrogen as N,2025-10-27 12:00:00.000+10:00,0.4,mg/L,0.1,,,RLE,Total Nitrogen as N,2023-04-03 12:00:00.000+10:00,0.5,mg/L,0.1
RLM,Total Kjeldahl Nitrogen as N,2025-10-27 12:00:00.000+10:00,0.4,mg/L,0.1,,,RLW,Total Nitrogen as N,2023-04-03 12:00:00.000+10:00,0.6,mg/L,0.1
RLW,Total Nitrogen as N,2025-10-27 12:00:00.000+10:00,0.4,mg/L,0.1,,,,,,,,
RLM,Total Nitrogen as N,2025-10-27 12:00:00.000+10:00,0.4,mg/L,0.1,,,,,,,,
RLE,Total Nitrogen as N,2025-10-27 12:00:00.000+10:00,0.4,mg/L,0.1,,,,,,,,
RLE,Total Phosphorus as P,2025-10-27 12:00:00.000+10:00,0.02,mg/L,0.01,,,,,,,,
RLM,Total Phosphorus as P,2025-10-27 12:00:00.000+10:00,,mg/L,0.01,,,,,,,,
RLW,Total Phosphorus as P,2025-10-27 12:00:00.000+10:00,0.02,mg/L,0.01,,,,,,,,
RLM,Total suspended solids,2025-10-27 12:00:00.000+10:00,6,mg/L,5,,,,,,,,
RLW,Total suspended solids,2025-10-27 12:00:00.000+10:00,,mg/L,5,,,,,,,,
RLE,Total suspended solids,2025-10-27 12:00:00.000+10:00,,mg/L,5,,,,,,,,
RLE,Ammonia as N,2025-10-13 12:00:00.000+10:00,0.08,mg/L,0.01,,,RLW,Total Nitrogen as N,2023-01-23 12:00:00.000+10:00,0.4,mg/L,0.1
RLW,Ammonia as N,2025-10-13 12:00:00.000+10:00,0.04,mg/L,0.01,,,RLM,Total Nitrogen as N,2023-01-23 12:00:00.000+10:00,0.5,mg/L,0.1
RLM,Ammonia as N,2025-10-13 12:00:00.000+10:00,0.02,mg/L,0.01,,,RLE,Total Nitrogen as N,2023-01-23 12:00:00.000+10:00,0.6,mg/L,0.1
RLW,Dissolved Reactive Phosphorus as P,2025-10-13 12:00:00.000+10:00,,mg/L,0.01,,,RLW,Total Nitrogen as N,2023-01-09 12:00:00.000+10:00,0.5,mg/L,0.1
RLM,Dissolved Reactive Phosphorus as P,2025-10-13 12:00:00.000+10:00,,mg/L,0.01,,,RLM,Total Nitrogen as N,2023-01-09 12:00:00.000+10:00,0.5,mg/L,0.1
RLE,Dissolved Reactive Phosphorus as P,2025-10-13 12:00:00.000+10:00,,mg/L,0.01,,,RLE,Total Nitrogen as N,2023-01-09 12:00:00.000+10:00,0.5,mg/L,0.1
RLM,Nitrate as N,2025-10-13 12:00:00.000+10:00,,mg/L,0.01,,,RLW,Total Nitrogen as N,2023-01-03 12:00:00.000+10:00,0.5,mg/L,0.1
RLE,Nitrate as N,2025-10-13 12:00:00.000+10:00,,mg/L,0.01,,,RLM,Total Nitrogen as N,2023-01-03 12:00:00.000+10:00,0.5,mg/L,0.1
RLW,Nitrate as N,2025-10-13 12:00:00.000+10:00,,mg/L,0.01,,,RLE,Total Nitrogen as N,2023-01-03 12:00:00.000+10:00,0.5,mg/L,0.1
RLM,Nitrite + Nitrate as N,2025-10-13 12:00:00.000+10:00,,mg/L,0.01,,,RLM,Total Nitrogen as N,2022-12-12 12:00:00.000+10:00,0.5,mg/L,0.1
RLW,Nitrite + Nitrate as N,2025-10-13 12:00:00.000+10:00,,mg/L,0.01,,,RLW,Total Nitrogen as N,2022-12-12 12:00:00.000+10:00,0.5,mg/L,0.1
RLE,Nitrite + Nitrate as N,2025-10-13 12:00:00.000+10:00,,mg/L,0.01,,,RLE,Total Nitrogen as N,2022-12-12 12:00:00.000+10:00,0.5,mg/L,0.1
RLW,Nitrite as N,2025-10-13 12:00:00.000+10:00,,mg/L,0.01,,,RLW,Total Nitrogen as N,2022-11-28 12:00:00.000+10:00,0.4,mg/L,0.1
RLE,Nitrite as N,2025-10-13 12:00:00.000+10:00,,mg/L,0.01,,,RLE,Total Nitrogen as N,2022-11-28 12:00:00.000+10:00,0.5,mg/L,0.1
RLM,Nitrite as N,2025-10-13 12:00:00.000+10:00,,mg/L,0.01,,,RLM,Total Nitrogen as N,2022-11-28 12:00:00.000+10:00,0.5,mg/L,0.1
RLW,Total Kjeldahl Nitrogen as N,2025-10-13 12:00:00.000+10:00,0.4,mg/L,0.1,,,RLE,Total Nitrogen as N,2022-11-14 12:00:00.000+10:00,0.5,mg/L,0.1
RLE,Total Kjeldahl Nitrogen as N,2025-10-13 12:00:00.000+10:00,0.4,mg/L,0.1,,,RLW,Total Nitrogen as N,2022-11-14 12:00:00.000+10:00,0.5,mg/L,0.1
RLM,Total Kjeldahl Nitrogen as N,2025-10-13 12:00:00.000+10:00,0.4,mg/L,0.1,,,RLM,Total Nitrogen as N,2022-11-14 12:00:00.000+10:00,0.4,mg/L,0.1
RLM,Total Nitrogen as N,2025-10-13 12:00:00.000+10:00,0.4,mg/L,0.1,,,,,,,,
RLW,Total Nitrogen as N,2025-10-13 12:00:00.000+10:00,0.4,mg/L,0.1,,,,,,,,
RLE,Total Nitrogen as N,2025-10-13 12:00:00.000+10:00,0.4,mg/L,0.1,,,,,,,,
RLW,Total Phosphorus as P,2025-10-13 12:00:00.000+10:00,0.03,mg/L,0.01,,,,,,,,
RLM,Total Phosphorus as P,2025-10-13 12:00:00.000+10:00,,mg/L,0.01,,,,,,,,
RLE,Total Phosphorus as P,2025-10-13 12:00:00.000+10:00,,mg/L,0.01,,,,,,,,
RLM,Total suspended solids,2025-10-13 12:00:00.000+10:00,,mg/L,5,,,,,,,,
RLE,Total suspended solids,2025-10-13 12:00:00.000+10:00,,mg/L,5,,,,,,,,
RLW,Total suspended solids,2025-10-13 12:00:00.000+10:00,,mg/L,5,,,,,,,,
RLM,Ammonia as N,2025-09-29 12:00:00.000+10:00,0.02,mg/L,0.01,,,,,,,,
RLE,Ammonia as N,2025-09-29 12:00:00.000+10:00,0.04,mg/L,0.01,,,,,,,,
RLW,Ammonia as N,2025-09-29 12:00:00.000+10:00,0.02,mg/L,0.01,,,,,,,,
RLE,Dissolved Reactive Phosphorus as P,2025-09-29 12:00:00.000+10:00,,mg/L,0.01,,,,,,,,
RLW,Dissolved Reactive Phosphorus as P,2025-09-29 12:00:00.000+10:00,,mg/L,0.01,,,,,,,,
RLM,Dissolved Reactive Phosphorus as P,2025-09-29 12:00:00.000+10:00,,mg/L,0.01,,,,,,,,
RLE,Nitrate as N,2025-09-29 12:00:00.000+10:00,0.02,mg/L,0.01,,,,,,,,
RLM,Nitrate as N,2025-09-29 12:00:00.000+10:00,0.02,mg/L,0.01,,,,,,,,
RLW,Nitrate as N,2025-09-29 12:00:00.000+10:00,0.01,mg/L,0.01,,,,,,,,
RLM,Nitrite + Nitrate as N,2025-09-29 12:00:00.000+10:00,0.02,mg/L,0.01,,,,,,,,
RLW,Nitrite + Nitrate as N,2025-09-29 12:00:00.000+10:00,0.02,mg/L,0.01,,,,,,,,
RLE,Nitrite + Nitrate as N,2025-09-29 12:00:00.000+10:00,0.02,mg/L,0.01,,,,,,,,
RLM,Nitrite as N,2025-09-29 12:00:00.000+10:00,,mg/L,0.01,,,,,,,,
RLW,Nitrite as N,2025-09-29 12:00:00.000+10:00,0.01,mg/L,0.01,,,,,,,,
RLE,Nitrite as N,2025-09-29 12:00:00.000+10:00,,mg/L,0.01,,,,,,,,
RLW,Total Kjeldahl Nitrogen as N,2025-09-29 12:00:00.000+10:00,0.4,mg/L,0.1,,,,,,,,
RLM,Total Kjeldahl Nitrogen as N,2025-09-29 12:00:00.000+10:00,0.5,mg/L,0.1,,,,,,,,
RLE,Total Kjeldahl Nitrogen as N,2025-09-29 12:00:00.000+10:00,0.4,mg/L,0.1,,,,,,,,
RLW,Total Nitrogen as N,2025-09-29 12:00:00.000+10:00,0.4,mg/L,0.1,,,,,,,,
RLE,Total Nitrogen as N,2025-09-29 12:00:00.000+10:00,0.4,mg/L,0.1,,,,,,,,
RLM,Total Nitrogen as N,2025-09-29 12:00:00.000+10:00,0.5,mg/L,0.1,,,,,,,,
RLW,Total Phosphorus as P,2025-09-29 12:00:00.000+10:00,0.04,mg/L,0.01,,,,,,,,
RLE,Total Phosphorus as P,2025-09-29 12:00:00.000+10:00,0.02,mg/L,0.01,,,,,,,,
RLM,Total Phosphorus as P,2025-09-29 12:00:00.000+10:00,0.06,mg/L,0.01,,,,,,,,
RLE,Total suspended solids,2025-09-29 12:00:00.000+10:00,,mg/L,5,,,,,,,,
RLW,Total suspended solids,2025-09-29 12:00:00.000+10:00,,mg/L,5,,,,,,,,
RLM,Total suspended solids,2025-09-29 12:00:00.000+10:00,,mg/L,5,,,,,,,,
RLW,Ammonia as N,2025-09-15 12:00:00.000+10:00,0.01,mg/L,0.01,,,,,,,,
RLE,Ammonia as N,2025-09-15 12:00:00.000+10:00,0.02,mg/L,0.01,,,,,,,,
RLM,Ammonia as N,2025-09-15 12:00:00.000+10:00,0.02,mg/L,0.01,,,,,,,,
RLE,Dissolved Reactive Phosphorus as P,2025-09-15 12:00:00.000+10:00,,mg/L,0.01,,,,,,,,
RLW,Dissolved Reactive Phosphorus as P,2025-09-15 12:00:00.000+10:00,,mg/L,0.01,,,,,,,,
RLM,Dissolved Reactive Phosphorus as P,2025-09-15 12:00:00.000+10:00,,mg/L,0.01,,,,,,,,
RLM,Nitrate as N,2025-09-15 12:00:00.000+10:00,0.06,mg/L,0.01,,,,,,,,
RLW,Nitrate as N,2025-09-15 12:00:00.000+10:00,0.04,mg/L,0.01,,,,,,,,
RLE,Nitrate as N,2025-09-15 12:00:00.000+10:00,0.06,mg/L,0.01,,,,,,,,
RLM,Nitrite + Nitrate as N,2025-09-15 12:00:00.000+10:00,0.06,mg/L,0.01,,,,,,,,
RLE,Nitrite + Nitrate as N,2025-09-15 12:00:00.000+10:00,0.06,mg/L,0.01,,,,,,,,
RLW,Nitrite + Nitrate as N,2025-09-15 12:00:00.000+10:00,0.05,mg/L,0.01,,,,,,,,
RLE,Nitrite as N,2025-09-15 12:00:00.000+10:00,,mg/L,0.01,,,,,,,,
RLW,Nitrite as N,2025-09-15 12:00:00.000+10:00,0.01,mg/L,0.01,,,,,,,,
RLM,Nitrite as N,2025-09-15 12:00:00.000+10:00,,mg/L,0.01,,,,,,,,
RLW,Total Kjeldahl Nitrogen as N,2025-09-15 12:00:00.000+10:00,0.4,mg/L,0.1,,,,,,,,
RLM,Total Kjeldahl Nitrogen as N,2025-09-15 12:00:00.000+10:00,0.4,mg/L,0.1,,,,,,,,
RLE,Total Kjeldahl Nitrogen as N,2025-09-15 12:00:00.000+10:00,0.4,mg/L,0.1,,,,,,,,
RLE,Total Nitrogen as N,2025-09-15 12:00:00.000+10:00,0.5,mg/L,0.1,,,,,,,,
RLW,Total Nitrogen as N,2025-09-15 12:00:00.000+10:00,0.4,mg/L,0.1,,,,,,,,
RLM,Total Nitrogen as N,2025-09-15 12:00:00.000+10:00,0.5,mg/L,0.1,,,,,,,,
RLW,Total Phosphorus as P,2025-09-15 12:00:00.000+10:00,0.06,mg/L,0.01,,,,,,,,
RLM,Total Phosphorus as P,2025-09-15 12:00:00.000+10:00,0.05,mg/L,0.01,,,,,,,,
RLE,Total Phosphorus as P,2025-09-15 12:00:00.000+10:00,0.05,mg/L,0.01,,,,,,,,
RLM,Total suspended solids,2025-09-15 12:00:00.000+10:00,,mg/L,5,,,,,,,,
RLW,Total suspended solids,2025-09-15 12:00:00.000+10:00,,mg/L,5,,,,,,,,
RLE,Total suspended solids,2025-09-15 12:00:00.000+10:00,,mg/L,5,,,,,,,,
RLW,Ammonia as N,2025-09-01 12:00:00.000+10:00,0.04,mg/L,0.01,,,,,,,,
RLE,Ammonia as N,2025-09-01 12:00:00.000+10:00,0.06,mg/L,0.01,,,,,,,,
RLM,Ammonia as N,2025-09-01 12:00:00.000+10:00,0.04,mg/L,0.01,,,,,,,,
RLM,Dissolved Reactive Phosphorus as P,2025-09-01 12:00:00.000+10:00,,mg/L,0.01,,,,,,,,
RLE,Dissolved Reactive Phosphorus as P,2025-09-01 12:00:00.000+10:00,,mg/L,0.01,,,,,,,,
RLW,Dissolved Reactive Phosphorus as P,2025-09-01 12:00:00.000+10:00,,mg/L,0.01,,,,,,,,
RLW,Nitrate as N,2025-09-01 12:00:00.000+10:00,0.1,mg/L,0.01,,,,,,,,
RLE,Nitrate as N,2025-09-01 12:00:00.000+10:00,0.1,mg/L,0.01,,,,,,,,
RLM,Nitrate as N,2025-09-01 12:00:00.000+10:00,0.1,mg/L,0.01,,,,,,,,
RLM,Nitrite + Nitrate as N,2025-09-01 12:00:00.000+10:00,0.1,mg/L,0.01,,,,,,,,
RLW,Nitrite + Nitrate as N,2025-09-01 12:00:00.000+10:00,0.1,mg/L,0.01,,,,,,,,
RLE,Nitrite + Nitrate as N,2025-09-01 12:00:00.000+10:00,0.1,mg/L,0.01,,,,,,,,
RLW,Nitrite as N,2025-09-01 12:00:00.000+10:00,,mg/L,0.01,,,,,,,,
RLE,Nitrite as N,2025-09-01 12:00:00.000+10:00,,mg/L,0.01,,,,,,,,
RLM,Nitrite as N,2025-09-01 12:00:00.000+10:00,,mg/L,0.01,,,,,,,,
RLM,Total Kjeldahl Nitrogen as N,2025-09-01 12:00:00.000+10:00,0.5,mg/L,0.1,,,,,,,,
RLW,Total Kjeldahl Nitrogen as N,2025-09-01 12:00:00.000+10:00,0.5,mg/L,0.1,,,,,,,,
RLE,Total Kjeldahl Nitrogen as N,2025-09-01 12:00:00.000+10:00,0.5,mg/L,0.1,,,,,,,,
RLW,Total Nitrogen as N,2025-09-01 12:00:00.000+10:00,0.6,mg/L,0.1,,,,,,,,
RLM,Total Nitrogen as N,2025-09-01 12:00:00.000+10:00,0.6,mg/L,0.1,,,,,,,,
RLE,Total Nitrogen as N,2025-09-01 12:00:00.000+10:00,0.6,mg/L,0.1,,,,,,,,
RLW,Total Phosphorus as P,2025-09-01 12:00:00.000+10:00,0.02,mg/L,0.01,,,,,,,,
RLM,Total Phosphorus as P,2025-09-01 12:00:00.000+10:00,0.01,mg/L,0.01,,,,,,,,
RLE,Total Phosphorus as P,2025-09-01 12:00:00.000+10:00,0.02,mg/L,0.01,,,,,,,,
RLM,Total suspended solids,2025-09-01 12:00:00.000+10:00,,mg/L,5,,,,,,,,
RLW,Total suspended solids,2025-09-01 12:00:00.000+10:00,,mg/L,5,,,,,,,,
RLE,Total suspended solids,2025-09-01 12:00:00.000+10:00,,mg/L,5,,,,,,,,
RLE,Ammonia as N,2025-08-04 12:00:00.000+10:00,0.08,mg/L,0.01,,,,,,,,
RLM,Ammonia as N,2025-08-04 12:00:00.000+10:00,0.04,mg/L,0.01,,,,,,,,
RLW,Ammonia as N,2025-08-04 12:00:00.000+10:00,0.05,mg/L,0.01,,,,,,,,
RLE,Dissolved Reactive Phosphorus as P,2025-08-04 12:00:00.000+10:00,,mg/L,0.01,,,,,,,,
RLW,Dissolved Reactive Phosphorus as P,2025-08-04 12:00:00.000+10:00,,mg/L,0.01,,,,,,,,
RLM,Dissolved Reactive Phosphorus as P,2025-08-04 12:00:00.000+10:00,,mg/L,0.01,,,,,,,,
RLM,Nitrate as N,2025-08-04 12:00:00.000+10:00,0.1,mg/L,0.01,,,,,,,,
RLW,Nitrate as N,2025-08-04 12:00:00.000+10:00,0.1,mg/L,0.01,,,,,,,,
RLE,Nitrate as N,2025-08-04 12:00:00.000+10:00,0.11,mg/L,0.01,,,,,,,,
RLM,Nitrite + Nitrate as N,2025-08-04 12:00:00.000+10:00,0.11,mg/L,0.01,,,,,,,,
RLE,Nitrite + Nitrate as N,2025-08-04 12:00:00.000+10:00,0.12,mg/L,0.01,,,,,,,,
RLW,Nitrite + Nitrate as N,2025-08-04 12:00:00.000+10:00,0.1,mg/L,0.01,,,,,,,,
RLW,Nitrite as N,2025-08-04 12:00:00.000+10:00,,mg/L,0.01,,,,,,,,
RLE,Nitrite as N,2025-08-04 12:00:00.000+10:00,0.01,mg/L,0.01,,,,,,,,
RLM,Nitrite as N,2025-08-04 12:00:00.000+10:00,0.01,mg/L,0.01,,,,,,,,
RLM,Total Kjeldahl Nitrogen as N,2025-08-04 12:00:00.000+10:00,0.4,mg/L,0.1,,,,,,,,
RLE,Total Kjeldahl Nitrogen as N,2025-08-04 12:00:00.000+10:00,0.6,mg/L,0.1,,,,,,,,
RLW,Total Kjeldahl Nitrogen as N,2025-08-04 12:00:00.000+10:00,0.4,mg/L,0.1,,,,,,,,
RLM,Total Nitrogen as N,2025-08-04 12:00:00.000+10:00,0.5,mg/L,0.1,,,,,,,,
RLW,Total Nitrogen as N,2025-08-04 12:00:00.000+10:00,0.5,mg/L,0.1,,,,,,,,
RLE,Total Nitrogen as N,2025-08-04 12:00:00.000+10:00,0.7,mg/L,0.1,,,,,,,,
RLM,Total Phosphorus as P,2025-08-04 12:00:00.000+10:00,0.02,mg/L,0.01,,,,,,,,
RLE,Total Phosphorus as P,2025-08-04 12:00:00.000+10:00,0.06,mg/L,0.01,,,,,,,,
RLW,Total Phosphorus as P,2025-08-04 12:00:00.000+10:00,0.05,mg/L,0.01,,,,,,,,
RLM,Total suspended solids,2025-08-04 12:00:00.000+10:00,,mg/L,5,,,,,,,,
RLE,Total suspended solids,2025-08-04 12:00:00.000+10:00,,mg/L,5,,,,,,,,
RLW,Total suspended solids,2025-08-04 12:00:00.000+10:00,,mg/L,5,,,,,,,,
RLM,Ammonia as N,2025-07-07 12:00:00.000+10:00,,mg/L,0.01,,,,,,,,
RLE,Ammonia as N,2025-07-07 12:00:00.000+10:00,,mg/L,0.01,,,,,,,,
RLW,Ammonia as N,2025-07-07 12:00:00.000+10:00,0.03,mg/L,0.01,,,,,,,,
RLE,Dissolved Reactive Phosphorus as P,2025-07-07 12:00:00.000+10:00,,mg/L,0.01,,,,,,,,
RLW,Dissolved Reactive Phosphorus as P,2025-07-07 12:00:00.000+10:00,,mg/L,0.01,,,,,,,,
RLM,Dissolved Reactive Phosphorus as P,2025-07-07 12:00:00.000+10:00,,mg/L,0.01,,,,,,,,
RLW,Nitrate as N,2025-07-07 12:00:00.000+10:00,0.12,mg/L,0.01,,,,,,,,
RLE,Nitrate as N,2025-07-07 12:00:00.000+10:00,0.06,mg/L,0.01,,,,,,,,
RLM,Nitrate as N,2025-07-07 12:00:00.000+10:00,0.05,mg/L,0.01,,,,,,,,
RLE,Nitrite + Nitrate as N,2025-07-07 12:00:00.000+10:00,0.08,mg/L,0.01,,,,,,,,
RLM,Nitrite + Nitrate as N,2025-07-07 12:00:00.000+10:00,0.07,mg/L,0.01,,,,,,,,
RLW,Nitrite + Nitrate as N,2025-07-07 12:00:00.000+10:00,0.14,mg/L,0.01,,,,,,,,
RLM,Nitrite as N,2025-07-07 12:00:00.000+10:00,0.02,mg/L,0.01,,,,,,,,
RLW,Nitrite as N,2025-07-07 12:00:00.000+10:00,0.02,mg/L,0.01,,,,,,,,
RLE,Nitrite as N,2025-07-07 12:00:00.000+10:00,0.02,mg/L,0.01,,,,,,,,
RLM,Total Kjeldahl Nitrogen as N,2025-07-07 12:00:00.000+10:00,0.5,mg/L,0.1,,,,,,,,
RLW,Total Kjeldahl Nitrogen as N,2025-07-07 12:00:00.000+10:00,0.6,mg/L,0.1,,,,,,,,
RLE,Total Kjeldahl Nitrogen as N,2025-07-07 12:00:00.000+10:00,0.5,mg/L,0.1,,,,,,,,
RLE,Total Nitrogen as N,2025-07-07 12:00:00.000+10:00,0.6,mg/L,0.1,,,,,,,,
RLM,Total Nitrogen as N,2025-07-07 12:00:00.000+10:00,0.6,mg/L,0.1,,,,,,,,
RLW,Total Nitrogen as N,2025-07-07 12:00:00.000+10:00,0.7,mg/L,0.1,,,,,,,,
RLW,Total Phosphorus as P,2025-07-07 12:00:00.000+10:00,0.04,mg/L,0.01,,,,,,,,
RLE,Total Phosphorus as P,2025-07-07 12:00:00.000+10:00,,mg/L,0.01,,,,,,,,
RLM,Total Phosphorus as P,2025-07-07 12:00:00.000+10:00,,mg/L,0.01,,,,,,,,
RLW,Total suspended solids,2025-07-07 12:00:00.000+10:00,,mg/L,5,,,,,,,,
RLE,Total suspended solids,2025-07-07 12:00:00.000+10:00,,mg/L,5,,,,,,,,
RLM,Total suspended solids,2025-07-07 12:00:00.000+10:00,,mg/L,5,,,,,,,,
RLW,Ammonia as N,2025-06-02 12:00:00.000+10:00,,mg/L,0.01,,,,,,,,
RLE,Ammonia as N,2025-06-02 12:00:00.000+10:00,0.02,mg/L,0.01,,,,,,,,
RLM,Ammonia as N,2025-06-02 12:00:00.000+10:00,0.01,mg/L,0.01,,,,,,,,
RLW,Dissolved Reactive Phosphorus as P,2025-06-02 12:00:00.000+10:00,,mg/L,0.01,,,,,,,,
RLE,Dissolved Reactive Phosphorus as P,2025-06-02 12:00:00.000+10:00,,mg/L,0.01,,,,,,,,
RLM,Dissolved Reactive Phosphorus as P,2025-06-02 12:00:00.000+10:00,,mg/L,0.01,,,,,,,,
RLW,Nitrate as N,2025-06-02 12:00:00.000+10:00,0.01,mg/L,0.01,,,,,,,,
RLE,Nitrate as N,2025-06-02 12:00:00.000+10:00,0.02,mg/L,0.01,,,,,,,,
RLM,Nitrate as N,2025-06-02 12:00:00.000+10:00,0.01,mg/L,0.01,,,,,,,,
RLW,Nitrite + Nitrate as N,2025-06-02 12:00:00.000+10:00,0.01,mg/L,0.01,,,,,,,,
RLM,Nitrite + Nitrate as N,2025-06-02 12:00:00.000+10:00,0.01,mg/L,0.01,,,,,,,,
RLE,Nitrite + Nitrate as N,2025-06-02 12:00:00.000+10:00,0.02,mg/L,0.01,,,,,,,,
RLM,Nitrite as N,2025-06-02 12:00:00.000+10:00,,mg/L,0.01,,,,,,,,
RLE,Nitrite as N,2025-06-02 12:00:00.000+10:00,,mg/L,0.01,,,,,,,,
RLW,Nitrite as N,2025-06-02 12:00:00.000+10:00,,mg/L,0.01,,,,,,,,
RLE,Total Kjeldahl Nitrogen as N,2025-06-02 12:00:00.000+10:00,0.5,mg/L,0.1,,,,,,,,
RLW,Total Kjeldahl Nitrogen as N,2025-06-02 12:00:00.000+10:00,0.5,mg/L,0.1,,,,,,,,
RLM,Total Kjeldahl Nitrogen as N,2025-06-02 12:00:00.000+10:00,0.6,mg/L,0.1,,,,,,,,
RLW,Total Nitrogen as N,2025-06-02 12:00:00.000+10:00,0.5,mg/L,0.1,,,,,,,,
RLE,Total Nitrogen as N,2025-06-02 12:00:00.000+10:00,0.5,mg/L,0.1,,,,,,,,
RLM,Total Nitrogen as N,2025-06-02 12:00:00.000+10:00,0.6,mg/L,0.1,,,,,,,,
RLE,Total Phosphorus as P,2025-06-02 12:00:00.000+10:00,0.02,mg/L,0.01,,,,,,,,
RLW,Total Phosphorus as P,2025-06-02 12:00:00.000+10:00,,mg/L,0.01,,,,,,,,
RLM,Total Phosphorus as P,2025-06-02 12:00:00.000+10:00,,mg/L,0.01,,,,,,,,
RLM,Total suspended solids,2025-06-02 12:00:00.000+10:00,,mg/L,5,,,,,,,,
RLE,Total suspended solids,2025-06-02 12:00:00.000+10:00,7,mg/L,5,,,,,,,,
RLW,Total suspended solids,2025-06-02 12:00:00.000+10:00,,mg/L,5,,,,,,,,
RLM,Ammonia as N,2025-06-01 12:00:00.000+11:00,,mg/L,0.01,,,,,,,,
RLW,Ammonia as N,2025-06-01 12:00:00.000+11:00,,mg/L,0.01,,,,,,,,
RLE,Ammonia as N,2025-06-01 12:00:00.000+11:00,,mg/L,0.01,,,,,,,,
RLW,Dissolved Reactive Phosphorus as P,2025-06-01 12:00:00.000+11:00,,mg/L,0.01,,,,,,,,
RLM,Dissolved Reactive Phosphorus as P,2025-06-01 12:00:00.000+11:00,,mg/L,0.01,,,,,,,,
RLE,Dissolved Reactive Phosphorus as P,2025-06-01 12:00:00.000+11:00,,mg/L,0.01,,,,,,,,
RLM,Nitrate as N,2025-06-01 12:00:00.000+11:00,,mg/L,0.01,,,,,,,,
RLE,Nitrate as N,2025-06-01 12:00:00.000+11:00,,mg/L,0.01,,,,,,,,
RLW,Nitrate as N,2025-06-01 12:00:00.000+11:00,,mg/L,0.01,,,,,,,,
RLE,Nitrite + Nitrate as N,2025-06-01 12:00:00.000+11:00,,mg/L,0.01,,,,,,,,
RLW,Nitrite + Nitrate as N,2025-06-01 12:00:00.000+11:00,,mg/L,0.01,,,,,,,,
RLM,Nitrite + Nitrate as N,2025-06-01 12:00:00.000+11:00,,mg/L,0.01,,,,,,,,
RLW,Nitrite as N,2025-06-01 12:00:00.000+11:00,,mg/L,0.01,,,,,,,,
RLM,Nitrite as N,2025-06-01 12:00:00.000+11:00,,mg/L,0.01,,,,,,,,
RLE,Nitrite as N,2025-06-01 12:00:00.000+11:00,,mg/L,0.01,,,,,,,,
RLE,Total Kjeldahl Nitrogen as N,2025-06-01 12:00:00.000+11:00,0.5,mg/L,0.1,,,,,,,,
RLM,Total Kjeldahl Nitrogen as N,2025-06-01 12:00:00.000+11:00,0.5,mg/L,0.1,,,,,,,,
RLW,Total Kjeldahl Nitrogen as N,2025-06-01 12:00:00.000+11:00,0.5,mg/L,0.1,,,,,,,,
RLW,Total Nitrogen as N,2025-06-01 12:00:00.000+11:00,0.5,mg/L,0.1,,,,,,,,
RLM,Total Nitrogen as N,2025-06-01 12:00:00.000+11:00,0.5,mg/L,0.1,,,,,,,,
RLE,Total Nitrogen as N,2025-06-01 12:00:00.000+11:00,0.5,mg/L,0.1,,,,,,,,
RLE,Total Phosphorus as P,2025-06-01 12:00:00.000+10:00,0.07,mg/L,0.01,,,,,,,,
RLM,Total Phosphorus as P,2025-06-01 12:00:00.000+10:00,0.02,mg/L,0.01,,,,,,,,
RLW,Total Phosphorus as P,2025-06-01 12:00:00.000+10:00,0.02,mg/L,0.01,,,,,,,,
RLW,Total suspended solids,2025-06-01 12:00:00.000+11:00,,mg/L,5,,,,,,,,
RLM,Total suspended solids,2025-06-01 12:00:00.000+11:00,,mg/L,5,,,,,,,,
RLE,Total suspended solids,2025-06-01 12:00:00.000+11:00,,mg/L,5,,,,,,,,
RLM,Ammonia as N,2025-05-12 12:00:00.000+10:00,,mg/L,0.01,,,,,,,,
RLE,Ammonia as N,2025-05-12 12:00:00.000+10:00,,mg/L,0.01,,,,,,,,
RLW,Ammonia as N,2025-05-12 12:00:00.000+10:00,0.03,mg/L,0.01,,,,,,,,
RLE,Dissolved Reactive Phosphorus as P,2025-05-12 12:00:00.000+10:00,,mg/L,0.01,,,,,,,,
RLW,Dissolved Reactive Phosphorus as P,2025-05-12 12:00:00.000+10:00,,mg/L,0.01,,,,,,,,
RLM,Dissolved Reactive Phosphorus as P,2025-05-12 12:00:00.000+10:00,,mg/L,0.01,,,,,,,,
RLM,Nitrate as N,2025-05-12 12:00:00.000+10:00,,mg/L,0.01,,,,,,,,
RLW,Nitrate as N,2025-05-12 12:00:00.000+10:00,,mg/L,0.01,,,,,,,,
RLE,Nitrate as N,2025-05-12 12:00:00.000+10:00,,mg/L,0.01,,,,,,,,
RLW,Nitrite + Nitrate as N,2025-05-12 12:00:00.000+10:00,,mg/L,0.01,,,,,,,,
RLM,Nitrite + Nitrate as N,2025-05-12 12:00:00.000+10:00,,mg/L,0.01,,,,,,,,
RLE,Nitrite + Nitrate as N,2025-05-12 12:00:00.000+10:00,,mg/L,0.01,,,,,,,,
RLM,Nitrite as N,2025-05-12 12:00:00.000+10:00,,mg/L,0.01,,,,,,,,
RLE,Nitrite as N,2025-05-12 12:00:00.000+10:00,,mg/L,0.01,,,,,,,,
RLW,Nitrite as N,2025-05-12 12:00:00.000+10:00,,mg/L,0.01,,,,,,,,
RLM,Total Kjeldahl Nitrogen as N,2025-05-12 12:00:00.000+10:00,0.5,mg/L,0.1,,,,,,,,
RLW,Total Kjeldahl Nitrogen as N,2025-05-12 12:00:00.000+10:00,0.5,mg/L,0.1,,,,,,,,
RLE,Total Kjeldahl Nitrogen as N,2025-05-12 12:00:00.000+10:00,0.5,mg/L,0.1,,,,,,,,
RLW,Total Nitrogen as N,2025-05-12 12:00:00.000+10:00,0.5,mg/L,0.1,,,,,,,,
RLM,Total Nitrogen as N,2025-05-12 12:00:00.000+10:00,0.5,mg/L,0.1,,,,,,,,
RLE,Total Nitrogen as N,2025-05-12 12:00:00.000+10:00,0.5,mg/L,0.1,,,,,,,,
RLE,Total Phosphorus as P,2025-05-12 12:00:00.000+10:00,0.06,mg/L,0.01,,,,,,,,
RLW,Total Phosphorus as P,2025-05-12 12:00:00.000+10:00,0.02,mg/L,0.01,,,,,,,,
RLM,Total Phosphorus as P,2025-05-12 12:00:00.000+10:00,0.05,mg/L,0.01,,,,,,,,
RLW,Total suspended solids,2025-05-12 12:00:00.000+10:00,,mg/L,5,,,,,,,,
RLE,Total suspended solids,2025-05-12 12:00:00.000+10:00,,mg/L,5,,,,,,,,
RLM,Total suspended solids,2025-05-12 12:00:00.000+10:00,,mg/L,5,,,,,,,,
RLW,Ammonia as N,2025-04-28 12:00:00.000+10:00,0.03,mg/L,0.01,,,,,,,,
RLM,Ammonia as N,2025-04-28 12:00:00.000+10:00,0.02,mg/L,0.01,,,,,,,,
RLE,Ammonia as N,2025-04-28 12:00:00.000+10:00,0.1,mg/L,0.01,,,,,,,,
RLM,Dissolved Reactive Phosphorus as P,2025-04-28 12:00:00.000+10:00,,mg/L,0.01,,,,,,,,
RLE,Dissolved Reactive Phosphorus as P,2025-04-28 12:00:00.000+10:00,,mg/L,0.01,,,,,,,,
RLW,Dissolved Reactive Phosphorus as P,2025-04-28 12:00:00.000+10:00,,mg/L,0.01,,,,,,,,
RLW,Nitrate as N,2025-04-28 12:00:00.000+10:00,,mg/L,0.01,,,,,,,,
RLM,Nitrate as N,2025-04-28 12:00:00.000+10:00,0.01,mg/L,0.01,,,,,,,,
RLE,Nitrate as N,2025-04-28 12:00:00.000+10:00,,mg/L,0.01,,,,,,,,
RLM,Nitrite + Nitrate as N,2025-04-28 12:00:00.000+10:00,0.01,mg/L,0.01,,,,,,,,
RLW,Nitrite + Nitrate as N,2025-04-28 12:00:00.000+10:00,,mg/L,0.01,,,,,,,,
RLE,Nitrite + Nitrate as N,2025-04-28 12:00:00.000+10:00,,mg/L,0.01,,,,,,,,
RLM,Nitrite as N,2025-04-28 12:00:00.000+10:00,,mg/L,0.01,,,,,,,,
RLW,Nitrite as N,2025-04-28 12:00:00.000+10:00,,mg/L,0.01,,,,,,,,
RLE,Nitrite as N,2025-04-28 12:00:00.000+10:00,,mg/L,0.01,,,,,,,,
RLM,Total Kjeldahl Nitrogen as N,2025-04-28 12:00:00.000+10:00,0.6,mg/L,0.1,,,,,,,,
RLW,Total Kjeldahl Nitrogen as N,2025-04-28 12:00:00.000+10:00,0.6,mg/L,0.1,,,,,,,,
RLE,Total Kjeldahl Nitrogen as N,2025-04-28 12:00:00.000+10:00,0.6,mg/L,0.1,,,,,,,,
RLE,Total Nitrogen as N,2025-04-28 12:00:00.000+10:00,0.6,mg/L,0.1,,,,,,,,
RLW,Total Nitrogen as N,2025-04-28 12:00:00.000+10:00,0.6,mg/L,0.1,,,,,,,,
RLM,Total Nitrogen as N,2025-04-28 12:00:00.000+10:00,0.6,mg/L,0.1,,,,,,,,
RLW,Total Phosphorus as P,2025-04-28 12:00:00.000+10:00,0.02,mg/L,0.01,,,,,,,,
RLE,Total Phosphorus as P,2025-04-28 12:00:00.000+10:00,0.03,mg/L,0.01,,,,,,,,
RLM,Total Phosphorus as P,2025-04-28 12:00:00.000+10:00,0.02,mg/L,0.01,,,,,,,,
RLM,Total suspended solids,2025-04-28 12:00:00.000+10:00,,mg/L,5,,,,,,,,
RLW,Total suspended solids,2025-04-28 12:00:00.000+10:00,,mg/L,5,,,,,,,,
RLE,Total suspended solids,2025-04-28 12:00:00.000+10:00,,mg/L,5,,,,,,,,
RLM,Ammonia as N,2025-04-14 12:00:00.000+10:00,0.02,mg/L,0.01,,,,,,,,
RLW,Ammonia as N,2025-04-14 12:00:00.000+10:00,0.01,mg/L,0.01,,,,,,,,
RLE,Ammonia as N,2025-04-14 12:00:00.000+10:00,0.04,mg/L,0.01,,,,,,,,
RLW,Dissolved Reactive Phosphorus as P,2025-04-14 12:00:00.000+10:00,,mg/L,0.01,,,,,,,,
RLM,Dissolved Reactive Phosphorus as P,2025-04-14 12:00:00.000+10:00,,mg/L,0.01,,,,,,,,
RLE,Dissolved Reactive Phosphorus as P,2025-04-14 12:00:00.000+10:00,,mg/L,0.01,,,,,,,,
RLW,Nitrate as N,2025-04-14 12:00:00.000+10:00,,mg/L,0.01,,,,,,,,
RLM,Nitrate as N,2025-04-14 12:00:00.000+10:00,,mg/L,0.01,,,,,,,,
RLE,Nitrate as N,2025-04-14 12:00:00.000+10:00,,mg/L,0.01,,,,,,,,
RLM,Nitrite + Nitrate as N,2025-04-14 12:00:00.000+10:00,,mg/L,0.01,,,,,,,,
RLW,Nitrite + Nitrate as N,2025-04-14 12:00:00.000+10:00,,mg/L,0.01,,,,,,,,
RLE,Nitrite + Nitrate as N,2025-04-14 12:00:00.000+10:00,,mg/L,0.01,,,,,,,,
RLW,Nitrite as N,2025-04-14 12:00:00.000+10:00,,mg/L,0.01,,,,,,,,
RLM,Nitrite as N,2025-04-14 12:00:00.000+10:00,,mg/L,0.01,,,,,,,,
RLE,Nitrite as N,2025-04-14 12:00:00.000+10:00,,mg/L,0.01,,,,,,,,
RLE,Total Kjeldahl Nitrogen as N,2025-04-14 12:00:00.000+10:00,0.6,mg/L,0.1,,,,,,,,
RLM,Total Kjeldahl Nitrogen as N,2025-04-14 12:00:00.000+10:00,0.6,mg/L,0.1,,,,,,,,
RLW,Total Kjeldahl Nitrogen as N,2025-04-14 12:00:00.000+10:00,0.7,mg/L,0.1,,,,,,,,
RLW,Total Nitrogen as N,2025-04-14 12:00:00.000+10:00,0.7,mg/L,0.1,,,,,,,,
RLE,Total Nitrogen as N,2025-04-14 12:00:00.000+10:00,0.6,mg/L,0.1,,,,,,,,
RLM,Total Nitrogen as N,2025-04-14 12:00:00.000+10:00,0.6,mg/L,0.1,,,,,,,,
RLM,Total Phosphorus as P,2025-04-14 12:00:00.000+10:00,0.03,mg/L,0.01,,,,,,,,
RLE,Total Phosphorus as P,2025-04-14 12:00:00.000+10:00,0.02,mg/L,0.01,,,,,,,,
RLW,Total Phosphorus as P,2025-04-14 12:00:00.000+10:00,0.02,mg/L,0.01,,,,,,,,
RLM,Total suspended solids,2025-04-14 12:00:00.000+10:00,6,mg/L,5,,,,,,,,
RLE,Total suspended solids,2025-04-14 12:00:00.000+10:00,6,mg/L,5,,,,,,,,
RLW,Total suspended solids,2025-04-14 12:00:00.000+10:00,6,mg/L,5,,,,,,,,
RLM,Ammonia as N,2025-03-31 12:00:00.000+10:00,0.04,mg/L,0.01,,,,,,,,
RLW,Ammonia as N,2025-03-31 12:00:00.000+10:00,0.07,mg/L,0.01,,,,,,,,
RLE,Ammonia as N,2025-03-31 12:00:00.000+10:00,0.02,mg/L,0.01,,,,,,,,
RLM,Dissolved Reactive Phosphorus as P,2025-03-31 12:00:00.000+10:00,,mg/L,0.01,,,,,,,,
RLW,Dissolved Reactive Phosphorus as P,2025-03-31 12:00:00.000+10:00,,mg/L,0.01,,,,,,,,
RLE,Dissolved Reactive Phosphorus as P,2025-03-31 12:00:00.000+10:00,,mg/L,0.01,,,,,,,,
RLW,Nitrate as N,2025-03-31 12:00:00.000+10:00,,mg/L,0.01,,,,,,,,
RLM,Nitrate as N,2025-03-31 12:00:00.000+10:00,,mg/L,0.01,,,,,,,,
RLE,Nitrate as N,2025-03-31 12:00:00.000+10:00,,mg/L,0.01,,,,,,,,
RLE,Nitrite + Nitrate as N,2025-03-31 12:00:00.000+10:00,,mg/L,0.01,,,,,,,,
RLW,Nitrite + Nitrate as N,2025-03-31 12:00:00.000+10:00,,mg/L,0.01,,,,,,,,
RLM,Nitrite + Nitrate as N,2025-03-31 12:00:00.000+10:00,,mg/L,0.01,,,,,,,,
RLW,Nitrite as N,2025-03-31 12:00:00.000+10:00,,mg/L,0.01,,,,,,,,
RLE,Nitrite as N,2025-03-31 12:00:00.000+10:00,,mg/L,0.01,,,,,,,,
RLM,Nitrite as N,2025-03-31 12:00:00.000+10:00,,mg/L,0.01,,,,,,,,
RLM,Total Kjeldahl Nitrogen as N,2025-03-31 12:00:00.000+10:00,0.6,mg/L,0.1,,,,,,,,
RLE,Total Kjeldahl Nitrogen as N,2025-03-31 12:00:00.000+10:00,1.2,mg/L,0.1,,,,,,,,
RLW,Total Kjeldahl Nitrogen as N,2025-03-31 12:00:00.000+10:00,0.5,mg/L,0.1,,,,,,,,
RLW,Total Nitrogen as N,2025-03-31 12:00:00.000+10:00,0.5,mg/L,0.1,,,,,,,,
RLE,Total Nitrogen as N,2025-03-31 12:00:00.000+10:00,1.2,mg/L,0.1,,,,,,,,
RLM,Total Nitrogen as N,2025-03-31 12:00:00.000+10:00,0.6,mg/L,0.1,,,,,,,,
RLM,Total Phosphorus as P,2025-03-31 12:00:00.000+10:00,0.04,mg/L,0.01,,,,,,,,
RLE,Total Phosphorus as P,2025-03-31 12:00:00.000+10:00,0.02,mg/L,0.01,,,,,,,,
RLW,Total Phosphorus as P,2025-03-31 12:00:00.000+10:00,0.04,mg/L,0.01,,,,,,,,
RLM,Total suspended solids,2025-03-31 12:00:00.000+10:00,6,mg/L,5,,,,,,,,
RLE,Total suspended solids,2025-03-31 12:00:00.000+10:00,,mg/L,5,,,,,,,,
RLW,Total suspended solids,2025-03-31 12:00:00.000+10:00,5,mg/L,5,,,,,,,,
RLM,Ammonia as N,2025-03-17 12:00:00.000+10:00,0.02,mg/L,0.01,,,,,,,,
RLW,Ammonia as N,2025-03-17 12:00:00.000+10:00,0.01,mg/L,0.01,,,,,,,,
RLE,Ammonia as N,2025-03-17 12:00:00.000+10:00,0.01,mg/L,0.01,,,,,,,,
RLE,Dissolved Reactive Phosphorus as P,2025-03-17 12:00:00.000+10:00,,mg/L,0.01,,,,,,,,
RLW,Dissolved Reactive Phosphorus as P,2025-03-17 12:00:00.000+10:00,,mg/L,0.01,,,,,,,,
RLM,Dissolved Reactive Phosphorus as P,2025-03-17 12:00:00.000+10:00,,mg/L,0.01,,,,,,,,
RLW,Nitrate as N,2025-03-17 12:00:00.000+10:00,,mg/L,0.01,,,,,,,,
RLM,Nitrate as N,2025-03-17 12:00:00.000+10:00,,mg/L,0.01,,,,,,,,
RLE,Nitrate as N,2025-03-17 12:00:00.000+10:00,,mg/L,0.01,,,,,,,,
RLE,Nitrite + Nitrate as N,2025-03-17 12:00:00.000+10:00,,mg/L,0.01,,,,,,,,
RLW,Nitrite + Nitrate as N,2025-03-17 12:00:00.000+10:00,,mg/L,0.01,,,,,,,,
RLM,Nitrite + Nitrate as N,2025-03-17 12:00:00.000+10:00,,mg/L,0.01,,,,,,,,
RLM,Nitrite as N,2025-03-17 12:00:00.000+10:00,,mg/L,0.01,,,,,,,,
RLE,Nitrite as N,2025-03-17 12:00:00.000+10:00,,mg/L,0.01,,,,,,,,
RLW,Nitrite as N,2025-03-17 12:00:00.000+10:00,,mg/L,0.01,,,,,,,,
RLW,Total Kjeldahl Nitrogen as N,2025-03-17 12:00:00.000+10:00,0.5,mg/L,0.1,,,,,,,,
RLE,Total Kjeldahl Nitrogen as N,2025-03-17 12:00:00.000+10:00,0.5,mg/L,0.1,,,,,,,,
RLM,Total Kjeldahl Nitrogen as N,2025-03-17 12:00:00.000+10:00,0.5,mg/L,0.1,,,,,,,,
RLM,Total Nitrogen as N,2025-03-17 12:00:00.000+10:00,0.5,mg/L,0.1,,,,,,,,
RLE,Total Nitrogen as N,2025-03-17 12:00:00.000+10:00,0.5,mg/L,0.1,,,,,,,,
RLW,Total Nitrogen as N,2025-03-17 12:00:00.000+10:00,0.5,mg/L,0.1,,,,,,,,
RLE,Total Phosphorus as P,2025-03-17 12:00:00.000+10:00,0.03,mg/L,0.01,,,,,,,,
RLM,Total Phosphorus as P,2025-03-17 12:00:00.000+10:00,0.03,mg/L,0.01,,,,,,,,
RLW,Total Phosphorus as P,2025-03-17 12:00:00.000+10:00,0.02,mg/L,0.01,,,,,,,,
RLW,Total suspended solids,2025-03-17 12:00:00.000+10:00,5,mg/L,5,,,,,,,,
RLM,Total suspended solids,2025-03-17 12:00:00.000+10:00,6,mg/L,5,,,,,,,,
RLE,Total suspended solids,2025-03-17 12:00:00.000+10:00,8,mg/L,5,,,,,,,,
RLW,Ammonia as N,2025-03-03 12:00:00.000+10:00,,mg/L,0.01,,,,,,,,
RLM,Ammonia as N,2025-03-03 12:00:00.000+10:00,0.02,mg/L,0.01,,,,,,,,
RLE,Ammonia as N,2025-03-03 12:00:00.000+10:00,0.03,mg/L,0.01,,,,,,,,
RLE,Dissolved Reactive Phosphorus as P,2025-03-03 12:00:00.000+10:00,,mg/L,0.01,,,,,,,,
RLM,Dissolved Reactive Phosphorus as P,2025-03-03 12:00:00.000+10:00,,mg/L,0.01,,,,,,,,
RLW,Dissolved Reactive Phosphorus as P,2025-03-03 12:00:00.000+10:00,,mg/L,0.01,,,,,,,,
RLW,Nitrate as N,2025-03-03 12:00:00.000+10:00,,mg/L,0.01,,,,,,,,
RLM,Nitrate as N,2025-03-03 12:00:00.000+10:00,,mg/L,0.01,,,,,,,,
RLE,Nitrate as N,2025-03-03 12:00:00.000+10:00,,mg/L,0.01,,,,,,,,
RLW,Nitrite + Nitrate as N,2025-03-03 12:00:00.000+10:00,,mg/L,0.01,,,,,,,,
RLE,Nitrite + Nitrate as N,2025-03-03 12:00:00.000+10:00,,mg/L,0.01,,,,,,,,
RLM,Nitrite + Nitrate as N,2025-03-03 12:00:00.000+10:00,,mg/L,0.01,,,,,,,,
RLW,Nitrite as N,2025-03-03 12:00:00.000+10:00,,mg/L,0.01,,,,,,,,
RLE,Nitrite as N,2025-03-03 12:00:00.000+10:00,,mg/L,0.01,,,,,,,,
RLM,Nitrite as N,2025-03-03 12:00:00.000+10:00,,mg/L,0.01,,,,,,,,
RLE,Total Kjeldahl Nitrogen as N,2025-03-03 12:00:00.000+10:00,0.6,mg/L,0.1,,,,,,,,
RLM,Total Kjeldahl Nitrogen as N,2025-03-03 12:00:00.000+10:00,0.5,mg/L,0.1,,,,,,,,
RLW,Total Kjeldahl Nitrogen as N,2025-03-03 12:00:00.000+10:00,0.4,mg/L,0.1,,,,,,,,
RLM,Total Nitrogen as N,2025-03-03 12:00:00.000+10:00,0.5,mg/L,0.1,,,,,,,,
RLE,Total Nitrogen as N,2025-03-03 12:00:00.000+10:00,0.6,mg/L,0.1,,,,,,,,
RLW,Total Nitrogen as N,2025-03-03 12:00:00.000+10:00,0.4,mg/L,0.1,,,,,,,,
RLM,Total Phosphorus as P,2025-03-03 12:00:00.000+10:00,,mg/L,0.01,,,,,,,,
RLW,Total Phosphorus as P,2025-03-03 12:00:00.000+10:00,,mg/L,0.01,,,,,,,,
RLE,Total Phosphorus as P,2025-03-03 12:00:00.000+10:00,,mg/L,0.01,,,,,,,,
RLM,Total suspended solids,2025-03-03 12:00:00.000+10:00,,mg/L,5,,,,,,,,
RLW,Total suspended solids,2025-03-03 12:00:00.000+10:00,5,mg/L,5,,,,,,,,
RLE,Total suspended solids,2025-03-03 12:00:00.000+10:00,,mg/L,5,,,,,,,,
RLW,Ammonia as N,2025-03-02 12:00:00.000+11:00,0.06,mg/L,0.01,,,,,,,,
RLE,Ammonia as N,2025-03-02 12:00:00.000+11:00,0.04,mg/L,0.01,,,,,,,,
RLM,Ammonia as N,2025-03-02 12:00:00.000+11:00,0.01,mg/L,0.01,,,,,,,,
RLE,Dissolved Reactive Phosphorus as P,2025-03-02 12:00:00.000+11:00,,mg/L,0.01,,,,,,,,
RLM,Dissolved Reactive Phosphorus as P,2025-03-02 12:00:00.000+11:00,,mg/L,0.01,,,,,,,,
RLW,Dissolved Reactive Phosphorus as P,2025-03-02 12:00:00.000+11:00,,mg/L,0.01,,,,,,,,
RLW,Nitrate as N,2025-03-02 12:00:00.000+11:00,,mg/L,0.01,,,,,,,,
RLM,Nitrate as N,2025-03-02 12:00:00.000+11:00,,mg/L,0.01,,,,,,,,
RLE,Nitrate as N,2025-03-02 12:00:00.000+11:00,,mg/L,0.01,,,,,,,,
RLE,Nitrite + Nitrate as N,2025-03-02 12:00:00.000+11:00,,mg/L,0.01,,,,,,,,
RLM,Nitrite + Nitrate as N,2025-03-02 12:00:00.000+11:00,,mg/L,0.01,,,,,,,,
RLW,Nitrite + Nitrate as N,2025-03-02 12:00:00.000+11:00,,mg/L,0.01,,,,,,,,
RLW,Nitrite as N,2025-03-02 12:00:00.000+11:00,,mg/L,0.01,,,,,,,,
RLM,Nitrite as N,2025-03-02 12:00:00.000+11:00,,mg/L,0.01,,,,,,,,
RLE,Nitrite as N,2025-03-02 12:00:00.000+11:00,,mg/L,0.01,,,,,,,,
RLM,Total Kjeldahl Nitrogen as N,2025-03-02 12:00:00.000+11:00,0.6,mg/L,0.1,,,,,,,,
RLE,Total Kjeldahl Nitrogen as N,2025-03-02 12:00:00.000+11:00,0.5,mg/L,0.1,,,,,,,,
RLW,Total Kjeldahl Nitrogen as N,2025-03-02 12:00:00.000+11:00,0.6,mg/L,0.1,,,,,,,,
RLW,Total Nitrogen as N,2025-03-02 12:00:00.000+11:00,0.6,mg/L,0.1,,,,,,,,
RLM,Total Nitrogen as N,2025-03-02 12:00:00.000+11:00,0.6,mg/L,0.1,,,,,,,,
RLE,Total Nitrogen as N,2025-03-02 12:00:00.000+11:00,0.5,mg/L,0.1,,,,,,,,
RLE,Total Phosphorus as P,2025-03-02 12:00:00.000+10:00,0.02,mg/L,0.01,,,,,,,,
RLM,Total Phosphorus as P,2025-03-02 12:00:00.000+10:00,0.02,mg/L,0.01,,,,,,,,
RLW,Total Phosphorus as P,2025-03-02 12:00:00.000+10:00,0.02,mg/L,0.01,,,,,,,,
RLE,Total suspended solids,2025-03-02 12:00:00.000+11:00,,mg/L,5,,,,,,,,
RLW,Total suspended solids,2025-03-02 12:00:00.000+11:00,,mg/L,5,,,,,,,,
RLM,Total suspended solids,2025-03-02 12:00:00.000+11:00,,mg/L,5,,,,,,,,
RLM,Ammonia as N,2025-02-17 12:00:00.000+10:00,0.02,mg/L,0.01,,,,,,,,
RLE,Ammonia as N,2025-02-17 12:00:00.000+10:00,0.06,mg/L,0.01,,,,,,,,
RLW,Ammonia as N,2025-02-17 12:00:00.000+10:00,0.01,mg/L,0.01,,,,,,,,
RLW,Dissolved Reactive Phosphorus as P,2025-02-17 12:00:00.000+10:00,,mg/L,0.01,,,,,,,,
RLM,Dissolved Reactive Phosphorus as P,2025-02-17 12:00:00.000+10:00,,mg/L,0.01,,,,,,,,
RLE,Dissolved Reactive Phosphorus as P,2025-02-17 12:00:00.000+10:00,,mg/L,0.01,,,,,,,,
RLM,Nitrate as N,2025-02-17 12:00:00.000+10:00,0.02,mg/L,0.01,,,,,,,,
RLW,Nitrate as N,2025-02-17 12:00:00.000+10:00,0.02,mg/L,0.01,,,,,,,,
RLE,Nitrate as N,2025-02-17 12:00:00.000+10:00,0.02,mg/L,0.01,,,,,,,,
RLE,Nitrite + Nitrate as N,2025-02-17 12:00:00.000+10:00,0.02,mg/L,0.01,,,,,,,,
RLW,Nitrite + Nitrate as N,2025-02-17 12:00:00.000+10:00,0.02,mg/L,0.01,,,,,,,,
RLM,Nitrite + Nitrate as N,2025-02-17 12:00:00.000+10:00,0.02,mg/L,0.01,,,,,,,,
RLE,Nitrite as N,2025-02-17 12:00:00.000+10:00,,mg/L,0.01,,,,,,,,
RLM,Nitrite as N,2025-02-17 12:00:00.000+10:00,,mg/L,0.01,,,,,,,,
RLW,Nitrite as N,2025-02-17 12:00:00.000+10:00,,mg/L,0.01,,,,,,,,
RLM,Total Kjeldahl Nitrogen as N,2025-02-17 12:00:00.000+10:00,0.5,mg/L,0.1,,,,,,,,
RLE,Total Kjeldahl Nitrogen as N,2025-02-17 12:00:00.000+10:00,0.5,mg/L,0.1,,,,,,,,
RLW,Total Kjeldahl Nitrogen as N,2025-02-17 12:00:00.000+10:00,0.5,mg/L,0.1,,,,,,,,
RLE,Total Nitrogen as N,2025-02-17 12:00:00.000+10:00,0.5,mg/L,0.1,,,,,,,,
RLM,Total Nitrogen as N,2025-02-17 12:00:00.000+10:00,0.5,mg/L,0.1,,,,,,,,
RLW,Total Nitrogen as N,2025-02-17 12:00:00.000+10:00,0.5,mg/L,0.1,,,,,,,,
RLE,Total Phosphorus as P,2025-02-17 12:00:00.000+10:00,0.03,mg/L,0.01,,,,,,,,
RLW,Total Phosphorus as P,2025-02-17 12:00:00.000+10:00,0.03,mg/L,0.01,,,,,,,,
RLM,Total Phosphorus as P,2025-02-17 12:00:00.000+10:00,0.04,mg/L,0.01,,,,,,,,
RLM,Total suspended solids,2025-02-17 12:00:00.000+10:00,,mg/L,5,,,,,,,,
RLE,Total suspended solids,2025-02-17 12:00:00.000+10:00,,mg/L,5,,,,,,,,
RLW,Total suspended solids,2025-02-17 12:00:00.000+10:00,,mg/L,5,,,,,,,,
RLW,Ammonia as N,2025-02-03 12:00:00.000+10:00,0.06,mg/L,0.01,,,,,,,,
RLM,Ammonia as N,2025-02-03 12:00:00.000+10:00,0.01,mg/L,0.01,,,,,,,,
RLE,Ammonia as N,2025-02-03 12:00:00.000+10:00,0.04,mg/L,0.01,,,,,,,,
RLE,Dissolved Reactive Phosphorus as P,2025-02-03 12:00:00.000+10:00,,mg/L,0.01,,,,,,,,
RLW,Dissolved Reactive Phosphorus as P,2025-02-03 12:00:00.000+10:00,,mg/L,0.01,,,,,,,,
RLM,Dissolved Reactive Phosphorus as P,2025-02-03 12:00:00.000+10:00,,mg/L,0.01,,,,,,,,
RLW,Nitrate as N,2025-02-03 12:00:00.000+10:00,,mg/L,0.01,,,,,,,,
RLE,Nitrate as N,2025-02-03 12:00:00.000+10:00,,mg/L,0.01,,,,,,,,
RLM,Nitrate as N,2025-02-03 12:00:00.000+10:00,,mg/L,0.01,,,,,,,,
RLW,Nitrite + Nitrate as N,2025-02-03 12:00:00.000+10:00,,mg/L,0.01,,,,,,,,
RLM,Nitrite + Nitrate as N,2025-02-03 12:00:00.000+10:00,,mg/L,0.01,,,,,,,,
RLE,Nitrite + Nitrate as N,2025-02-03 12:00:00.000+10:00,,mg/L,0.01,,,,,,,,
RLW,Nitrite as N,2025-02-03 12:00:00.000+10:00,,mg/L,0.01,,,,,,,,
RLE,Nitrite as N,2025-02-03 12:00:00.000+10:00,,mg/L,0.01,,,,,,,,
RLM,Nitrite as N,2025-02-03 12:00:00.000+10:00,,mg/L,0.01,,,,,,,,
RLW,Total Kjeldahl Nitrogen as N,2025-02-03 12:00:00.000+10:00,0.6,mg/L,0.1,,,,,,,,
RLE,Total Kjeldahl Nitrogen as N,2025-02-03 12:00:00.000+10:00,0.5,mg/L,0.1,,,,,,,,
RLM,Total Kjeldahl Nitrogen as N,2025-02-03 12:00:00.000+10:00,0.6,mg/L,0.1,,,,,,,,
RLW,Total Nitrogen as N,2025-02-03 12:00:00.000+10:00,0.6,mg/L,0.1,,,,,,,,
RLE,Total Nitrogen as N,2025-02-03 12:00:00.000+10:00,0.5,mg/L,0.1,,,,,,,,
RLM,Total Nitrogen as N,2025-02-03 12:00:00.000+10:00,0.6,mg/L,0.1,,,,,,,,
RLM,Total Phosphorus as P,2025-02-03 12:00:00.000+10:00,0.02,mg/L,0.01,,,,,,,,
RLE,Total Phosphorus as P,2025-02-03 12:00:00.000+10:00,0.02,mg/L,0.01,,,,,,,,
RLW,Total Phosphorus as P,2025-02-03 12:00:00.000+10:00,0.02,mg/L,0.01,,,,,,,,
RLE,Total suspended solids,2025-02-03 12:00:00.000+10:00,,mg/L,5,,,,,,,,
RLM,Total suspended solids,2025-02-03 12:00:00.000+10:00,,mg/L,5,,,,,,,,
RLW,Total suspended solids,2025-02-03 12:00:00.000+10:00,,mg/L,5,,,,,,,,
RLW,Aphanizomenon gracile_Biovolume,2025-01-28 10:35:00.000+11:00,0.022,mm3/l,,,,,,,,,
RLW,Aphanizomenon gracile_Cell count,2025-01-28 10:35:00.000+11:00,442,cells/ml,,,,,,,,,
RLW,Aphanizomenonaceae_Biovolume,2025-01-28 10:35:00.000+11:00,0.116,mm3/l,,,,,,,,,
RLW,Aphanizomenonaceae_Cell count,2025-01-28 10:35:00.000+11:00,1121,cells/ml,,,,,,,,,
RLW,Coccoid Blue Green Picoplankton_Biovolume,2025-01-28 10:35:00.000+11:00,0.323,mm3/l,,,,,,,,,
RLW,Coccoid Blue Green Picoplankton_Cell count,2025-01-28 10:35:00.000+11:00,717262,cells/ml,,,,,,,,,
RLW,Cyanobacteria Biovolume,2025-01-28 10:35:00.000+11:00,0.904,mm3/l,,,,,,,,,
RLW,Enterococci,2025-01-28 10:35:00.000+11:00,1,cfu/100ml,,,,,,,,,
RLW,Microcystis_Biovolume,2025-01-28 10:35:00.000+11:00,0.053,mm3/l,,,,,,,,,
RLW,Microcystis_Cell count,2025-01-28 10:35:00.000+11:00,2035,cells/ml,,,,,,,,,
RLW,Potentially Toxic Cyanobacteria,2025-01-28 10:35:00.000+11:00,12240,cells/ml,,,,,,,,,
RLW,Potentially Toxic Cyanobacteria Biovolume,2025-01-28 10:35:00.000+11:00,0.559,mm3/l,,,,,,,,,
RLW,Raphidiopsis raciborskii_Biovolume,2025-01-28 10:35:00.000+11:00,0.173,mm3/l,,,,,,,,,
RLW,Raphidiopsis raciborskii_Cell count,2025-01-28 10:35:00.000+11:00,5901,cells/ml,,,,,,,,,
RLW,Total Cyanobacteria,2025-01-28 10:35:00.000+11:00,729900,cells/ml,,,,,,,,,
RLW,Umezakia ovalisporum_Biovolume,2025-01-28 10:35:00.000+11:00,0.217,mm3/l,,,,,,,,,
RLW,Umezakia ovalisporum_Cell count,2025-01-28 10:35:00.000+11:00,3181,cells/ml,,,,,,,,,
RLM,Coccoid Blue Green Picoplankton_Biovolume,2025-01-28 10:25:00.000+11:00,0.091,mm3/l,,,,,,,,,
RLM,Coccoid Blue Green Picoplankton_Cell count,2025-01-28 10:25:00.000+11:00,201598,cells/ml,,,,,,,,,
RLM,Cyanobacteria Biovolume,2025-01-28 10:25:00.000+11:00,0.75,mm3/l,,,,,,,,,
RLM,Enterococci,2025-01-28 10:25:00.000+11:00,1,cfu/100ml,,,,,,,,,
RLM,Microcystis_Biovolume,2025-01-28 10:25:00.000+11:00,0.055,mm3/l,,,,,,,,,
RLM,Microcystis_Cell count,2025-01-28 10:25:00.000+11:00,2123,cells/ml,,,,,,,,,
RLM,Potentially Toxic Cyanobacteria,2025-01-28 10:25:00.000+11:00,13990,cells/ml,,,,,,,,,
RLM,Potentially Toxic Cyanobacteria Biovolume,2025-01-28 10:25:00.000+11:00,0.609,mm3/l,,,,,,,,,
RLM,Pseudanabaena_Biovolume,2025-01-28 10:25:00.000+11:00,0.05,mm3/l,,,,,,,,,
RLM,Pseudanabaena_Cell count,2025-01-28 10:25:00.000+11:00,5081,cells/ml,,,,,,,,,
RLM,Raphidiopsis raciborskii_Biovolume,2025-01-28 10:25:00.000+11:00,0.193,mm3/l,,,,,,,,,
RLM,Raphidiopsis raciborskii_Cell count,2025-01-28 10:25:00.000+11:00,6582,cells/ml,,,,,,,,,
RLM,Total Cyanobacteria,2025-01-28 10:25:00.000+11:00,220700,cells/ml,,,,,,,,,
RLM,Umezakia ovalisporum_Biovolume,2025-01-28 10:25:00.000+11:00,0.361,mm3/l,,,,,,,,,
RLM,Umezakia ovalisporum_Cell count,2025-01-28 10:25:00.000+11:00,5288,cells/ml,,,,,,,,,
RLE,Aphanizomenonaceae_Biovolume,2025-01-28 10:15:00.000+11:00,0.601,mm3/l,,,,,,,,,
RLE,Aphanizomenonaceae_Cell count,2025-01-28 10:15:00.000+11:00,5784,cells/ml,,,,,,,,,
RLE,Coccoid Blue Green Picoplankton_Biovolume,2025-01-28 10:15:00.000+11:00,0.199,mm3/l,,,,,,,,,
RLE,Coccoid Blue Green Picoplankton_Cell count,2025-01-28 10:15:00.000+11:00,442056,cells/ml,,,,,,,,,
RLE,Cuspidothrix issatschenkoi_Biovolume,2025-01-28 10:15:00.000+11:00,0.075,mm3/l,,,,,,,,,
RLE,Cuspidothrix issatschenkoi_Cell count,2025-01-28 10:15:00.000+11:00,1393,cells/ml,,,,,,,,,
RLE,Cyanobacteria Biovolume,2025-01-28 10:15:00.000+11:00,1.72,mm3/l,,,,,,,,,
RLE,Enterococci,2025-01-28 10:15:00.000+11:00,1,cfu/100ml,,,,,,,,,
RLE,Microcystis_Biovolume,2025-01-28 10:15:00.000+11:00,0.034,mm3/l,,,,,,,,,
RLE,Microcystis_Cell count,2025-01-28 10:15:00.000+11:00,1327,cells/ml,,,,,,,,,
RLE,Planktolyngbya_Biovolume,2025-01-28 10:15:00.000+11:00,0.005,mm3/l,,,,,,,,,
RLE,Planktolyngbya_Cell count,2025-01-28 10:15:00.000+11:00,2177,cells/ml,,,,,,,,,
RLE,Potentially Toxic Cyanobacteria,2025-01-28 10:15:00.000+11:00,26780,cells/ml,,,,,,,,,
RLE,Potentially Toxic Cyanobacteria Biovolume,2025-01-28 10:15:00.000+11:00,1.43,mm3/l,,,,,,,,,
RLE,Pseudanabaena_Biovolume,2025-01-28 10:15:00.000+11:00,0.011,mm3/l,,,,,,,,,
RLE,Pseudanabaena_Cell count,2025-01-28 10:15:00.000+11:00,1104,cells/ml,,,,,,,,,
RLE,Raphidiopsis raciborskii_Biovolume,2025-01-28 10:15:00.000+11:00,0.411,mm3/l,,,,,,,,,
RLE,Raphidiopsis raciborskii_Cell count,2025-01-28 10:15:00.000+11:00,14018,cells/ml,,,,,,,,,
RLE,Total Cyanobacteria,2025-01-28 10:15:00.000+11:00,473500,cells/ml,,,,,,,,,
RLE,Umezakia ovalisporum_Biovolume,2025-01-28 10:15:00.000+11:00,0.386,mm3/l,,,,,,,,,
RLE,Umezakia ovalisporum_Cell count,2025-01-28 10:15:00.000+11:00,5648,cells/ml,,,,,,,,,
RLE,Ammonia as N,2025-01-20 12:00:00.000+10:00,0.02,mg/L,0.01,,,,,,,,
RLM,Ammonia as N,2025-01-20 12:00:00.000+10:00,0.03,mg/L,0.01,,,,,,,,
RLW,Ammonia as N,2025-01-20 12:00:00.000+10:00,0.02,mg/L,0.01,,,,,,,,
RLM,Dissolved Reactive Phosphorus as P,2025-01-20 12:00:00.000+10:00,,mg/L,0.01,,,,,,,,
RLW,Dissolved Reactive Phosphorus as P,2025-01-20 12:00:00.000+10:00,,mg/L,0.01,,,,,,,,
RLE,Dissolved Reactive Phosphorus as P,2025-01-20 12:00:00.000+10:00,,mg/L,0.01,,,,,,,,
RLW,Nitrate as N,2025-01-20 12:00:00.000+10:00,,mg/L,0.01,,,,,,,,
RLE,Nitrate as N,2025-01-20 12:00:00.000+10:00,,mg/L,0.01,,,,,,,,
RLM,Nitrate as N,2025-01-20 12:00:00.000+10:00,,mg/L,0.01,,,,,,,,
RLM,Nitrite + Nitrate as N,2025-01-20 12:00:00.000+10:00,,mg/L,0.01,,,,,,,,
RLE,Nitrite + Nitrate as N,2025-01-20 12:00:00.000+10:00,,mg/L,0.01,,,,,,,,
RLW,Nitrite + Nitrate as N,2025-01-20 12:00:00.000+10:00,,mg/L,0.01,,,,,,,,
RLM,Nitrite as N,2025-01-20 12:00:00.000+10:00,,mg/L,0.01,,,,,,,,
RLE,Nitrite as N,2025-01-20 12:00:00.000+10:00,,mg/L,0.01,,,,,,,,
RLW,Nitrite as N,2025-01-20 12:00:00.000+10:00,,mg/L,0.01,,,,,,,,
RLW,Total Kjeldahl Nitrogen as N,2025-01-20 12:00:00.000+10:00,0.5,mg/L,0.1,,,,,,,,
RLM,Total Kjeldahl Nitrogen as N,2025-01-20 12:00:00.000+10:00,0.5,mg/L,0.1,,,,,,,,
RLE,Total Kjeldahl Nitrogen as N,2025-01-20 12:00:00.000+10:00,0.5,mg/L,0.1,,,,,,,,
RLW,Total Nitrogen as N,2025-01-20 12:00:00.000+10:00,0.5,mg/L,0.1,,,,,,,,
RLM,Total Nitrogen as N,2025-01-20 12:00:00.000+10:00,0.5,mg/L,0.1,,,,,,,,
RLE,Total Nitrogen as N,2025-01-20 12:00:00.000+10:00,0.5,mg/L,0.1,,,,,,,,
RLM,Total Phosphorus as P,2025-01-20 12:00:00.000+10:00,0.05,mg/L,0.01,,,,,,,,
RLW,Total Phosphorus as P,2025-01-20 12:00:00.000+10:00,0.04,mg/L,0.01,,,,,,,,
RLE,Total Phosphorus as P,2025-01-20 12:00:00.000+10:00,0.06,mg/L,0.01,,,,,,,,
RLE,Total suspended solids,2025-01-20 12:00:00.000+10:00,,mg/L,5,,,,,,,,
RLW,Total suspended solids,2025-01-20 12:00:00.000+10:00,,mg/L,5,,,,,,,,
RLM,Total suspended solids,2025-01-20 12:00:00.000+10:00,,mg/L,5,,,,,,,,
RLE,Chlorophyll - a,2025-01-20 10:05:00.000+11:00,15.87,mg/m^3,,,,,,,,,
RLE,Coccoid Blue Green Picoplankton_Biovolume,2025-01-20 10:05:00.000+11:00,0.148,mm3/l,,,,,,,,,
RLE,Coccoid Blue Green Picoplankton_Cell count,2025-01-20 10:05:00.000+11:00,328908,cells/ml,,,,,,,,,
RLE,Cyanobacteria Biovolume,2025-01-20 10:05:00.000+11:00,0.367,mm3/l,,,,,,,,,
RLE,Enterococci,2025-01-20 10:05:00.000+11:00,1,cfu/100ml,,,,,,,,,
RLE,Microcystis_Biovolume,2025-01-20 10:05:00.000+11:00,0.129,mm3/l,,,,,,,,,
RLE,Microcystis_Cell count,2025-01-20 10:05:00.000+11:00,4981,cells/ml,,,,,,,,,
RLE,Potentially Toxic Cyanobacteria,2025-01-20 10:05:00.000+11:00,7320,cells/ml,,,,,,,,,
RLE,Potentially Toxic Cyanobacteria Biovolume,2025-01-20 10:05:00.000+11:00,0.219,mm3/l,,,,,,,,,
RLE,Raphidiopsis raciborskii_Biovolume,2025-01-20 10:05:00.000+11:00,0.051,mm3/l,,,,,,,,,
RLE,Raphidiopsis raciborskii_Cell count,2025-01-20 10:05:00.000+11:00,1764,cells/ml,,,,,,,,,
RLE,Total Cyanobacteria,2025-01-20 10:05:00.000+11:00,336200,cells/ml,,,,,,,,,
RLE,Umezakia ovalisporum_Biovolume,2025-01-20 10:05:00.000+11:00,0.039,mm3/l,,,,,,,,,
RLE,Umezakia ovalisporum_Cell count,2025-01-20 10:05:00.000+11:00,578,cells/ml,,,,,,,,,
RLM,Chlorophyll - a,2025-01-20 09:55:00.000+11:00,9.51,mg/m^3,,,,,,,,,
RLM,Coccoid Blue Green Picoplankton_Biovolume,2025-01-20 09:55:00.000+11:00,0.154,mm3/l,,,,,,,,,
RLM,Coccoid Blue Green Picoplankton_Cell count,2025-01-20 09:55:00.000+11:00,342953,cells/ml,,,,,,,,,
RLM,Cyanobacteria Biovolume,2025-01-20 09:55:00.000+11:00,0.537,mm3/l,,,,,,,,,
RLM,Enterococci,2025-01-20 09:55:00.000+11:00,1,cfu/100ml,,,,,,,,,
RLM,Microcystis_Biovolume,2025-01-20 09:55:00.000+11:00,0.085,mm3/l,,,,,,,,,
RLM,Microcystis_Cell count,2025-01-20 09:55:00.000+11:00,3293,cells/ml,,,,,,,,,
RLM,Potentially Toxic Cyanobacteria,2025-01-20 09:55:00.000+11:00,9280,cells/ml,,,,,,,,,
RLM,Potentially Toxic Cyanobacteria Biovolume,2025-01-20 09:55:00.000+11:00,0.383,mm3/l,,,,,,,,,
RLM,Raphidiopsis raciborskii_Biovolume,2025-01-20 09:55:00.000+11:00,0.083,mm3/l,,,,,,,,,
RLM,Raphidiopsis raciborskii_Cell count,2025-01-20 09:55:00.000+11:00,2844,cells/ml,,,,,,,,,
RLM,Total Cyanobacteria,2025-01-20 09:55:00.000+11:00,352200,cells/ml,,,,,,,,,
RLM,Umezakia ovalisporum_Biovolume,2025-01-20 09:55:00.000+11:00,0.215,mm3/l,,,,,,,,,
RLM,Umezakia ovalisporum_Cell count,2025-01-20 09:55:00.000+11:00,3145,cells/ml,,,,,,,,,
RLW,Chlorophyll - a,2025-01-20 09:45:00.000+11:00,11.83,mg/m^3,,,,,,,,,
RLW,Coccoid Blue Green Picoplankton_Biovolume,2025-01-20 09:45:00.000+11:00,0.165,mm3/l,,,,,,,,,
RLW,Coccoid Blue Green Picoplankton_Cell count,2025-01-20 09:45:00.000+11:00,366579,cells/ml,,,,,,,,,
RLW,Cyanobacteria Biovolume,2025-01-20 09:45:00.000+11:00,0.439,mm3/l,,,,,,,,,
RLW,Enterococci,2025-01-20 09:45:00.000+11:00,1,cfu/100ml,,,,,,,,,
RLW,Microcystis_Biovolume,2025-01-20 09:45:00.000+11:00,0.107,mm3/l,,,,,,,,,
RLW,Microcystis_Cell count,2025-01-20 09:45:00.000+11:00,4137,cells/ml,,,,,,,,,
RLW,Potentially Toxic Cyanobacteria,2025-01-20 09:45:00.000+11:00,8250,cells/ml,,,,,,,,,
RLW,Potentially Toxic Cyanobacteria Biovolume,2025-01-20 09:45:00.000+11:00,0.273,mm3/l,,,,,,,,,
RLW,Pseudanabaena_Biovolume,2025-01-20 09:45:00.000+11:00,0.001,mm3/l,,,,,,,,,
RLW,Pseudanabaena_Cell count,2025-01-20 09:45:00.000+11:00,136,cells/ml,,,,,,,,,
RLW,Raphidiopsis raciborskii_Biovolume,2025-01-20 09:45:00.000+11:00,0.085,mm3/l,,,,,,,,,
RLW,Raphidiopsis raciborskii_Cell count,2025-01-20 09:45:00.000+11:00,2926,cells/ml,,,,,,,,,
RLW,Total Cyanobacteria,2025-01-20 09:45:00.000+11:00,375000,cells/ml,,,,,,,,,
RLW,Umezakia ovalisporum_Biovolume,2025-01-20 09:45:00.000+11:00,0.081,mm3/l,,,,,,,,,
RLW,Umezakia ovalisporum_Cell count,2025-01-20 09:45:00.000+11:00,1189,cells/ml,,,,,,,,,
RLE,Anabaena_Biovolume,2025-01-13 11:30:00.000+11:00,0.01,mm3/l,,,,,,,,,
RLE,Anabaena_Cell count,2025-01-13 11:30:00.000+11:00,102,cells/ml,,,,,,,,,
RLE,Coccoid Blue Green Picoplankton_Biovolume,2025-01-13 11:30:00.000+11:00,0.292,mm3/l,,,,,,,,,
RLE,Coccoid Blue Green Picoplankton_Cell count,2025-01-13 11:30:00.000+11:00,647528,cells/ml,,,,,,,,,
RLE,Cyanobacteria Biovolume,2025-01-13 11:30:00.000+11:00,0.438,mm3/l,,,,,,,,,
RLE,Enterococci,2025-01-13 11:30:00.000+11:00,1,cfu/100ml,,,,,,,,,
RLE,Microcystis_Biovolume,2025-01-13 11:30:00.000+11:00,0.065,mm3/l,,,,,,,,,
RLE,Microcystis_Cell count,2025-01-13 11:30:00.000+11:00,2504,cells/ml,,,,,,,,,
RLE,Potentially Toxic Cyanobacteria,2025-01-13 11:30:00.000+11:00,3300,cells/ml,,,,,,,,,
RLE,Potentially Toxic Cyanobacteria Biovolume,2025-01-13 11:30:00.000+11:00,0.088,mm3/l,,,,,,,,,
RLE,Pseudanabaena_Biovolume,2025-01-13 11:30:00.000+11:00,0.048,mm3/l,,,,,,,,,
RLE,Pseudanabaena_Cell count,2025-01-13 11:30:00.000+11:00,4899,cells/ml,,,,,,,,,
RLE,Raphidiopsis raciborskii_Biovolume,2025-01-13 11:30:00.000+11:00,0.023,mm3/l,,,,,,,,,
RLE,Raphidiopsis raciborskii_Cell count,2025-01-13 11:30:00.000+11:00,800,cells/ml,,,,,,,,,
RLE,Total Cyanobacteria,2025-01-13 11:30:00.000+11:00,655800,cells/ml,,,,,,,,,
RLM,Coccoid Blue Green Picoplankton_Biovolume,2025-01-13 11:00:00.000+11:00,0.363,mm3/l,,,,,,,,,
RLM,Coccoid Blue Green Picoplankton_Cell count,2025-01-13 11:00:00.000+11:00,804252,cells/ml,,,,,,,,,
RLM,Cyanobacteria Biovolume,2025-01-13 11:00:00.000+11:00,0.497,mm3/l,,,,,,,,,
RLM,Enterococci,2025-01-13 11:00:00.000+11:00,1,cfu/100ml,,,,,,,,,
RLM,Microcystis_Biovolume,2025-01-13 11:00:00.000+11:00,0.076,mm3/l,,,,,,,,,
RLM,Microcystis_Cell count,2025-01-13 11:00:00.000+11:00,2940,cells/ml,,,,,,,,,
RLM,Non toxic Aphanizomenonaceae_Biovolume,2025-01-13 11:00:00.000+11:00,0.012,mm3/l,,,,,,,,,
RLM,Non toxic Aphanizomenonaceae_Cell count,2025-01-13 11:00:00.000+11:00,272,cells/ml,,,,,,,,,
RLM,Potentially Toxic Cyanobacteria,2025-01-13 11:00:00.000+11:00,4300,cells/ml,,,,,,,,,
RLM,Potentially Toxic Cyanobacteria Biovolume,2025-01-13 11:00:00.000+11:00,0.122,mm3/l,,,,,,,,,
RLM,Raphidiopsis raciborskii_Biovolume,2025-01-13 11:00:00.000+11:00,0.033,mm3/l,,,,,,,,,
RLM,Raphidiopsis raciborskii_Cell count,2025-01-13 11:00:00.000+11:00,1155,cells/ml,,,,,,,,,
RLM,Total Cyanobacteria,2025-01-13 11:00:00.000+11:00,808800,cells/ml,,,,,,,,,
RLM,Umezakia ovalisporum_Biovolume,2025-01-13 11:00:00.000+11:00,0.013,mm3/l,,,,,,,,,
RLM,Umezakia ovalisporum_Cell count,2025-01-13 11:00:00.000+11:00,204,cells/ml,,,,,,,,,
RLW,Coccoid Blue Green Picoplankton_Biovolume,2025-01-13 10:30:00.000+11:00,0.24,mm3/l,,,,,,,,,
RLW,Coccoid Blue Green Picoplankton_Cell count,2025-01-13 10:30:00.000+11:00,532339,cells/ml,,,,,,,,,
RLW,Cyanobacteria Biovolume,2025-01-13 10:30:00.000+11:00,0.366,mm3/l,,,,,,,,,
RLW,Enterococci,2025-01-13 10:30:00.000+11:00,1,cfu/100ml,,,,,,,,,
RLW,Microcystis_Biovolume,2025-01-13 10:30:00.000+11:00,0.024,mm3/l,,,,,,,,,
RLW,Microcystis_Cell count,2025-01-13 10:30:00.000+11:00,933,cells/ml,,,,,,,,,
RLW,Planktolyngbya_Biovolume,2025-01-13 10:30:00.000+11:00,0.007,mm3/l,,,,,,,,,
RLW,Planktolyngbya_Cell count,2025-01-13 10:30:00.000+11:00,3085,cells/ml,,,,,,,,,
RLW,Potentially Toxic Cyanobacteria,2025-01-13 10:30:00.000+11:00,3380,cells/ml,,,,,,,,,
RLW,Potentially Toxic Cyanobacteria Biovolume,2025-01-13 10:30:00.000+11:00,0.11,mm3/l,,,,,,,,,
RLW,Pseudanabaena_Biovolume,2025-01-13 10:30:00.000+11:00,0.009,mm3/l,,,,,,,,,
RLW,Pseudanabaena_Cell count,2025-01-13 10:30:00.000+11:00,933,cells/ml,,,,,,,,,
RLW,Raphidiopsis raciborskii_Biovolume,2025-01-13 10:30:00.000+11:00,0.06,mm3/l,,,,,,,,,
RLW,Raphidiopsis raciborskii_Cell count,2025-01-13 10:30:00.000+11:00,2058,cells/ml,,,,,,,,,
RLW,Total Cyanobacteria,2025-01-13 10:30:00.000+11:00,539700,cells/ml,,,,,,,,,
RLW,Umezakia ovalisporum_Biovolume,2025-01-13 10:30:00.000+11:00,0.026,mm3/l,,,,,,,,,
RLW,Umezakia ovalisporum_Cell count,2025-01-13 10:30:00.000+11:00,391,cells/ml,,,,,,,,,
RLM,Ammonia as N,2025-01-06 12:00:00.000+10:00,,mg/L,0.01,,,,,,,,
RLE,Ammonia as N,2025-01-06 12:00:00.000+10:00,,mg/L,0.01,,,,,,,,
RLW,Ammonia as N,2025-01-06 12:00:00.000+10:00,,mg/L,0.01,,,,,,,,
RLM,Dissolved Reactive Phosphorus as P,2025-01-06 12:00:00.000+10:00,,mg/L,0.01,,,,,,,,
RLE,Dissolved Reactive Phosphorus as P,2025-01-06 12:00:00.000+10:00,,mg/L,0.01,,,,,,,,
RLW,Dissolved Reactive Phosphorus as P,2025-01-06 12:00:00.000+10:00,,mg/L,0.01,,,,,,,,
RLM,Nitrate as N,2025-01-06 12:00:00.000+10:00,,mg/L,0.01,,,,,,,,
RLW,Nitrate as N,2025-01-06 12:00:00.000+10:00,,mg/L,0.01,,,,,,,,
RLE,Nitrate as N,2025-01-06 12:00:00.000+10:00,,mg/L,0.01,,,,,,,,
RLW,Nitrite + Nitrate as N,2025-01-06 12:00:00.000+10:00,,mg/L,0.01,,,,,,,,
RLM,Nitrite + Nitrate as N,2025-01-06 12:00:00.000+10:00,,mg/L,0.01,,,,,,,,
RLE,Nitrite + Nitrate as N,2025-01-06 12:00:00.000+10:00,,mg/L,0.01,,,,,,,,
RLM,Nitrite as N,2025-01-06 12:00:00.000+10:00,,mg/L,0.01,,,,,,,,
RLW,Nitrite as N,2025-01-06 12:00:00.000+10:00,,mg/L,0.01,,,,,,,,
RLE,Nitrite as N,2025-01-06 12:00:00.000+10:00,,mg/L,0.01,,,,,,,,
RLM,Total Kjeldahl Nitrogen as N,2025-01-06 12:00:00.000+10:00,0.5,mg/L,0.1,,,,,,,,
RLW,Total Kjeldahl Nitrogen as N,2025-01-06 12:00:00.000+10:00,0.5,mg/L,0.1,,,,,,,,
RLE,Total Kjeldahl Nitrogen as N,2025-01-06 12:00:00.000+10:00,0.5,mg/L,0.1,,,,,,,,
RLW,Total Nitrogen as N,2025-01-06 12:00:00.000+10:00,0.5,mg/L,0.1,,,,,,,,
RLM,Total Nitrogen as N,2025-01-06 12:00:00.000+10:00,0.5,mg/L,0.1,,,,,,,,
RLE,Total Nitrogen as N,2025-01-06 12:00:00.000+10:00,0.5,mg/L,0.1,,,,,,,,
RLW,Total Phosphorus as P,2025-01-06 12:00:00.000+10:00,0.02,mg/L,0.01,,,,,,,,
RLM,Total Phosphorus as P,2025-01-06 12:00:00.000+10:00,0.02,mg/L,0.01,,,,,,,,
RLE,Total Phosphorus as P,2025-01-06 12:00:00.000+10:00,0.07,mg/L,0.01,,,,,,,,
RLE,Total suspended solids,2025-01-06 12:00:00.000+10:00,,mg/L,5,,,,,,,,
RLM,Total suspended solids,2025-01-06 12:00:00.000+10:00,,mg/L,5,,,,,,,,
RLW,Total suspended solids,2025-01-06 12:00:00.000+10:00,,mg/L,5,,,,,,,,
RLE,Chlorophyll - a,2025-01-06 09:40:00.000+11:00,5.71,mg/m^3,,,,,,,,,
RLE,Coccoid Blue Green Picoplankton_Biovolume,2025-01-06 09:40:00.000+11:00,0.567,mm3/l,,,,,,,,,
RLE,Coccoid Blue Green Picoplankton_Cell count,2025-01-06 09:40:00.000+11:00,1256841,cells/ml,,,,,,,,,
RLE,Cyanobacteria Biovolume,2025-01-06 09:40:00.000+11:00,0.662,mm3/l,,,,,,,,,
RLE,Enterococci,2025-01-06 09:40:00.000+11:00,1,cfu/100ml,,,,,,,,,
RLE,Microcystis_Biovolume,2025-01-06 09:40:00.000+11:00,0.084,mm3/l,,,,,,,,,
RLE,Microcystis_Cell count,2025-01-06 09:40:00.000+11:00,3239,cells/ml,,,,,,,,,
RLE,Potentially Toxic Cyanobacteria,2025-01-06 09:40:00.000+11:00,3560,cells/ml,,,,,,,,,
RLE,Potentially Toxic Cyanobacteria Biovolume,2025-01-06 09:40:00.000+11:00,0.093,mm3/l,,,,,,,,,
RLE,Pseudanabaena_Biovolume,2025-01-06 09:40:00.000+11:00,0.002,mm3/l,,,,,,,,,
RLE,Pseudanabaena_Cell count,2025-01-06 09:40:00.000+11:00,272,cells/ml,,,,,,,,,
RLE,Raphidiopsis raciborskii_Biovolume,2025-01-06 09:40:00.000+11:00,0.009,mm3/l,,,,,,,,,
RLE,Raphidiopsis raciborskii_Cell count,2025-01-06 09:40:00.000+11:00,323,cells/ml,,,,,,,,,
RLE,Total Cyanobacteria,2025-01-06 09:40:00.000+11:00,1261000,cells/ml,,,,,,,,,
RLM,Chlorophyll - a,2025-01-06 09:30:00.000+11:00,4.81,mg/m^3,,,,,,,,,
RLM,Coccoid Blue Green Picoplankton_Biovolume,2025-01-06 09:30:00.000+11:00,0.207,mm3/l,,,,,,,,,
RLM,Coccoid Blue Green Picoplankton_Cell count,2025-01-06 09:30:00.000+11:00,458577,cells/ml,,,,,,,,,
RLM,Cyanobacteria Biovolume,2025-01-06 09:30:00.000+11:00,0.351,mm3/l,,,,,,,,,
RLM,Enterococci,2025-01-06 09:30:00.000+11:00,1,cfu/100ml,,,,,,,,,
RLM,Merismopedia_Biovolume,2025-01-06 09:30:00.000+11:00,0.024,mm3/l,,,,,,,,,
RLM,Merismopedia_Cell count,2025-01-06 09:30:00.000+11:00,2903,cells/ml,,,,,,,,,
RLM,Microcystis_Biovolume,2025-01-06 09:30:00.000+11:00,0.066,mm3/l,,,,,,,,,
RLM,Microcystis_Cell count,2025-01-06 09:30:00.000+11:00,2531,cells/ml,,,,,,,,,
RLM,Potentially Toxic Cyanobacteria,2025-01-06 09:30:00.000+11:00,4400,cells/ml,,,,,,,,,
RLM,Potentially Toxic Cyanobacteria Biovolume,2025-01-06 09:30:00.000+11:00,0.12,mm3/l,,,,,,,,,
RLM,Raphidiopsis raciborskii_Biovolume,2025-01-06 09:30:00.000+11:00,0.054,mm3/l,,,,,,,,,
RLM,Raphidiopsis raciborskii_Cell count,2025-01-06 09:30:00.000+11:00,1871,cells/ml,,,,,,,,,
RLM,Total Cyanobacteria,2025-01-06 09:30:00.000+11:00,465900,cells/ml,,,,,,,,,
RLW,Chlorophyll - a,2025-01-06 09:20:00.000+11:00,5.34,mg/m^3,,,,,,,,,
RLW,Coccoid Blue Green Picoplankton_Biovolume,2025-01-06 09:20:00.000+11:00,0.174,mm3/l,,,,,,,,,
RLW,Coccoid Blue Green Picoplankton_Cell count,2025-01-06 09:20:00.000+11:00,387047,cells/ml,,,,,,,,,
RLW,Cyanobacteria Biovolume,2025-01-06 09:20:00.000+11:00,0.243,mm3/l,,,,,,,,,
RLW,Enterococci,2025-01-06 09:20:00.000+11:00,1,cfu/100ml,,,,,,,,,
RLW,Microcystis_Biovolume,2025-01-06 09:20:00.000+11:00,0.069,mm3/l,,,,,,,,,
RLW,Microcystis_Cell count,2025-01-06 09:20:00.000+11:00,2654,cells/ml,,,,,,,,,
RLW,Potentially Toxic Cyanobacteria,2025-01-06 09:20:00.000+11:00,2650,cells/ml,,,,,,,,,
RLW,Potentially Toxic Cyanobacteria Biovolume,2025-01-06 09:20:00.000+11:00,0.069,mm3/l,,,,,,,,,
RLW,Total Cyanobacteria,2025-01-06 09:20:00.000+11:00,389700,cells/ml,,,,,,,,,
RLE,Ammonia as N,2024-12-23 12:00:00.000+10:00,,mg/L,0.01,,,,,,,,
RLW,Ammonia as N,2024-12-23 12:00:00.000+10:00,0.02,mg/L,0.01,,,,,,,,
RLM,Ammonia as N,2024-12-23 12:00:00.000+10:00,,mg/L,0.01,,,,,,,,
RLM,Dissolved Reactive Phosphorus as P,2024-12-23 12:00:00.000+10:00,,mg/L,0.01,,,,,,,,
RLE,Dissolved Reactive Phosphorus as P,2024-12-23 12:00:00.000+10:00,,mg/L,0.01,,,,,,,,
RLW,Dissolved Reactive Phosphorus as P,2024-12-23 12:00:00.000+10:00,,mg/L,0.01,,,,,,,,
RLE,Nitrate as N,2024-12-23 12:00:00.000+10:00,,mg/L,0.01,,,,,,,,
RLW,Nitrate as N,2024-12-23 12:00:00.000+10:00,,mg/L,0.01,,,,,,,,
RLM,Nitrate as N,2024-12-23 12:00:00.000+10:00,,mg/L,0.01,,,,,,,,
RLW,Nitrite + Nitrate as N,2024-12-23 12:00:00.000+10:00,,mg/L,0.01,,,,,,,,
RLM,Nitrite + Nitrate as N,2024-12-23 12:00:00.000+10:00,,mg/L,0.01,,,,,,,,
RLE,Nitrite + Nitrate as N,2024-12-23 12:00:00.000+10:00,,mg/L,0.01,,,,,,,,
RLE,Nitrite as N,2024-12-23 12:00:00.000+10:00,,mg/L,0.01,,,,,,,,
RLM,Nitrite as N,2024-12-23 12:00:00.000+10:00,,mg/L,0.01,,,,,,,,
RLW,Nitrite as N,2024-12-23 12:00:00.000+10:00,,mg/L,0.01,,,,,,,,
RLM,Total Kjeldahl Nitrogen as N,2024-12-23 12:00:00.000+10:00,0.4,mg/L,0.1,,,,,,,,
RLW,Total Kjeldahl Nitrogen as N,2024-12-23 12:00:00.000+10:00,0.4,mg/L,0.1,,,,,,,,
RLE,Total Kjeldahl Nitrogen as N,2024-12-23 12:00:00.000+10:00,0.5,mg/L,0.1,,,,,,,,
RLM,Total Nitrogen as N,2024-12-23 12:00:00.000+10:00,0.4,mg/L,0.1,,,,,,,,
RLW,Total Nitrogen as N,2024-12-23 12:00:00.000+10:00,0.4,mg/L,0.1,,,,,,,,
RLE,Total Nitrogen as N,2024-12-23 12:00:00.000+10:00,0.5,mg/L,0.1,,,,,,,,
RLE,Total Phosphorus as P,2024-12-23 12:00:00.000+10:00,,mg/L,0.01,,,,,,,,
RLM,Total Phosphorus as P,2024-12-23 12:00:00.000+10:00,0.02,mg/L,0.01,,,,,,,,
RLW,Total Phosphorus as P,2024-12-23 12:00:00.000+10:00,0.01,mg/L,0.01,,,,,,,,
RLM,Total suspended solids,2024-12-23 12:00:00.000+10:00,5,mg/L,5,,,,,,,,
RLW,Total suspended solids,2024-12-23 12:00:00.000+10:00,,mg/L,5,,,,,,,,
RLE,Total suspended solids,2024-12-23 12:00:00.000+10:00,6,mg/L,5,,,,,,,,
RLW,Chlorophyll - a,2024-12-23 10:10:00.000+11:00,3.82,mg/m^3,,,,,,,,,
RLW,Coccoid Blue Green Picoplankton_Biovolume,2024-12-23 10:10:00.000+11:00,0.106,mm3/l,,,,,,,,,
RLW,Coccoid Blue Green Picoplankton_Cell count,2024-12-23 10:10:00.000+11:00,235249,cells/ml,,,,,,,,,
RLW,Cyanobacteria Biovolume,2024-12-23 10:10:00.000+11:00,0.23,mm3/l,,,,,,,,,
RLW,Enterococci,2024-12-23 10:10:00.000+11:00,1,cfu/100ml,,,,,,,,,
RLW,Microcystis_Biovolume,2024-12-23 10:10:00.000+11:00,0.115,mm3/l,,,,,,,,,
RLW,Microcystis_Cell count,2024-12-23 10:10:00.000+11:00,4409,cells/ml,,,,,,,,,
RLW,Potentially Toxic Cyanobacteria,2024-12-23 10:10:00.000+11:00,4550,cells/ml,,,,,,,,,
RLW,Potentially Toxic Cyanobacteria Biovolume,2024-12-23 10:10:00.000+11:00,0.124,mm3/l,,,,,,,,,
RLW,Total Cyanobacteria,2024-12-23 10:10:00.000+11:00,239800,cells/ml,,,,,,,,,
RLW,Umezakia ovalisporum_Biovolume,2024-12-23 10:10:00.000+11:00,0.009,mm3/l,,,,,,,,,
RLW,Umezakia ovalisporum_Cell count,2024-12-23 10:10:00.000+11:00,136,cells/ml,,,,,,,,,
RLM,Chlorophyll - a,2024-12-23 10:00:00.000+11:00,3.9,mg/m^3,,,,,,,,,
RLM,Coccoid Blue Green Picoplankton_Biovolume,2024-12-23 10:00:00.000+11:00,0.052,mm3/l,,,,,,,,,
RLM,Coccoid Blue Green Picoplankton_Cell count,2024-12-23 10:00:00.000+11:00,117294,cells/ml,,,,,,,,,
RLM,Cyanobacteria Biovolume,2024-12-23 10:00:00.000+11:00,0.175,mm3/l,,,,,,,,,
RLM,Enterococci,2024-12-23 10:00:00.000+11:00,1,cfu/100ml,,,,,,,,,
RLM,Microcystis_Biovolume,2024-12-23 10:00:00.000+11:00,0.123,mm3/l,,,,,,,,,
RLM,Microcystis_Cell count,2024-12-23 10:00:00.000+11:00,4736,cells/ml,,,,,,,,,
RLM,Potentially Toxic Cyanobacteria,2024-12-23 10:00:00.000+11:00,4740,cells/ml,,,,,,,,,
RLM,Potentially Toxic Cyanobacteria Biovolume,2024-12-23 10:00:00.000+11:00,0.123,mm3/l,,,,,,,,,
RLM,Total Cyanobacteria,2024-12-23 10:00:00.000+11:00,122000,cells/ml,,,,,,,,,
RLE,Chlorophyll - a,2024-12-23 09:50:00.000+11:00,4.74,mg/m^3,,,,,,,,,
RLE,Coccoid Blue Green Picoplankton_Biovolume,2024-12-23 09:50:00.000+11:00,0.062,mm3/l,,,,,,,,,
RLE,Coccoid Blue Green Picoplankton_Cell count,2024-12-23 09:50:00.000+11:00,137562,cells/ml,,,,,,,,,
RLE,Cyanobacteria Biovolume,2024-12-23 09:50:00.000+11:00,0.153,mm3/l,,,,,,,,,
RLE,Enterococci,2024-12-23 09:50:00.000+11:00,1,cfu/100ml,,,,,,,,,
RLE,Microcystis_Biovolume,2024-12-23 09:50:00.000+11:00,0.091,mm3/l,,,,,,,,,
RLE,Microcystis_Cell count,2024-12-23 09:50:00.000+11:00,3525,cells/ml,,,,,,,,,
RLE,Potentially Toxic Cyanobacteria,2024-12-23 09:50:00.000+11:00,3530,cells/ml,,,,,,,,,
RLE,Potentially Toxic Cyanobacteria Biovolume,2024-12-23 09:50:00.000+11:00,0.091,mm3/l,,,,,,,,,
RLE,Total Cyanobacteria,2024-12-23 09:50:00.000+11:00,141100,cells/ml,,,,,,,,,
RLE,Coccoid Blue Green Picoplankton_Biovolume,2024-12-16 11:20:00.000+11:00,0.06,mm3/l,,,,,,,,,
RLE,Coccoid Blue Green Picoplankton_Cell count,2024-12-16 11:20:00.000+11:00,134496,cells/ml,,,,,,,,,
RLE,Cyanobacteria Biovolume,2024-12-16 11:20:00.000+11:00,0.073,mm3/l,,,,,,,,,
RLE,Enterococci,2024-12-16 11:20:00.000+11:00,1,cfu/100ml,,,,,,,,,
RLE,Microcystis_Biovolume,2024-12-16 11:20:00.000+11:00,0.013,mm3/l,,,,,,,,,
RLE,Microcystis_Cell count,2024-12-16 11:20:00.000+11:00,524,cells/ml,,,,,,,,,
RLE,Planktolyngbya_Biovolume,2024-12-16 11:20:00.000+11:00,0,mm3/l,,,,,,,,,
RLE,Planktolyngbya_Cell count,2024-12-16 11:20:00.000+11:00,408,cells/ml,,,,,,,,,
RLE,Potentially Toxic Cyanobacteria,2024-12-16 11:20:00.000+11:00,524,cells/ml,,,,,,,,,
RLE,Potentially Toxic Cyanobacteria Biovolume,2024-12-16 11:20:00.000+11:00,0.013,mm3/l,,,,,,,,,
RLE,Total Cyanobacteria,2024-12-16 11:20:00.000+11:00,135400,cells/ml,,,,,,,,,
RLM,Coccoid Blue Green Picoplankton_Biovolume,2024-12-16 11:10:00.000+11:00,0.168,mm3/l,,,,,,,,,
RLM,Coccoid Blue Green Picoplankton_Cell count,2024-12-16 11:10:00.000+11:00,372567,cells/ml,,,,,,,,,
RLM,Cyanobacteria Biovolume,2024-12-16 11:10:00.000+11:00,0.216,mm3/l,,,,,,,,,
RLM,Dolichospermum cf planctonicum/smithii_Biovolume,2024-12-16 11:10:00.000+11:00,0.021,mm3/l,,,,,,,,,
RLM,Dolichospermum cf planctonicum/smithii_Cell count,2024-12-16 11:10:00.000+11:00,85,cells/ml,,,,,,,,,
RLM,Enterococci,2024-12-16 11:10:00.000+11:00,1,cfu/100ml,,,,,,,,,
RLM,Microcystis_Biovolume,2024-12-16 11:10:00.000+11:00,0.027,mm3/l,,,,,,,,,
RLM,Microcystis_Cell count,2024-12-16 11:10:00.000+11:00,1062,cells/ml,,,,,,,,,
RLM,Potentially Toxic Cyanobacteria,2024-12-16 11:10:00.000+11:00,1060,cells/ml,,,,,,,,,
RLM,Potentially Toxic Cyanobacteria Biovolume,2024-12-16 11:10:00.000+11:00,0.027,mm3/l,,,,,,,,,
RLM,Total Cyanobacteria,2024-12-16 11:10:00.000+11:00,373700,cells/ml,,,,,,,,,
RLW,Coccoid Blue Green Picoplankton_Biovolume,2024-12-16 11:00:00.000+11:00,0.199,mm3/l,,,,,,,,,
RLW,Coccoid Blue Green Picoplankton_Cell count,2024-12-16 11:00:00.000+11:00,442409,cells/ml,,,,,,,,,
RLW,Cyanobacteria Biovolume,2024-12-16 11:00:00.000+11:00,0.252,mm3/l,,,,,,,,,
RLW,Enterococci,2024-12-16 11:00:00.000+11:00,1,cfu/100ml,,,,,,,,,
RLW,Microcystis_Biovolume,2024-12-16 11:00:00.000+11:00,0.053,mm3/l,,,,,,,,,
RLW,Microcystis_Cell count,2024-12-16 11:00:00.000+11:00,2035,cells/ml,,,,,,,,,
RLW,Potentially Toxic Cyanobacteria,2024-12-16 11:00:00.000+11:00,2040,cells/ml,,,,,,,,,
RLW,Potentially Toxic Cyanobacteria Biovolume,2024-12-16 11:00:00.000+11:00,0.053,mm3/l,,,,,,,,,
RLW,Total Cyanobacteria,2024-12-16 11:00:00.000+11:00,444400,cells/ml,,,,,,,,,
RLW,Ammonia as N,2024-12-09 12:00:00.000+10:00,0.02,mg/L,0.01,,,,,,,,
RLM,Ammonia as N,2024-12-09 12:00:00.000+10:00,,mg/L,0.01,,,,,,,,
RLE,Ammonia as N,2024-12-09 12:00:00.000+10:00,0.02,mg/L,0.01,,,,,,,,
RLW,Dissolved Reactive Phosphorus as P,2024-12-09 12:00:00.000+10:00,,mg/L,0.01,,,,,,,,
RLE,Dissolved Reactive Phosphorus as P,2024-12-09 12:00:00.000+10:00,,mg/L,0.01,,,,,,,,
RLM,Dissolved Reactive Phosphorus as P,2024-12-09 12:00:00.000+10:00,,mg/L,0.01,,,,,,,,
RLW,Nitrate as N,2024-12-09 12:00:00.000+10:00,,mg/L,0.01,,,,,,,,
RLM,Nitrate as N,2024-12-09 12:00:00.000+10:00,,mg/L,0.01,,,,,,,,
RLE,Nitrate as N,2024-12-09 12:00:00.000+10:00,0.01,mg/L,0.01,,,,,,,,
RLE,Nitrite + Nitrate as N,2024-12-09 12:00:00.000+10:00,0.01,mg/L,0.01,,,,,,,,
RLW,Nitrite + Nitrate as N,2024-12-09 12:00:00.000+10:00,,mg/L,0.01,,,,,,,,
RLM,Nitrite + Nitrate as N,2024-12-09 12:00:00.000+10:00,,mg/L,0.01,,,,,,,,
RLW,Nitrite as N,2024-12-09 12:00:00.000+10:00,,mg/L,0.01,,,,,,,,
RLE,Nitrite as N,2024-12-09 12:00:00.000+10:00,,mg/L,0.01,,,,,,,,
RLM,Nitrite as N,2024-12-09 12:00:00.000+10:00,,mg/L,0.01,,,,,,,,
RLW,Total Kjeldahl Nitrogen as N,2024-12-09 12:00:00.000+10:00,0.5,mg/L,0.1,,,,,,,,
RLM,Total Kjeldahl Nitrogen as N,2024-12-09 12:00:00.000+10:00,0.5,mg/L,0.1,,,,,,,,
RLE,Total Kjeldahl Nitrogen as N,2024-12-09 12:00:00.000+10:00,0.5,mg/L,0.1,,,,,,,,
RLW,Total Nitrogen as N,2024-12-09 12:00:00.000+10:00,0.5,mg/L,0.1,,,,,,,,
RLM,Total Nitrogen as N,2024-12-09 12:00:00.000+10:00,0.5,mg/L,0.1,,,,,,,,
RLE,Total Nitrogen as N,2024-12-09 12:00:00.000+10:00,0.5,mg/L,0.1,,,,,,,,
RLE,Total Phosphorus as P,2024-12-09 12:00:00.000+10:00,0.05,mg/L,0.01,,,,,,,,
RLM,Total Phosphorus as P,2024-12-09 12:00:00.000+10:00,0.03,mg/L,0.01,,,,,,,,
RLW,Total Phosphorus as P,2024-12-09 12:00:00.000+10:00,0.03,mg/L,0.01,,,,,,,,
RLM,Total suspended solids,2024-12-09 12:00:00.000+10:00,,mg/L,5,,,,,,,,
RLE,Total suspended solids,2024-12-09 12:00:00.000+10:00,,mg/L,5,,,,,,,,
RLW,Total suspended solids,2024-12-09 12:00:00.000+10:00,,mg/L,5,,,,,,,,
RLW,Chlorophyll - a,2024-12-09 11:05:00.000+11:00,5.27,mg/m^3,,,,,,,,,
RLW,Coccoid Blue Green Picoplankton_Biovolume,2024-12-09 11:05:00.000+11:00,0.178,mm3/l,,,,,,,,,
RLW,Coccoid Blue Green Picoplankton_Cell count,2024-12-09 11:05:00.000+11:00,394777,cells/ml,,,,,,,,,
RLW,Cyanobacteria Biovolume,2024-12-09 11:05:00.000+11:00,0.22,mm3/l,,,,,,,,,
RLW,Enterococci,2024-12-09 11:05:00.000+11:00,1,cfu/100ml,,,,,,,,,
RLW,Microcystis_Biovolume,2024-12-09 11:05:00.000+11:00,0.042,mm3/l,,,,,,,,,
RLW,Microcystis_Cell count,2024-12-09 11:05:00.000+11:00,1620,cells/ml,,,,,,,,,
RLW,Potentially Toxic Cyanobacteria,2024-12-09 11:05:00.000+11:00,1620,cells/ml,,,,,,,,,
RLW,Potentially Toxic Cyanobacteria Biovolume,2024-12-09 11:05:00.000+11:00,0.042,mm3/l,,,,,,,,,
RLW,Total Cyanobacteria,2024-12-09 11:05:00.000+11:00,396400,cells/ml,,,,,,,,,
RLM,Chlorophyll - a,2024-12-09 10:55:00.000+11:00,4.66,mg/m^3,,,,,,,,,
RLM,Coccoid Blue Green Picoplankton_Biovolume,2024-12-09 10:55:00.000+11:00,0.176,mm3/l,,,,,,,,,
RLM,Coccoid Blue Green Picoplankton_Cell count,2024-12-09 10:55:00.000+11:00,391348,cells/ml,,,,,,,,,
RLM,Cyanobacteria Biovolume,2024-12-09 10:55:00.000+11:00,0.195,mm3/l,,,,,,,,,
RLM,Enterococci,2024-12-09 10:55:00.000+11:00,1,cfu/100ml,,,,,,,,,
RLM,Microcystis_Biovolume,2024-12-09 10:55:00.000+11:00,0.019,mm3/l,,,,,,,,,
RLM,Microcystis_Cell count,2024-12-09 10:55:00.000+11:00,762,cells/ml,,,,,,,,,
RLM,Potentially Toxic Cyanobacteria,2024-12-09 10:55:00.000+11:00,762,cells/ml,,,,,,,,,
RLM,Potentially Toxic Cyanobacteria Biovolume,2024-12-09 10:55:00.000+11:00,0.019,mm3/l,,,,,,,,,
RLM,Total Cyanobacteria,2024-12-09 10:55:00.000+11:00,392100,cells/ml,,,,,,,,,
RLE,Chlorophyll - a,2024-12-09 10:45:00.000+11:00,4.26,mg/m^3,,,,,,,,,
RLE,Coccoid Blue Green Picoplankton_Biovolume,2024-12-09 10:45:00.000+11:00,0.143,mm3/l,,,,,,,,,
RLE,Coccoid Blue Green Picoplankton_Cell count,2024-12-09 10:45:00.000+11:00,317368,cells/ml,,,,,,,,,
RLE,Cyanobacteria Biovolume,2024-12-09 10:45:00.000+11:00,0.209,mm3/l,,,,,,,,,
RLE,Enterococci,2024-12-09 10:45:00.000+11:00,1,cfu/100ml,,,,,,,,,
RLE,Microcystis_Biovolume,2024-12-09 10:45:00.000+11:00,0.066,mm3/l,,,,,,,,,
RLE,Microcystis_Cell count,2024-12-09 10:45:00.000+11:00,2565,cells/ml,,,,,,,,,
RLE,Potentially Toxic Cyanobacteria,2024-12-09 10:45:00.000+11:00,2570,cells/ml,,,,,,,,,
RLE,Potentially Toxic Cyanobacteria Biovolume,2024-12-09 10:45:00.000+11:00,0.066,mm3/l,,,,,,,,,
RLE,Total Cyanobacteria,2024-12-09 10:45:00.000+11:00,319900,cells/ml,,,,,,,,,
RLW,Coccoid Blue Green Picoplankton_Biovolume,2024-12-02 09:30:00.000+11:00,0.03,mm3/l,,,,,,,,,
RLW,Coccoid Blue Green Picoplankton_Cell count,2024-12-02 09:30:00.000+11:00,68631,cells/ml,,,,,,,,,
RLW,Cyanobacteria Biovolume,2024-12-02 09:30:00.000+11:00,0.068,mm3/l,,,,,,,,,
RLW,Enterococci,2024-12-02 09:30:00.000+11:00,1,cfu/100ml,,,,,,,,,
RLW,Microcystis_Biovolume,2024-12-02 09:30:00.000+11:00,0.038,mm3/l,,,,,,,,,
RLW,Microcystis_Cell count,2024-12-02 09:30:00.000+11:00,1470,cells/ml,,,,,,,,,
RLW,Potentially Toxic Cyanobacteria,2024-12-02 09:30:00.000+11:00,1470,cells/ml,,,,,,,,,
RLW,Potentially Toxic Cyanobacteria Biovolume,2024-12-02 09:30:00.000+11:00,0.038,mm3/l,,,,,,,,,
RLW,Total Cyanobacteria,2024-12-02 09:30:00.000+11:00,70100,cells/ml,,,,,,,,,
RLM,Coccoid Blue Green Picoplankton_Biovolume,2024-12-02 09:15:00.000+11:00,0.099,mm3/l,,,,,,,,,
RLM,Coccoid Blue Green Picoplankton_Cell count,2024-12-02 09:15:00.000+11:00,221069,cells/ml,,,,,,,,,
RLM,Cyanobacteria Biovolume,2024-12-02 09:15:00.000+11:00,0.132,mm3/l,,,,,,,,,
RLM,Enterococci,2024-12-02 09:15:00.000+11:00,1,cfu/100ml,,,,,,,,,
RLM,Microcystis_Biovolume,2024-12-02 09:15:00.000+11:00,0.033,mm3/l,,,,,,,,,
RLM,Microcystis_Cell count,2024-12-02 09:15:00.000+11:00,1272,cells/ml,,,,,,,,,
RLM,Potentially Toxic Cyanobacteria,2024-12-02 09:15:00.000+11:00,1270,cells/ml,,,,,,,,,
RLM,Potentially Toxic Cyanobacteria Biovolume,2024-12-02 09:15:00.000+11:00,0.033,mm3/l,,,,,,,,,
RLM,Total Cyanobacteria,2024-12-02 09:15:00.000+11:00,222300,cells/ml,,,,,,,,,
RLE,Coccoid Blue Green Picoplankton_Biovolume,2024-12-02 09:05:00.000+11:00,0.05,mm3/l,,,,,,,,,
RLE,Coccoid Blue Green Picoplankton_Cell count,2024-12-02 09:05:00.000+11:00,111433,cells/ml,,,,,,,,,
RLE,Cyanobacteria Biovolume,2024-12-02 09:05:00.000+11:00,0.106,mm3/l,,,,,,,,,
RLE,Enterococci,2024-12-02 09:05:00.000+11:00,1,cfu/100ml,,,,,,,,,
RLE,Microcystis_Biovolume,2024-12-02 09:05:00.000+11:00,0.056,mm3/l,,,,,,,,,
RLE,Microcystis_Cell count,2024-12-02 09:05:00.000+11:00,2171,cells/ml,,,,,,,,,
RLE,Potentially Toxic Cyanobacteria,2024-12-02 09:05:00.000+11:00,2170,cells/ml,,,,,,,,,
RLE,Potentially Toxic Cyanobacteria Biovolume,2024-12-02 09:05:00.000+11:00,0.056,mm3/l,,,,,,,,,
RLE,Total Cyanobacteria,2024-12-02 09:05:00.000+11:00,113600,cells/ml,,,,,,,,,
RLM,Ammonia as N,2024-11-25 12:00:00.000+10:00,0.02,mg/L,0.01,,,,,,,,
RLE,Ammonia as N,2024-11-25 12:00:00.000+10:00,0.05,mg/L,0.01,,,,,,,,
RLW,Ammonia as N,2024-11-25 12:00:00.000+10:00,0.03,mg/L,0.01,,,,,,,,
RLM,Dissolved Reactive Phosphorus as P,2024-11-25 12:00:00.000+10:00,0.01,mg/L,0.01,,,,,,,,
RLE,Dissolved Reactive Phosphorus as P,2024-11-25 12:00:00.000+10:00,0.01,mg/L,0.01,,,,,,,,
RLW,Dissolved Reactive Phosphorus as P,2024-11-25 12:00:00.000+10:00,,mg/L,0.01,,,,,,,,
RLW,Nitrate as N,2024-11-25 12:00:00.000+10:00,,mg/L,0.01,,,,,,,,
RLM,Nitrate as N,2024-11-25 12:00:00.000+10:00,,mg/L,0.01,,,,,,,,
RLE,Nitrate as N,2024-11-25 12:00:00.000+10:00,,mg/L,0.01,,,,,,,,
RLW,Nitrite + Nitrate as N,2024-11-25 12:00:00.000+10:00,,mg/L,0.01,,,,,,,,
RLE,Nitrite + Nitrate as N,2024-11-25 12:00:00.000+10:00,,mg/L,0.01,,,,,,,,
RLM,Nitrite + Nitrate as N,2024-11-25 12:00:00.000+10:00,,mg/L,0.01,,,,,,,,
RLE,Nitrite as N,2024-11-25 12:00:00.000+10:00,,mg/L,0.01,,,,,,,,
RLM,Nitrite as N,2024-11-25 12:00:00.000+10:00,,mg/L,0.01,,,,,,,,
RLW,Nitrite as N,2024-11-25 12:00:00.000+10:00,,mg/L,0.01,,,,,,,,
RLW,Total Kjeldahl Nitrogen as N,2024-11-25 12:00:00.000+10:00,0.5,mg/L,0.1,,,,,,,,
RLE,Total Kjeldahl Nitrogen as N,2024-11-25 12:00:00.000+10:00,0.5,mg/L,0.1,,,,,,,,
RLM,Total Kjeldahl Nitrogen as N,2024-11-25 12:00:00.000+10:00,0.5,mg/L,0.1,,,,,,,,
RLM,Total Nitrogen as N,2024-11-25 12:00:00.000+10:00,0.5,mg/L,0.1,,,,,,,,
RLW,Total Nitrogen as N,2024-11-25 12:00:00.000+10:00,0.5,mg/L,0.1,,,,,,,,
RLE,Total Nitrogen as N,2024-11-25 12:00:00.000+10:00,0.5,mg/L,0.1,,,,,,,,
RLE,Total Phosphorus as P,2024-11-25 12:00:00.000+10:00,0.02,mg/L,0.01,,,,,,,,
RLM,Total Phosphorus as P,2024-11-25 12:00:00.000+10:00,0.02,mg/L,0.01,,,,,,,,
RLW,Total Phosphorus as P,2024-11-25 12:00:00.000+10:00,0.02,mg/L,0.01,,,,,,,,
RLM,Total suspended solids,2024-11-25 12:00:00.000+10:00,,mg/L,5,,,,,,,,
RLE,Total suspended solids,2024-11-25 12:00:00.000+10:00,,mg/L,5,,,,,,,,
RLW,Total suspended solids,2024-11-25 12:00:00.000+10:00,,mg/L,5,,,,,,,,
RLW,Chlorophyll - a,2024-11-25 10:30:00.000+11:00,2.19,mg/m^3,,,,,,,,,
RLW,Coccoid Blue Green Picoplankton_Biovolume,2024-11-25 10:30:00.000+11:00,0.003,mm3/l,,,,,,,,,
RLW,Coccoid Blue Green Picoplankton_Cell count,2024-11-25 10:30:00.000+11:00,6941,cells/ml,,,,,,,,,
RLW,Cyanobacteria Biovolume,2024-11-25 10:30:00.000+11:00,0.099,mm3/l,,,,,,,,,
RLW,Enterococci,2024-11-25 10:30:00.000+11:00,1,cfu/100ml,,,,,,,,,
RLW,Microcystis_Biovolume,2024-11-25 10:30:00.000+11:00,0.096,mm3/l,,,,,,,,,
RLW,Microcystis_Cell count,2024-11-25 10:30:00.000+11:00,3715,cells/ml,,,,,,,,,
RLW,Potentially Toxic Cyanobacteria,2024-11-25 10:30:00.000+11:00,3720,cells/ml,,,,,,,,,
RLW,Potentially Toxic Cyanobacteria Biovolume,2024-11-25 10:30:00.000+11:00,0.096,mm3/l,,,,,,,,,
RLW,Total Cyanobacteria,2024-11-25 10:30:00.000+11:00,10660,cells/ml,,,,,,,,,
RLM,Chlorophyll - a,2024-11-25 10:20:00.000+11:00,3.47,mg/m^3,,,,,,,,,
RLM,Coccoid Blue Green Picoplankton_Biovolume,2024-11-25 10:20:00.000+11:00,0.006,mm3/l,,,,,,,,,
RLM,Coccoid Blue Green Picoplankton_Cell count,2024-11-25 10:20:00.000+11:00,14371,cells/ml,,,,,,,,,
RLM,Cyanobacteria Biovolume,2024-11-25 10:20:00.000+11:00,0.157,mm3/l,,,,,,,,,
RLM,Enterococci,2024-11-25 10:20:00.000+11:00,1,cfu/100ml,,,,,,,,,
RLM,Microcystis_Biovolume,2024-11-25 10:20:00.000+11:00,0.151,mm3/l,,,,,,,,,
RLM,Microcystis_Cell count,2024-11-25 10:20:00.000+11:00,5811,cells/ml,,,,,,,,,
RLM,Potentially Toxic Cyanobacteria,2024-11-25 10:20:00.000+11:00,5810,cells/ml,,,,,,,,,
RLM,Potentially Toxic Cyanobacteria Biovolume,2024-11-25 10:20:00.000+11:00,0.151,mm3/l,,,,,,,,,
RLM,Total Cyanobacteria,2024-11-25 10:20:00.000+11:00,20180,cells/ml,,,,,,,,,
RLE,Chlorophyll - a,2024-11-25 10:10:00.000+11:00,5.6,mg/m^3,,,,,,,,,
RLE,Coccoid Blue Green Picoplankton_Biovolume,2024-11-25 10:10:00.000+11:00,0.006,mm3/l,,,,,,,,,
RLE,Coccoid Blue Green Picoplankton_Cell count,2024-11-25 10:10:00.000+11:00,14698,cells/ml,,,,,,,,,
RLE,Cyanobacteria Biovolume,2024-11-25 10:10:00.000+11:00,0.058,mm3/l,,,,,,,,,
RLE,Enterococci,2024-11-25 10:10:00.000+11:00,1,cfu/100ml,,,,,,,,,
RLE,Microcystis_Biovolume,2024-11-25 10:10:00.000+11:00,0.052,mm3/l,,,,,,,,,
RLE,Microcystis_Cell count,2024-11-25 10:10:00.000+11:00,2021,cells/ml,,,,,,,,,
RLE,Potentially Toxic Cyanobacteria,2024-11-25 10:10:00.000+11:00,2020,cells/ml,,,,,,,,,
RLE,Potentially Toxic Cyanobacteria Biovolume,2024-11-25 10:10:00.000+11:00,0.052,mm3/l,,,,,,,,,
RLE,Total Cyanobacteria,2024-11-25 10:10:00.000+11:00,16720,cells/ml,,,,,,,,,
RLW,Coccoid Blue Green Picoplankton_Biovolume,2024-11-18 09:40:00.000+11:00,0.002,mm3/l,,,,,,,,,
RLW,Coccoid Blue Green Picoplankton_Cell count,2024-11-18 09:40:00.000+11:00,4695,cells/ml,,,,,,,,,
RLW,Cyanobacteria Biovolume,2024-11-18 09:40:00.000+11:00,0.197,mm3/l,,,,,,,,,
RLW,Enterococci,2024-11-18 09:40:00.000+11:00,57,cfu/100ml,,,,,,,,,
RLW,Microcystis_Biovolume,2024-11-18 09:40:00.000+11:00,0.195,mm3/l,,,,,,,,,
RLW,Microcystis_Cell count,2024-11-18 09:40:00.000+11:00,7512,cells/ml,,,,,,,,,
RLW,Potentially Toxic Cyanobacteria,2024-11-18 09:40:00.000+11:00,7510,cells/ml,,,,,,,,,
RLW,Potentially Toxic Cyanobacteria Biovolume,2024-11-18 09:40:00.000+11:00,0.195,mm3/l,,,,,,,,,
RLW,Total Cyanobacteria,2024-11-18 09:40:00.000+11:00,12210,cells/ml,,,,,,,,,
RLM,Coccoid Blue Green Picoplankton_Biovolume,2024-11-18 09:30:00.000+11:00,0,mm3/l,,,,,,,,,
RLM,Coccoid Blue Green Picoplankton_Cell count,2024-11-18 09:30:00.000+11:00,1694,cells/ml,,,,,,,,,
RLM,Cyanobacteria Biovolume,2024-11-18 09:30:00.000+11:00,0.244,mm3/l,,,,,,,,,
RLM,Enterococci,2024-11-18 09:30:00.000+11:00,6,cfu/100ml,,,,,,,,,
RLM,Microcystis_Biovolume,2024-11-18 09:30:00.000+11:00,0.244,mm3/l,,,,,,,,,
RLM,Microcystis_Cell count,2024-11-18 09:30:00.000+11:00,9390,cells/ml,,,,,,,,,
RLM,Potentially Toxic Cyanobacteria,2024-11-18 09:30:00.000+11:00,9390,cells/ml,,,,,,,,,
RLM,Potentially Toxic Cyanobacteria Biovolume,2024-11-18 09:30:00.000+11:00,0.244,mm3/l,,,,,,,,,
RLM,Total Cyanobacteria,2024-11-18 09:30:00.000+11:00,11080,cells/ml,,,,,,,,,
RLE,Coccoid Blue Green Picoplankton_Biovolume,2024-11-18 09:20:00.000+11:00,0.001,mm3/l,,,,,,,,,
RLE,Coccoid Blue Green Picoplankton_Cell count,2024-11-18 09:20:00.000+11:00,2307,cells/ml,,,,,,,,,
RLE,Cyanobacteria Biovolume,2024-11-18 09:20:00.000+11:00,0.203,mm3/l,,,,,,,,,
RLE,Enterococci,2024-11-18 09:20:00.000+11:00,6,cfu/100ml,,,,,,,,,
RLE,Microcystis_Biovolume,2024-11-18 09:20:00.000+11:00,0.202,mm3/l,,,,,,,,,
RLE,Microcystis_Cell count,2024-11-18 09:20:00.000+11:00,7757,cells/ml,,,,,,,,,
RLE,Potentially Toxic Cyanobacteria,2024-11-18 09:20:00.000+11:00,7760,cells/ml,,,,,,,,,
RLE,Potentially Toxic Cyanobacteria Biovolume,2024-11-18 09:20:00.000+11:00,0.202,mm3/l,,,,,,,,,
RLE,Total Cyanobacteria,2024-11-18 09:20:00.000+11:00,10060,cells/ml,,,,,,,,,
RLE,Ammonia as N,2024-11-11 12:00:00.000+11:00,0.04,mg/L,0.01,,,,,,,,
RLW,Ammonia as N,2024-11-11 12:00:00.000+11:00,0.05,mg/L,0.01,,,,,,,,
RLM,Ammonia as N,2024-11-11 12:00:00.000+11:00,0.04,mg/L,0.01,,,,,,,,
RLE,Dissolved Reactive Phosphorus as P,2024-11-11 12:00:00.000+11:00,,mg/L,0.01,,,,,,,,
RLW,Dissolved Reactive Phosphorus as P,2024-11-11 12:00:00.000+11:00,,mg/L,0.01,,,,,,,,
RLM,Dissolved Reactive Phosphorus as P,2024-11-11 12:00:00.000+11:00,,mg/L,0.01,,,,,,,,
RLE,Nitrate as N,2024-11-11 12:00:00.000+11:00,,mg/L,0.01,,,,,,,,
RLM,Nitrate as N,2024-11-11 12:00:00.000+11:00,,mg/L,0.01,,,,,,,,
RLW,Nitrate as N,2024-11-11 12:00:00.000+11:00,,mg/L,0.01,,,,,,,,
RLE,Nitrite + Nitrate as N,2024-11-11 12:00:00.000+11:00,,mg/L,0.01,,,,,,,,
RLM,Nitrite + Nitrate as N,2024-11-11 12:00:00.000+11:00,,mg/L,0.01,,,,,,,,
RLW,Nitrite + Nitrate as N,2024-11-11 12:00:00.000+11:00,,mg/L,0.01,,,,,,,,
RLM,Nitrite as N,2024-11-11 12:00:00.000+11:00,,mg/L,0.01,,,,,,,,
RLW,Nitrite as N,2024-11-11 12:00:00.000+11:00,,mg/L,0.01,,,,,,,,
RLE,Nitrite as N,2024-11-11 12:00:00.000+11:00,,mg/L,0.01,,,,,,,,
RLE,Total Kjeldahl Nitrogen as N,2024-11-11 12:00:00.000+11:00,0.5,mg/L,0.1,,,,,,,,
RLM,Total Kjeldahl Nitrogen as N,2024-11-11 12:00:00.000+11:00,0.5,mg/L,0.1,,,,,,,,
RLW,Total Kjeldahl Nitrogen as N,2024-11-11 12:00:00.000+11:00,0.5,mg/L,0.1,,,,,,,,
RLW,Total Nitrogen as N,2024-11-11 12:00:00.000+11:00,0.5,mg/L,0.1,,,,,,,,
RLM,Total Nitrogen as N,2024-11-11 12:00:00.000+11:00,0.5,mg/L,0.1,,,,,,,,
RLE,Total Nitrogen as N,2024-11-11 12:00:00.000+11:00,0.5,mg/L,0.1,,,,,,,,
RLM,Total Phosphorus as P,2024-11-11 12:00:00.000+10:00,0.01,mg/L,0.01,,,,,,,,
RLE,Total Phosphorus as P,2024-11-11 12:00:00.000+10:00,,mg/L,0.01,,,,,,,,
RLW,Total Phosphorus as P,2024-11-11 12:00:00.000+10:00,,mg/L,0.01,,,,,,,,
RLE,Total suspended solids,2024-11-11 12:00:00.000+11:00,,mg/L,5,,,,,,,,
RLW,Total suspended solids,2024-11-11 12:00:00.000+11:00,,mg/L,5,,,,,,,,
RLM,Total suspended solids,2024-11-11 12:00:00.000+11:00,,mg/L,5,,,,,,,,
RLM,Ammonia as N,2024-11-11 12:00:00.000+10:00,0.04,mg/L,0.01,,,,,,,,
RLW,Ammonia as N,2024-11-11 12:00:00.000+10:00,0.05,mg/L,0.01,,,,,,,,
RLE,Ammonia as N,2024-11-11 12:00:00.000+10:00,0.04,mg/L,0.01,,,,,,,,
RLE,Dissolved Reactive Phosphorus as P,2024-11-11 12:00:00.000+10:00,,mg/L,0.01,,,,,,,,
RLM,Dissolved Reactive Phosphorus as P,2024-11-11 12:00:00.000+10:00,,mg/L,0.01,,,,,,,,
RLW,Dissolved Reactive Phosphorus as P,2024-11-11 12:00:00.000+10:00,,mg/L,0.01,,,,,,,,
RLM,Nitrate as N,2024-11-11 12:00:00.000+10:00,,mg/L,0.01,,,,,,,,
RLW,Nitrate as N,2024-11-11 12:00:00.000+10:00,,mg/L,0.01,,,,,,,,
RLE,Nitrate as N,2024-11-11 12:00:00.000+10:00,,mg/L,0.01,,,,,,,,
RLW,Nitrite + Nitrate as N,2024-11-11 12:00:00.000+10:00,,mg/L,0.01,,,,,,,,
RLE,Nitrite + Nitrate as N,2024-11-11 12:00:00.000+10:00,,mg/L,0.01,,,,,,,,
RLM,Nitrite + Nitrate as N,2024-11-11 12:00:00.000+10:00,,mg/L,0.01,,,,,,,,
RLE,Nitrite as N,2024-11-11 12:00:00.000+10:00,,mg/L,0.01,,,,,,,,
RLM,Nitrite as N,2024-11-11 12:00:00.000+10:00,,mg/L,0.01,,,,,,,,
RLW,Nitrite as N,2024-11-11 12:00:00.000+10:00,,mg/L,0.01,,,,,,,,
RLE,Total Kjeldahl Nitrogen as N,2024-11-11 12:00:00.000+10:00,0.5,mg/L,0.1,,,,,,,,
RLW,Total Kjeldahl Nitrogen as N,2024-11-11 12:00:00.000+10:00,0.5,mg/L,0.1,,,,,,,,
RLM,Total Kjeldahl Nitrogen as N,2024-11-11 12:00:00.000+10:00,0.5,mg/L,0.1,,,,,,,,
RLW,Total Nitrogen as N,2024-11-11 12:00:00.000+10:00,0.5,mg/L,0.1,,,,,,,,
RLE,Total Nitrogen as N,2024-11-11 12:00:00.000+10:00,0.5,mg/L,0.1,,,,,,,,
RLM,Total Nitrogen as N,2024-11-11 12:00:00.000+10:00,0.5,mg/L,0.1,,,,,,,,
RLW,Total Phosphorus as P,2024-11-11 12:00:00.000+10:00,,mg/L,0.01,,,,,,,,
RLM,Total Phosphorus as P,2024-11-11 12:00:00.000+10:00,0.01,mg/L,0.01,,,,,,,,
RLE,Total Phosphorus as P,2024-11-11 12:00:00.000+10:00,,mg/L,0.01,,,,,,,,
RLE,Total suspended solids,2024-11-11 12:00:00.000+10:00,,mg/L,5,,,,,,,,
RLW,Total suspended solids,2024-11-11 12:00:00.000+10:00,,mg/L,5,,,,,,,,
RLM,Total suspended solids,2024-11-11 12:00:00.000+10:00,,mg/L,5,,,,,,,,
RLW,Chlorophyll - a,2024-11-11 11:20:00.000+11:00,3.97,mg/m^3,,,,,,,,,
RLW,Coccoid Blue Green Picoplankton_Biovolume,2024-11-11 11:20:00.000+11:00,0.009,mm3/l,,,,,,,,,
RLW,Coccoid Blue Green Picoplankton_Cell count,2024-11-11 11:20:00.000+11:00,21557,cells/ml,,,,,,,,,
RLW,Cyanobacteria Biovolume,2024-11-11 11:20:00.000+11:00,0.067,mm3/l,,,,,,,,,
RLW,Enterococci,2024-11-11 11:20:00.000+11:00,1,cfu/100ml,,,,,,,,,
RLW,Microcystis_Biovolume,2024-11-11 11:20:00.000+11:00,0.058,mm3/l,,,,,,,,,
RLW,Microcystis_Cell count,2024-11-11 11:20:00.000+11:00,2246,cells/ml,,,,,,,,,
RLW,Potentially Toxic Cyanobacteria,2024-11-11 11:20:00.000+11:00,2250,cells/ml,,,,,,,,,
RLW,Potentially Toxic Cyanobacteria Biovolume,2024-11-11 11:20:00.000+11:00,0.058,mm3/l,,,,,,,,,
RLW,Total Cyanobacteria,2024-11-11 11:20:00.000+11:00,23800,cells/ml,,,,,,,,,
RLM,Chlorophyll - a,2024-11-11 11:05:00.000+11:00,4.37,mg/m^3,,,,,,,,,
RLM,Coccoid Blue Green Picoplankton_Biovolume,2024-11-11 11:05:00.000+11:00,0.003,mm3/l,,,,,,,,,
RLM,Coccoid Blue Green Picoplankton_Cell count,2024-11-11 11:05:00.000+11:00,8574,cells/ml,,,,,,,,,
RLM,Cyanobacteria Biovolume,2024-11-11 11:05:00.000+11:00,0.126,mm3/l,,,,,,,,,
RLM,Enterococci,2024-11-11 11:05:00.000+11:00,1,cfu/100ml,,,,,,,,,
RLM,Microcystis_Biovolume,2024-11-11 11:05:00.000+11:00,0.121,mm3/l,,,,,,,,,
RLM,Microcystis_Cell count,2024-11-11 11:05:00.000+11:00,4668,cells/ml,,,,,,,,,
RLM,Potentially Toxic Cyanobacteria,2024-11-11 11:05:00.000+11:00,4670,cells/ml,,,,,,,,,
RLM,Potentially Toxic Cyanobacteria Biovolume,2024-11-11 11:05:00.000+11:00,0.121,mm3/l,,,,,,,,,
RLM,Pseudanabaena mucicola_Biovolume,2024-11-11 11:05:00.000+11:00,0.002,mm3/l,,,,,,,,,
RLM,Pseudanabaena mucicola_Cell count,2024-11-11 11:05:00.000+11:00,204,cells/ml,,,,,,,,,
RLM,Total Cyanobacteria,2024-11-11 11:05:00.000+11:00,13450,cells/ml,,,,,,,,,
RLE,Chlorophyll - a,2024-11-11 10:55:00.000+11:00,5.03,mg/m^3,,,,,,,,,
RLE,Coccoid Blue Green Picoplankton_Biovolume,2024-11-11 10:55:00.000+11:00,0.005,mm3/l,,,,,,,,,
RLE,Coccoid Blue Green Picoplankton_Cell count,2024-11-11 10:55:00.000+11:00,13099,cells/ml,,,,,,,,,
RLE,Cyanobacteria Biovolume,2024-11-11 10:55:00.000+11:00,0.083,mm3/l,,,,,,,,,
RLE,Enterococci,2024-11-11 10:55:00.000+11:00,1,cfu/100ml,,,,,,,,,
RLE,Microcystis_Biovolume,2024-11-11 10:55:00.000+11:00,0.078,mm3/l,,,,,,,,,
RLE,Microcystis_Cell count,2024-11-11 10:55:00.000+11:00,3008,cells/ml,,,,,,,,,
RLE,Potentially Toxic Cyanobacteria,2024-11-11 10:55:00.000+11:00,3010,cells/ml,,,,,,,,,
RLE,Potentially Toxic Cyanobacteria Biovolume,2024-11-11 10:55:00.000+11:00,0.078,mm3/l,,,,,,,,,
RLE,Total Cyanobacteria,2024-11-11 10:55:00.000+11:00,16110,cells/ml,,,,,,,,,
RLW,Coccoid Blue Green Picoplankton_Biovolume,2024-11-04 12:35:00.000+11:00,0.008,mm3/l,,,,,,,,,
RLW,Coccoid Blue Green Picoplankton_Cell count,2024-11-04 12:35:00.000+11:00,19434,cells/ml,,,,,,,,,
RLW,Cyanobacteria Biovolume,2024-11-04 12:35:00.000+11:00,0.113,mm3/l,,,,,,,,,
RLW,Enterococci,2024-11-04 12:35:00.000+11:00,1,cfu/100ml,,,,,,,,,
RLW,Microcystis_Biovolume,2024-11-04 12:35:00.000+11:00,0.099,mm3/l,,,,,,,,,
RLW,Microcystis_Cell count,2024-11-04 12:35:00.000+11:00,3804,cells/ml,,,,,,,,,
RLW,Potentially Toxic Cyanobacteria,2024-11-04 12:35:00.000+11:00,3800,cells/ml,,,,,,,,,
RLW,Potentially Toxic Cyanobacteria Biovolume,2024-11-04 12:35:00.000+11:00,0.099,mm3/l,,,,,,,,,
RLW,Synechococcus cf_Biovolume,2024-11-04 12:35:00.000+11:00,0.006,mm3/l,,,,,,,,,
RLW,Synechococcus cf_Cell count,2024-11-04 12:35:00.000+11:00,953,cells/ml,,,,,,,,,
RLW,Total Cyanobacteria,2024-11-04 12:35:00.000+11:00,24190,cells/ml,,,,,,,,,
RLM,Coccoid Blue Green Picoplankton_Biovolume,2024-11-04 12:25:00.000+11:00,0.011,mm3/l,,,,,,,,,
RLM,Coccoid Blue Green Picoplankton_Cell count,2024-11-04 12:25:00.000+11:00,25218,cells/ml,,,,,,,,,
RLM,Cyanobacteria Biovolume,2024-11-04 12:25:00.000+11:00,0.182,mm3/l,,,,,,,,,
RLM,Enterococci,2024-11-04 12:25:00.000+11:00,2,cfu/100ml,,,,,,,,,
RLM,Microcystis_Biovolume,2024-11-04 12:25:00.000+11:00,0.168,mm3/l,,,,,,,,,
RLM,Microcystis_Cell count,2024-11-04 12:25:00.000+11:00,6458,cells/ml,,,,,,,,,
RLM,Potentially Toxic Cyanobacteria,2024-11-04 12:25:00.000+11:00,6460,cells/ml,,,,,,,,,
RLM,Potentially Toxic Cyanobacteria Biovolume,2024-11-04 12:25:00.000+11:00,0.168,mm3/l,,,,,,,,,
RLM,Pseudanabaena mucicola_Biovolume,2024-11-04 12:25:00.000+11:00,0.003,mm3/l,,,,,,,,,
RLM,Pseudanabaena mucicola_Cell count,2024-11-04 12:25:00.000+11:00,272,cells/ml,,,,,,,,,
RLM,Total Cyanobacteria,2024-11-04 12:25:00.000+11:00,31950,cells/ml,,,,,,,,,
RLE,Ammonia as N,2024-10-28 12:00:00.000+10:00,0.03,mg/L,0.01,,,,,,,,
RLW,Ammonia as N,2024-10-28 12:00:00.000+10:00,0.06,mg/L,0.01,,,,,,,,
RLM,Ammonia as N,2024-10-28 12:00:00.000+10:00,0.02,mg/L,0.01,,,,,,,,
RLW,Dissolved Reactive Phosphorus as P,2024-10-28 12:00:00.000+10:00,,mg/L,0.01,,,,,,,,
RLE,Dissolved Reactive Phosphorus as P,2024-10-28 12:00:00.000+10:00,,mg/L,0.01,,,,,,,,
RLM,Dissolved Reactive Phosphorus as P,2024-10-28 12:00:00.000+10:00,,mg/L,0.01,,,,,,,,
RLE,Nitrate as N,2024-10-28 12:00:00.000+10:00,0.05,mg/L,0.01,,,,,,,,
RLM,Nitrate as N,2024-10-28 12:00:00.000+10:00,0.05,mg/L,0.01,,,,,,,,
RLW,Nitrate as N,2024-10-28 12:00:00.000+10:00,0.04,mg/L,0.01,,,,,,,,
RLM,Nitrite + Nitrate as N,2024-10-28 12:00:00.000+10:00,0.05,mg/L,0.01,,,,,,,,
RLE,Nitrite + Nitrate as N,2024-10-28 12:00:00.000+10:00,0.05,mg/L,0.01,,,,,,,,
RLW,Nitrite + Nitrate as N,2024-10-28 12:00:00.000+10:00,0.04,mg/L,0.01,,,,,,,,
RLE,Nitrite as N,2024-10-28 12:00:00.000+10:00,,mg/L,0.01,,,,,,,,
RLW,Nitrite as N,2024-10-28 12:00:00.000+10:00,,mg/L,0.01,,,,,,,,
RLM,Nitrite as N,2024-10-28 12:00:00.000+10:00,,mg/L,0.01,,,,,,,,
RLE,Total Kjeldahl Nitrogen as N,2024-10-28 12:00:00.000+10:00,0.5,mg/L,0.1,,,,,,,,
RLM,Total Kjeldahl Nitrogen as N,2024-10-28 12:00:00.000+10:00,0.7,mg/L,0.1,,,,,,,,
RLW,Total Kjeldahl Nitrogen as N,2024-10-28 12:00:00.000+10:00,0.5,mg/L,0.1,,,,,,,,
RLM,Total Nitrogen as N,2024-10-28 12:00:00.000+10:00,0.8,mg/L,0.1,,,,,,,,
RLE,Total Nitrogen as N,2024-10-28 12:00:00.000+10:00,0.6,mg/L,0.1,,,,,,,,
RLW,Total Nitrogen as N,2024-10-28 12:00:00.000+10:00,0.5,mg/L,0.1,,,,,,,,
RLW,Total Phosphorus as P,2024-10-28 12:00:00.000+10:00,0.03,mg/L,0.01,,,,,,,,
RLE,Total Phosphorus as P,2024-10-28 12:00:00.000+10:00,0.03,mg/L,0.01,,,,,,,,
RLM,Total Phosphorus as P,2024-10-28 12:00:00.000+10:00,0.03,mg/L,0.01,,,,,,,,
RLE,Total suspended solids,2024-10-28 12:00:00.000+10:00,,mg/L,5,,,,,,,,
RLW,Total suspended solids,2024-10-28 12:00:00.000+10:00,,mg/L,5,,,,,,,,
RLM,Total suspended solids,2024-10-28 12:00:00.000+10:00,,mg/L,5,,,,,,,,
RLW,Chlorophyll - a,2024-10-28 11:50:00.000+11:00,3.37,mg/m^3,,,,,,,,,
RLW,Coccoid Blue Green Picoplankton_Biovolume,2024-10-28 11:50:00.000+11:00,0.002,mm3/l,,,,,,,,,
RLW,Coccoid Blue Green Picoplankton_Cell count,2024-10-28 11:50:00.000+11:00,4818,cells/ml,,,,,,,,,
RLW,Cyanobacteria Biovolume,2024-10-28 11:50:00.000+11:00,0.021,mm3/l,,,,,,,,,
RLW,Enterococci,2024-10-28 11:50:00.000+11:00,1,cfu/100ml,,,,,,,,,
RLW,Microcystis_Biovolume,2024-10-28 11:50:00.000+11:00,0.019,mm3/l,,,,,,,,,
RLW,Microcystis_Cell count,2024-10-28 11:50:00.000+11:00,735,cells/ml,,,,,,,,,
RLW,Potentially Toxic Cyanobacteria,2024-10-28 11:50:00.000+11:00,735,cells/ml,,,,,,,,,
RLW,Potentially Toxic Cyanobacteria Biovolume,2024-10-28 11:50:00.000+11:00,0.019,mm3/l,,,,,,,,,
RLW,Total Cyanobacteria,2024-10-28 11:50:00.000+11:00,5550,cells/ml,,,,,,,,,
RLM,Chlorophyll - a,2024-10-28 11:40:00.000+11:00,4.32,mg/m^3,,,,,,,,,
RLM,Coccoid Blue Green Picoplankton_Biovolume,2024-10-28 11:40:00.000+11:00,0,mm3/l,,,,,,,,,
RLM,Coccoid Blue Green Picoplankton_Cell count,2024-10-28 11:40:00.000+11:00,476,cells/ml,,,,,,,,,
RLM,Cyanobacteria Biovolume,2024-10-28 11:40:00.000+11:00,0.029,mm3/l,,,,,,,,,
RLM,Enterococci,2024-10-28 11:40:00.000+11:00,1,cfu/100ml,,,,,,,,,
RLM,Microcystis_Biovolume,2024-10-28 11:40:00.000+11:00,0.029,mm3/l,,,,,,,,,
RLM,Microcystis_Cell count,2024-10-28 11:40:00.000+11:00,1150,cells/ml,,,,,,,,,
RLM,Potentially Toxic Cyanobacteria,2024-10-28 11:40:00.000+11:00,1150,cells/ml,,,,,,,,,
RLM,Potentially Toxic Cyanobacteria Biovolume,2024-10-28 11:40:00.000+11:00,0.029,mm3/l,,,,,,,,,
RLM,Total Cyanobacteria,2024-10-28 11:40:00.000+11:00,1630,cells/ml,,,,,,,,,
RLE,Chlorophyll - a,2024-10-28 11:30:00.000+11:00,2.23,mg/m^3,,,,,,,,,
RLE,Coccoid Blue Green Picoplankton_Biovolume,2024-10-28 11:30:00.000+11:00,0,mm3/l,,,,,,,,,
RLE,Coccoid Blue Green Picoplankton_Cell count,2024-10-28 11:30:00.000+11:00,1490,cells/ml,,,,,,,,,
RLE,Cyanobacteria Biovolume,2024-10-28 11:30:00.000+11:00,0.015,mm3/l,,,,,,,,,
RLE,Enterococci,2024-10-28 11:30:00.000+11:00,1,cfu/100ml,,,,,,,,,
RLE,Microcystis species 2_Biovolume,2024-10-28 11:30:00.000+11:00,0.005,mm3/l,,,,,,,,,
RLE,Microcystis species 2_Cell count,2024-10-28 11:30:00.000+11:00,68,cells/ml,,,,,,,,,
RLE,Microcystis_Biovolume,2024-10-28 11:30:00.000+11:00,0.01,mm3/l,,,,,,,,,
RLE,Microcystis_Cell count,2024-10-28 11:30:00.000+11:00,408,cells/ml,,,,,,,,,
RLE,Potentially Toxic Cyanobacteria,2024-10-28 11:30:00.000+11:00,476,cells/ml,,,,,,,,,
RLE,Potentially Toxic Cyanobacteria Biovolume,2024-10-28 11:30:00.000+11:00,0.015,mm3/l,,,,,,,,,
RLE,Total Cyanobacteria,2024-10-28 11:30:00.000+11:00,1970,cells/ml,,,,,,,,,
RLW,Cyanobacteria Biovolume,2024-10-21 08:45:00.000+11:00,0.058,mm3/l,,,,,,,,,
RLW,Enterococci,2024-10-21 08:45:00.000+11:00,4,cfu/100ml,,,,,,,,,
RLW,Leptolyngbya_Biovolume,2024-10-21 08:45:00.000+11:00,0.003,mm3/l,,,,,,,,,
RLW,Leptolyngbya_Cell count,2024-10-21 08:45:00.000+11:00,306,cells/ml,,,,,,,,,
RLW,Microcystis species 2_Biovolume,2024-10-21 08:45:00.000+11:00,0.005,mm3/l,,,,,,,,,
RLW,Microcystis species 2_Cell count,2024-10-21 08:45:00.000+11:00,68,cells/ml,,,,,,,,,
RLW,Microcystis_Biovolume,2024-10-21 08:45:00.000+11:00,0.05,mm3/l,,,,,,,,,
RLW,Microcystis_Cell count,2024-10-21 08:45:00.000+11:00,1939,cells/ml,,,,,,,,,
RLW,Potentially Toxic Cyanobacteria,2024-10-21 08:45:00.000+11:00,2010,cells/ml,,,,,,,,,
RLW,Potentially Toxic Cyanobacteria Biovolume,2024-10-21 08:45:00.000+11:00,0.055,mm3/l,,,,,,,,,
RLW,Total Cyanobacteria,2024-10-21 08:45:00.000+11:00,2310,cells/ml,,,,,,,,,
RLM,Coccoid Blue Green Picoplankton_Biovolume,2024-10-21 08:35:00.000+11:00,0,mm3/l,,,,,,,,,
RLM,Coccoid Blue Green Picoplankton_Cell count,2024-10-21 08:35:00.000+11:00,953,cells/ml,,,,,,,,,
RLM,Cyanobacteria Biovolume,2024-10-21 08:35:00.000+11:00,0.034,mm3/l,,,,,,,,,
RLM,Enterococci,2024-10-21 08:35:00.000+11:00,6,cfu/100ml,,,,,,,,,
RLM,Microcystis_Biovolume,2024-10-21 08:35:00.000+11:00,0.034,mm3/l,,,,,,,,,
RLM,Microcystis_Cell count,2024-10-21 08:35:00.000+11:00,1306,cells/ml,,,,,,,,,
RLM,Potentially Toxic Cyanobacteria,2024-10-21 08:35:00.000+11:00,1310,cells/ml,,,,,,,,,
RLM,Potentially Toxic Cyanobacteria Biovolume,2024-10-21 08:35:00.000+11:00,0.034,mm3/l,,,,,,,,,
RLM,Total Cyanobacteria,2024-10-21 08:35:00.000+11:00,2260,cells/ml,,,,,,,,,
RLM,Ammonia as N,2024-10-14 12:00:00.000+10:00,0.02,mg/L,0.01,,,,,,,,
RLW,Ammonia as N,2024-10-14 12:00:00.000+10:00,0.02,mg/L,0.01,,,,,,,,
RLE,Ammonia as N,2024-10-14 12:00:00.000+10:00,0.05,mg/L,0.01,,,,,,,,
RLE,Dissolved Reactive Phosphorus as P,2024-10-14 12:00:00.000+10:00,,mg/L,0.01,,,,,,,,
RLM,Dissolved Reactive Phosphorus as P,2024-10-14 12:00:00.000+10:00,,mg/L,0.01,,,,,,,,
RLW,Dissolved Reactive Phosphorus as P,2024-10-14 12:00:00.000+10:00,,mg/L,0.01,,,,,,,,
RLW,Nitrate as N,2024-10-14 12:00:00.000+10:00,,mg/L,0.01,,,,,,,,
RLE,Nitrate as N,2024-10-14 12:00:00.000+10:00,,mg/L,0.01,,,,,,,,
RLM,Nitrate as N,2024-10-14 12:00:00.000+10:00,0.02,mg/L,0.01,,,,,,,,
RLW,Nitrite + Nitrate as N,2024-10-14 12:00:00.000+10:00,,mg/L,0.01,,,,,,,,
RLE,Nitrite + Nitrate as N,2024-10-14 12:00:00.000+10:00,,mg/L,0.01,,,,,,,,
RLM,Nitrite + Nitrate as N,2024-10-14 12:00:00.000+10:00,0.02,mg/L,0.01,,,,,,,,
RLE,Nitrite as N,2024-10-14 12:00:00.000+10:00,,mg/L,0.01,,,,,,,,
RLW,Nitrite as N,2024-10-14 12:00:00.000+10:00,,mg/L,0.01,,,,,,,,
RLM,Nitrite as N,2024-10-14 12:00:00.000+10:00,,mg/L,0.01,,,,,,,,
RLW,Total Kjeldahl Nitrogen as N,2024-10-14 12:00:00.000+10:00,0.4,mg/L,0.1,,,,,,,,
RLE,Total Kjeldahl Nitrogen as N,2024-10-14 12:00:00.000+10:00,0.5,mg/L,0.1,,,,,,,,
RLM,Total Kjeldahl Nitrogen as N,2024-10-14 12:00:00.000+10:00,0.4,mg/L,0.1,,,,,,,,
RLM,Total Nitrogen as N,2024-10-14 12:00:00.000+10:00,0.4,mg/L,0.1,,,,,,,,
RLE,Total Nitrogen as N,2024-10-14 12:00:00.000+10:00,0.5,mg/L,0.1,,,,,,,,
RLW,Total Nitrogen as N,2024-10-14 12:00:00.000+10:00,0.4,mg/L,0.1,,,,,,,,
RLM,Total Phosphorus as P,2024-10-14 12:00:00.000+10:00,0.02,mg/L,0.01,,,,,,,,
RLW,Total Phosphorus as P,2024-10-14 12:00:00.000+10:00,0.02,mg/L,0.01,,,,,,,,
RLE,Total Phosphorus as P,2024-10-14 12:00:00.000+10:00,0.02,mg/L,0.01,,,,,,,,
RLW,Total suspended solids,2024-10-14 12:00:00.000+10:00,,mg/L,5,,,,,,,,
RLE,Total suspended solids,2024-10-14 12:00:00.000+10:00,,mg/L,5,,,,,,,,
RLM,Total suspended solids,2024-10-14 12:00:00.000+10:00,,mg/L,5,,,,,,,,
RLW,Chlorophyll - a,2024-10-14 10:15:00.000+11:00,4.7,mg/m^3,,,,,,,,,
RLW,Coccoid Blue Green Picoplankton_Biovolume,2024-10-14 10:15:00.000+11:00,0.001,mm3/l,,,,,,,,,
RLW,Coccoid Blue Green Picoplankton_Cell count,2024-10-14 10:15:00.000+11:00,3198,cells/ml,,,,,,,,,
RLW,Cyanobacteria Biovolume,2024-10-14 10:15:00.000+11:00,0.093,mm3/l,,,,,,,,,
RLW,Enterococci,2024-10-14 10:15:00.000+11:00,1,cfu/100ml,,,,,,,,,
RLW,Microcystis_Biovolume,2024-10-14 10:15:00.000+11:00,0.092,mm3/l,,,,,,,,,
RLW,Microcystis_Cell count,2024-10-14 10:15:00.000+11:00,3538,cells/ml,,,,,,,,,
RLW,Potentially Toxic Cyanobacteria,2024-10-14 10:15:00.000+11:00,3540,cells/ml,,,,,,,,,
RLW,Potentially Toxic Cyanobacteria Biovolume,2024-10-14 10:15:00.000+11:00,0.092,mm3/l,,,,,,,,,
RLW,Total Cyanobacteria,2024-10-14 10:15:00.000+11:00,6740,cells/ml,,,,,,,,,
RLM,Chlorophyll - a,2024-10-14 10:05:00.000+11:00,6.8,mg/m^3,,,,,,,,,
RLM,Coccoid Blue Green Picoplankton_Biovolume,2024-10-14 10:05:00.000+11:00,0.001,mm3/l,,,,,,,,,
RLM,Coccoid Blue Green Picoplankton_Cell count,2024-10-14 10:05:00.000+11:00,3266,cells/ml,,,,,,,,,
RLM,Cyanobacteria Biovolume,2024-10-14 10:05:00.000+11:00,0.763,mm3/l,,,,,,,,,
RLM,Enterococci,2024-10-14 10:05:00.000+11:00,1,cfu/100ml,,,,,,,,,
RLM,Microcystis_Biovolume,2024-10-14 10:05:00.000+11:00,0.762,mm3/l,,,,,,,,,
RLM,Microcystis_Cell count,2024-10-14 10:05:00.000+11:00,29251,cells/ml,,,,,,,,,
RLM,Potentially Toxic Cyanobacteria,2024-10-14 10:05:00.000+11:00,29250,cells/ml,,,,,,,,,
RLM,Potentially Toxic Cyanobacteria Biovolume,2024-10-14 10:05:00.000+11:00,0.762,mm3/l,,,,,,,,,
RLM,Total Cyanobacteria,2024-10-14 10:05:00.000+11:00,32520,cells/ml,,,,,,,,,
RLE,Chlorophyll - a,2024-10-14 09:55:00.000+11:00,6.1,mg/m^3,,,,,,,,,
RLE,Coccoid Blue Green Picoplankton_Biovolume,2024-10-14 09:55:00.000+11:00,0.003,mm3/l,,,,,,,,,
RLE,Coccoid Blue Green Picoplankton_Cell count,2024-10-14 09:55:00.000+11:00,8370,cells/ml,,,,,,,,,
RLE,Cyanobacteria Biovolume,2024-10-14 09:55:00.000+11:00,0.372,mm3/l,,,,,,,,,
RLE,Enterococci,2024-10-14 09:55:00.000+11:00,2,cfu/100ml,,,,,,,,,
RLE,Microcystis_Biovolume,2024-10-14 09:55:00.000+11:00,0.369,mm3/l,,,,,,,,,
RLE,Microcystis_Cell count,2024-10-14 09:55:00.000+11:00,14154,cells/ml,,,,,,,,,
RLE,Potentially Toxic Cyanobacteria,2024-10-14 09:55:00.000+11:00,14150,cells/ml,,,,,,,,,
RLE,Potentially Toxic Cyanobacteria Biovolume,2024-10-14 09:55:00.000+11:00,0.369,mm3/l,,,,,,,,,
RLE,Synechococcus cf_Biovolume,2024-10-14 09:55:00.000+11:00,0,mm3/l,,,,,,,,,
RLE,Synechococcus cf_Cell count,2024-10-14 09:55:00.000+11:00,136,cells/ml,,,,,,,,,
RLE,Total Cyanobacteria,2024-10-14 09:55:00.000+11:00,22660,cells/ml,,,,,,,,,
RLE,Ammonia as N,2024-09-30 12:00:00.000+10:00,0.05,mg/L,0.01,,,,,,,,
RLW,Ammonia as N,2024-09-30 12:00:00.000+10:00,0.08,mg/L,0.01,,,,,,,,
RLM,Ammonia as N,2024-09-30 12:00:00.000+10:00,0.02,mg/L,0.01,,,,,,,,
RLM,Dissolved Reactive Phosphorus as P,2024-09-30 12:00:00.000+10:00,,mg/L,0.01,,,,,,,,
RLW,Dissolved Reactive Phosphorus as P,2024-09-30 12:00:00.000+10:00,,mg/L,0.01,,,,,,,,
RLE,Dissolved Reactive Phosphorus as P,2024-09-30 12:00:00.000+10:00,,mg/L,0.01,,,,,,,,
RLW,Nitrate as N,2024-09-30 12:00:00.000+10:00,,mg/L,0.01,,,,,,,,
RLE,Nitrate as N,2024-09-30 12:00:00.000+10:00,,mg/L,0.01,,,,,,,,
RLM,Nitrate as N,2024-09-30 12:00:00.000+10:00,,mg/L,0.01,,,,,,,,
RLW,Nitrite + Nitrate as N,2024-09-30 12:00:00.000+10:00,,mg/L,0.01,,,,,,,,
RLM,Nitrite + Nitrate as N,2024-09-30 12:00:00.000+10:00,,mg/L,0.01,,,,,,,,
RLE,Nitrite + Nitrate as N,2024-09-30 12:00:00.000+10:00,,mg/L,0.01,,,,,,,,
RLW,Nitrite as N,2024-09-30 12:00:00.000+10:00,,mg/L,0.01,,,,,,,,
RLM,Nitrite as N,2024-09-30 12:00:00.000+10:00,,mg/L,0.01,,,,,,,,
RLE,Nitrite as N,2024-09-30 12:00:00.000+10:00,,mg/L,0.01,,,,,,,,
RLW,Total Kjeldahl Nitrogen as N,2024-09-30 12:00:00.000+10:00,0.5,mg/L,0.1,,,,,,,,
RLE,Total Kjeldahl Nitrogen as N,2024-09-30 12:00:00.000+10:00,0.5,mg/L,0.1,,,,,,,,
RLM,Total Kjeldahl Nitrogen as N,2024-09-30 12:00:00.000+10:00,0.5,mg/L,0.1,,,,,,,,
RLE,Total Nitrogen as N,2024-09-30 12:00:00.000+10:00,0.5,mg/L,0.1,,,,,,,,
RLM,Total Nitrogen as N,2024-09-30 12:00:00.000+10:00,0.5,mg/L,0.1,,,,,,,,
RLW,Total Nitrogen as N,2024-09-30 12:00:00.000+10:00,0.5,mg/L,0.1,,,,,,,,
RLW,Total Phosphorus as P,2024-09-30 12:00:00.000+10:00,0.03,mg/L,0.01,,,,,,,,
RLM,Total Phosphorus as P,2024-09-30 12:00:00.000+10:00,0.03,mg/L,0.01,,,,,,,,
RLE,Total Phosphorus as P,2024-09-30 12:00:00.000+10:00,0.02,mg/L,0.01,,,,,,,,
RLE,Total suspended solids,2024-09-30 12:00:00.000+10:00,,mg/L,5,,,,,,,,
RLW,Total suspended solids,2024-09-30 12:00:00.000+10:00,,mg/L,5,,,,,,,,
RLM,Total suspended solids,2024-09-30 12:00:00.000+10:00,,mg/L,5,,,,,,,,
RLW,Chlorophyll - a,2024-09-30 09:50:00.000+11:00,3.8,mg/m^3,,,,,,,,,
RLW,Coccoid Blue Green Picoplankton_Biovolume,2024-09-30 09:50:00.000+11:00,0,mm3/l,,,,,,,,,
RLW,Coccoid Blue Green Picoplankton_Cell count,2024-09-30 09:50:00.000+11:00,2109,cells/ml,,,,,,,,,
RLW,Cyanobacteria Biovolume,2024-09-30 09:50:00.000+11:00,0.177,mm3/l,,,,,,,,,
RLW,Enterococci,2024-09-30 09:50:00.000+11:00,1,cfu/100ml,,,,,,,,,
RLW,Microcystis_Biovolume,2024-09-30 09:50:00.000+11:00,0.177,mm3/l,,,,,,,,,
RLW,Microcystis_Cell count,2024-09-30 09:50:00.000+11:00,6811,cells/ml,,,,,,,,,
RLW,Potentially Toxic Cyanobacteria,2024-09-30 09:50:00.000+11:00,6810,cells/ml,,,,,,,,,
RLW,Potentially Toxic Cyanobacteria Biovolume,2024-09-30 09:50:00.000+11:00,0.177,mm3/l,,,,,,,,,
RLW,Total Cyanobacteria,2024-09-30 09:50:00.000+11:00,8920,cells/ml,,,,,,,,,
RLM,Chlorophyll - a,2024-09-30 09:40:00.000+11:00,2.6,mg/m^3,,,,,,,,,
RLM,Coccoid Blue Green Picoplankton_Biovolume,2024-09-30 09:40:00.000+11:00,0.001,mm3/l,,,,,,,,,
RLM,Coccoid Blue Green Picoplankton_Cell count,2024-09-30 09:40:00.000+11:00,2518,cells/ml,,,,,,,,,
RLM,Cyanobacteria Biovolume,2024-09-30 09:40:00.000+11:00,0.032,mm3/l,,,,,,,,,
RLM,Enterococci,2024-09-30 09:40:00.000+11:00,1,cfu/100ml,,,,,,,,,
RLM,Microcystis_Biovolume,2024-09-30 09:40:00.000+11:00,0.031,mm3/l,,,,,,,,,
RLM,Microcystis_Cell count,2024-09-30 09:40:00.000+11:00,1225,cells/ml,,,,,,,,,
RLM,Potentially Toxic Cyanobacteria,2024-09-30 09:40:00.000+11:00,1230,cells/ml,,,,,,,,,
RLM,Potentially Toxic Cyanobacteria Biovolume,2024-09-30 09:40:00.000+11:00,0.031,mm3/l,,,,,,,,,
RLM,Total Cyanobacteria,2024-09-30 09:40:00.000+11:00,3740,cells/ml,,,,,,,,,
RLE,Chlorophyll - a,2024-09-30 09:35:00.000+11:00,3.2,mg/m^3,,,,,,,,,
RLE,Cyanobacteria Biovolume,2024-09-30 09:35:00.000+11:00,0.057,mm3/l,,,,,,,,,
RLE,Enterococci,2024-09-30 09:35:00.000+11:00,1,cfu/100ml,,,,,,,,,
RLE,Microcystis_Biovolume,2024-09-30 09:35:00.000+11:00,0.057,mm3/l,,,,,,,,,
RLE,Microcystis_Cell count,2024-09-30 09:35:00.000+11:00,2191,cells/ml,,,,,,,,,
RLE,Potentially Toxic Cyanobacteria,2024-09-30 09:35:00.000+11:00,2190,cells/ml,,,,,,,,,
RLE,Potentially Toxic Cyanobacteria Biovolume,2024-09-30 09:35:00.000+11:00,0.057,mm3/l,,,,,,,,,
RLE,Total Cyanobacteria,2024-09-30 09:35:00.000+11:00,2190,cells/ml,,,,,,,,,
RLM,Cyanobacteria Biovolume,2024-09-19 11:16:00.000+11:00,0.013,mm3/l,,,,,,,,,
RLM,Microcystis_Biovolume,2024-09-19 11:16:00.000+11:00,0.013,mm3/l,,,,,,,,,
RLM,Microcystis_Cell count,2024-09-19 11:16:00.000+11:00,531,cells/ml,,,,,,,,,
RLM,Potentially Toxic Cyanobacteria,2024-09-19 11:16:00.000+11:00,531,cells/ml,,,,,,,,,
RLM,Potentially Toxic Cyanobacteria Biovolume,2024-09-19 11:16:00.000+11:00,0.013,mm3/l,,,,,,,,,
RLM,Total Cyanobacteria,2024-09-19 11:16:00.000+11:00,531,cells/ml,,,,,,,,,
RLW,Ammonia as N,2024-09-16 12:00:00.000+10:00,0.02,mg/L,0.01,,,,,,,,
RLE,Ammonia as N,2024-09-16 12:00:00.000+10:00,0.09,mg/L,0.01,,,,,,,,
RLM,Ammonia as N,2024-09-16 12:00:00.000+10:00,0.01,mg/L,0.01,,,,,,,,
RLW,Dissolved Reactive Phosphorus as P,2024-09-16 12:00:00.000+10:00,0.03,mg/L,0.01,,,,,,,,
RLM,Dissolved Reactive Phosphorus as P,2024-09-16 12:00:00.000+10:00,,mg/L,0.01,,,,,,,,
RLE,Dissolved Reactive Phosphorus as P,2024-09-16 12:00:00.000+10:00,0.01,mg/L,0.01,,,,,,,,
RLW,Nitrate as N,2024-09-16 12:00:00.000+10:00,0.02,mg/L,0.01,,,,,,,,
RLM,Nitrate as N,2024-09-16 12:00:00.000+10:00,,mg/L,0.01,,,,,,,,
RLE,Nitrate as N,2024-09-16 12:00:00.000+10:00,,mg/L,0.01,,,,,,,,
RLE,Nitrite + Nitrate as N,2024-09-16 12:00:00.000+10:00,,mg/L,0.01,,,,,,,,
RLW,Nitrite + Nitrate as N,2024-09-16 12:00:00.000+10:00,0.02,mg/L,0.01,,,,,,,,
RLM,Nitrite + Nitrate as N,2024-09-16 12:00:00.000+10:00,,mg/L,0.01,,,,,,,,
RLE,Nitrite as N,2024-09-16 12:00:00.000+10:00,,mg/L,0.01,,,,,,,,
RLM,Nitrite as N,2024-09-16 12:00:00.000+10:00,,mg/L,0.01,,,,,,,,
RLW,Nitrite as N,2024-09-16 12:00:00.000+10:00,,mg/L,0.01,,,,,,,,
RLE,Total Kjeldahl Nitrogen as N,2024-09-16 12:00:00.000+10:00,0.4,mg/L,0.1,,,,,,,,
RLW,Total Kjeldahl Nitrogen as N,2024-09-16 12:00:00.000+10:00,0.5,mg/L,0.1,,,,,,,,
RLM,Total Kjeldahl Nitrogen as N,2024-09-16 12:00:00.000+10:00,0.4,mg/L,0.1,,,,,,,,
RLM,Total Nitrogen as N,2024-09-16 12:00:00.000+10:00,0.4,mg/L,0.1,,,,,,,,
RLE,Total Nitrogen as N,2024-09-16 12:00:00.000+10:00,0.4,mg/L,0.1,,,,,,,,
RLW,Total Nitrogen as N,2024-09-16 12:00:00.000+10:00,0.5,mg/L,0.1,,,,,,,,
RLM,Total Phosphorus as P,2024-09-16 12:00:00.000+10:00,0.04,mg/L,0.01,,,,,,,,
RLE,Total Phosphorus as P,2024-09-16 12:00:00.000+10:00,0.03,mg/L,0.01,,,,,,,,
RLW,Total Phosphorus as P,2024-09-16 12:00:00.000+10:00,0.05,mg/L,0.01,,,,,,,,
RLE,Total suspended solids,2024-09-16 12:00:00.000+10:00,,mg/L,5,,,,,,,,
RLW,Total suspended solids,2024-09-16 12:00:00.000+10:00,,mg/L,5,,,,,,,,
RLM,Total suspended solids,2024-09-16 12:00:00.000+10:00,,mg/L,5,,,,,,,,
RLW,Chlorophyll - a,2024-09-16 09:50:00.000+11:00,7.1,mg/m^3,,,,,,,,,
RLW,Coccoid Blue Green Picoplankton_Biovolume,2024-09-16 09:50:00.000+11:00,0.001,mm3/l,,,,,,,,,
RLW,Coccoid Blue Green Picoplankton_Cell count,2024-09-16 09:50:00.000+11:00,4226,cells/ml,,,,,,,,,
RLW,Cyanobacteria Biovolume,2024-09-16 09:50:00.000+11:00,5.17,mm3/l,,,,,,,,,
RLW,Enterococci,2024-09-16 09:50:00.000+11:00,1,cfu/100ml,,,,,,,,,
RLW,Microcystis_Biovolume,2024-09-16 09:50:00.000+11:00,5.168,mm3/l,,,,,,,,,
RLW,Microcystis_Cell count,2024-09-16 09:50:00.000+11:00,198151,cells/ml,,,,,,,,,
RLW,Potentially Toxic Cyanobacteria,2024-09-16 09:50:00.000+11:00,198200,cells/ml,,,,,,,,,
RLW,Potentially Toxic Cyanobacteria Biovolume,2024-09-16 09:50:00.000+11:00,5.17,mm3/l,,,,,,,,,
RLW,Total Cyanobacteria,2024-09-16 09:50:00.000+11:00,202400,cells/ml,,,,,,,,,
RLM,Chlorophyll - a,2024-09-16 09:40:00.000+11:00,6.6,mg/m^3,,,,,,,,,
RLM,Cyanobacteria Biovolume,2024-09-16 09:40:00.000+11:00,0.089,mm3/l,,,,,,,,,
RLM,Enterococci,2024-09-16 09:40:00.000+11:00,1,cfu/100ml,,,,,,,,,
RLM,Microcystis_Biovolume,2024-09-16 09:40:00.000+11:00,0.089,mm3/l,,,,,,,,,
RLM,Microcystis_Cell count,2024-09-16 09:40:00.000+11:00,3430,cells/ml,,,,,,,,,
RLM,Potentially Toxic Cyanobacteria,2024-09-16 09:40:00.000+11:00,3430,cells/ml,,,,,,,,,
RLM,Potentially Toxic Cyanobacteria Biovolume,2024-09-16 09:40:00.000+11:00,0.089,mm3/l,,,,,,,,,
RLM,Total Cyanobacteria,2024-09-16 09:40:00.000+11:00,3430,cells/ml,,,,,,,,,
RLE,Chlorophyll - a,2024-09-16 09:30:00.000+11:00,8.4,mg/m^3,,,,,,,,,
RLE,Cyanobacteria Biovolume,2024-09-16 09:30:00.000+11:00,0.097,mm3/l,,,,,,,,,
RLE,Enterococci,2024-09-16 09:30:00.000+11:00,1,cfu/100ml,,,,,,,,,
RLE,Microcystis_Biovolume,2024-09-16 09:30:00.000+11:00,0.097,mm3/l,,,,,,,,,
RLE,Microcystis_Cell count,2024-09-16 09:30:00.000+11:00,3756,cells/ml,,,,,,,,,
RLE,Potentially Toxic Cyanobacteria,2024-09-16 09:30:00.000+11:00,3760,cells/ml,,,,,,,,,
RLE,Potentially Toxic Cyanobacteria Biovolume,2024-09-16 09:30:00.000+11:00,0.097,mm3/l,,,,,,,,,
RLE,Total Cyanobacteria,2024-09-16 09:30:00.000+11:00,3760,cells/ml,,,,,,,,,
RLW,Ammonia as N,2024-09-12 12:00:00.000+11:00,0.02,mg/L,0.01,,,,,,,,
RLE,Ammonia as N,2024-09-12 12:00:00.000+11:00,0.02,mg/L,0.01,,,,,,,,
RLM,Ammonia as N,2024-09-12 12:00:00.000+11:00,,mg/L,0.01,,,,,,,,
RLW,Dissolved Reactive Phosphorus as P,2024-09-12 12:00:00.000+11:00,,mg/L,0.01,,,,,,,,
RLM,Dissolved Reactive Phosphorus as P,2024-09-12 12:00:00.000+11:00,,mg/L,0.01,,,,,,,,
RLE,Dissolved Reactive Phosphorus as P,2024-09-12 12:00:00.000+11:00,,mg/L,0.01,,,,,,,,
RLW,Nitrate as N,2024-09-12 12:00:00.000+11:00,,mg/L,0.01,,,,,,,,
RLM,Nitrate as N,2024-09-12 12:00:00.000+11:00,,mg/L,0.01,,,,,,,,
RLE,Nitrate as N,2024-09-12 12:00:00.000+11:00,0.01,mg/L,0.01,,,,,,,,
RLM,Nitrite + Nitrate as N,2024-09-12 12:00:00.000+11:00,,mg/L,0.01,,,,,,,,
RLE,Nitrite + Nitrate as N,2024-09-12 12:00:00.000+11:00,0.01,mg/L,0.01,,,,,,,,
RLW,Nitrite + Nitrate as N,2024-09-12 12:00:00.000+11:00,,mg/L,0.01,,,,,,,,
RLE,Nitrite as N,2024-09-12 12:00:00.000+11:00,,mg/L,0.01,,,,,,,,
RLW,Nitrite as N,2024-09-12 12:00:00.000+11:00,,mg/L,0.01,,,,,,,,
RLM,Nitrite as N,2024-09-12 12:00:00.000+11:00,,mg/L,0.01,,,,,,,,
RLM,Total Kjeldahl Nitrogen as N,2024-09-12 12:00:00.000+11:00,0.5,mg/L,0.1,,,,,,,,
RLE,Total Kjeldahl Nitrogen as N,2024-09-12 12:00:00.000+11:00,0.5,mg/L,0.1,,,,,,,,
RLW,Total Kjeldahl Nitrogen as N,2024-09-12 12:00:00.000+11:00,0.5,mg/L,0.1,,,,,,,,
RLW,Total Nitrogen as N,2024-09-12 12:00:00.000+11:00,0.5,mg/L,0.1,,,,,,,,
RLM,Total Nitrogen as N,2024-09-12 12:00:00.000+11:00,0.5,mg/L,0.1,,,,,,,,
RLE,Total Nitrogen as N,2024-09-12 12:00:00.000+11:00,0.5,mg/L,0.1,,,,,,,,
RLM,Total Phosphorus as P,2024-09-12 12:00:00.000+10:00,0.03,mg/L,0.01,,,,,,,,
RLE,Total Phosphorus as P,2024-09-12 12:00:00.000+10:00,0.05,mg/L,0.01,,,,,,,,
RLW,Total Phosphorus as P,2024-09-12 12:00:00.000+10:00,0.03,mg/L,0.01,,,,,,,,
RLM,Total suspended solids,2024-09-12 12:00:00.000+11:00,,mg/L,5,,,,,,,,
RLW,Total suspended solids,2024-09-12 12:00:00.000+11:00,,mg/L,5,,,,,,,,
RLE,Total suspended solids,2024-09-12 12:00:00.000+11:00,,mg/L,5,,,,,,,,
RLE,Ammonia as N,2024-09-02 12:00:00.000+11:00,0.02,mg/L,0.01,,,,,,,,
RLW,Ammonia as N,2024-09-02 12:00:00.000+11:00,0.06,mg/L,0.01,,,,,,,,
RLM,Ammonia as N,2024-09-02 12:00:00.000+11:00,0.05,mg/L,0.01,,,,,,,,
RLM,Dissolved Reactive Phosphorus as P,2024-09-02 12:00:00.000+11:00,,mg/L,0.01,,,,,,,,
RLW,Dissolved Reactive Phosphorus as P,2024-09-02 12:00:00.000+11:00,,mg/L,0.01,,,,,,,,
RLE,Dissolved Reactive Phosphorus as P,2024-09-02 12:00:00.000+11:00,,mg/L,0.01,,,,,,,,
RLW,Nitrate as N,2024-09-02 12:00:00.000+11:00,0.02,mg/L,0.01,,,,,,,,
RLM,Nitrate as N,2024-09-02 12:00:00.000+11:00,0.03,mg/L,0.01,,,,,,,,
RLE,Nitrate as N,2024-09-02 12:00:00.000+11:00,0.02,mg/L,0.01,,,,,,,,
RLE,Nitrite + Nitrate as N,2024-09-02 12:00:00.000+11:00,0.02,mg/L,0.01,,,,,,,,
RLW,Nitrite + Nitrate as N,2024-09-02 12:00:00.000+11:00,0.02,mg/L,0.01,,,,,,,,
RLM,Nitrite + Nitrate as N,2024-09-02 12:00:00.000+11:00,0.03,mg/L,0.01,,,,,,,,
RLE,Nitrite as N,2024-09-02 12:00:00.000+11:00,,mg/L,0.01,,,,,,,,
RLW,Nitrite as N,2024-09-02 12:00:00.000+11:00,,mg/L,0.01,,,,,,,,
RLM,Nitrite as N,2024-09-02 12:00:00.000+11:00,,mg/L,0.01,,,,,,,,
RLW,Total Kjeldahl Nitrogen as N,2024-09-02 12:00:00.000+11:00,0.6,mg/L,0.1,,,,,,,,
RLM,Total Kjeldahl Nitrogen as N,2024-09-02 12:00:00.000+11:00,0.6,mg/L,0.1,,,,,,,,
RLE,Total Kjeldahl Nitrogen as N,2024-09-02 12:00:00.000+11:00,0.6,mg/L,0.1,,,,,,,,
RLW,Total Nitrogen as N,2024-09-02 12:00:00.000+11:00,0.6,mg/L,0.1,,,,,,,,
RLM,Total Nitrogen as N,2024-09-02 12:00:00.000+11:00,0.6,mg/L,0.1,,,,,,,,
RLE,Total Nitrogen as N,2024-09-02 12:00:00.000+11:00,0.6,mg/L,0.1,,,,,,,,
RLW,Total Phosphorus as P,2024-09-02 12:00:00.000+10:00,0.02,mg/L,0.01,,,,,,,,
RLE,Total Phosphorus as P,2024-09-02 12:00:00.000+10:00,0.03,mg/L,0.01,,,,,,,,
RLM,Total Phosphorus as P,2024-09-02 12:00:00.000+10:00,0.07,mg/L,0.01,,,,,,,,
RLW,Total suspended solids,2024-09-02 12:00:00.000+11:00,,mg/L,5,,,,,,,,
RLM,Total suspended solids,2024-09-02 12:00:00.000+11:00,8,mg/L,5,,,,,,,,
RLE,Total suspended solids,2024-09-02 12:00:00.000+11:00,5,mg/L,5,,,,,,,,
RLW,Ammonia as N,2024-09-02 12:00:00.000+10:00,0.06,mg/L,0.01,,,,,,,,
RLE,Ammonia as N,2024-09-02 12:00:00.000+10:00,0.02,mg/L,0.01,,,,,,,,
RLM,Ammonia as N,2024-09-02 12:00:00.000+10:00,0.05,mg/L,0.01,,,,,,,,
RLM,Dissolved Reactive Phosphorus as P,2024-09-02 12:00:00.000+10:00,,mg/L,0.01,,,,,,,,
RLE,Dissolved Reactive Phosphorus as P,2024-09-02 12:00:00.000+10:00,,mg/L,0.01,,,,,,,,
RLW,Dissolved Reactive Phosphorus as P,2024-09-02 12:00:00.000+10:00,,mg/L,0.01,,,,,,,,
RLM,Nitrate as N,2024-09-02 12:00:00.000+10:00,0.03,mg/L,0.01,,,,,,,,
RLW,Nitrate as N,2024-09-02 12:00:00.000+10:00,0.02,mg/L,0.01,,,,,,,,
RLE,Nitrate as N,2024-09-02 12:00:00.000+10:00,0.02,mg/L,0.01,,,,,,,,
RLW,Nitrite + Nitrate as N,2024-09-02 12:00:00.000+10:00,0.02,mg/L,0.01,,,,,,,,
RLM,Nitrite + Nitrate as N,2024-09-02 12:00:00.000+10:00,0.03,mg/L,0.01,,,,,,,,
RLE,Nitrite + Nitrate as N,2024-09-02 12:00:00.000+10:00,0.02,mg/L,0.01,,,,,,,,
RLW,Nitrite as N,2024-09-02 12:00:00.000+10:00,,mg/L,0.01,,,,,,,,
RLM,Nitrite as N,2024-09-02 12:00:00.000+10:00,,mg/L,0.01,,,,,,,,
RLE,Nitrite as N,2024-09-02 12:00:00.000+10:00,,mg/L,0.01,,,,,,,,
RLE,Total Kjeldahl Nitrogen as N,2024-09-02 12:00:00.000+10:00,0.6,mg/L,0.1,,,,,,,,
RLW,Total Kjeldahl Nitrogen as N,2024-09-02 12:00:00.000+10:00,0.6,mg/L,0.1,,,,,,,,
RLM,Total Kjeldahl Nitrogen as N,2024-09-02 12:00:00.000+10:00,0.6,mg/L,0.1,,,,,,,,
RLE,Total Nitrogen as N,2024-09-02 12:00:00.000+10:00,0.6,mg/L,0.1,,,,,,,,
RLM,Total Nitrogen as N,2024-09-02 12:00:00.000+10:00,0.6,mg/L,0.1,,,,,,,,
RLW,Total Nitrogen as N,2024-09-02 12:00:00.000+10:00,0.6,mg/L,0.1,,,,,,,,
RLW,Total Phosphorus as P,2024-09-02 12:00:00.000+10:00,0.02,mg/L,0.01,,,,,,,,
RLE,Total Phosphorus as P,2024-09-02 12:00:00.000+10:00,0.03,mg/L,0.01,,,,,,,,
RLM,Total Phosphorus as P,2024-09-02 12:00:00.000+10:00,0.07,mg/L,0.01,,,,,,,,
RLW,Total suspended solids,2024-09-02 12:00:00.000+10:00,,mg/L,5,,,,,,,,
RLE,Total suspended solids,2024-09-02 12:00:00.000+10:00,5,mg/L,5,,,,,,,,
RLM,Total suspended solids,2024-09-02 12:00:00.000+10:00,8,mg/L,5,,,,,,,,
RLW,Chlorophyll - a,2024-09-02 09:50:00.000+11:00,19.1,mg/m^3,,,,,,,,,
RLW,Cyanobacteria Biovolume,2024-09-02 09:50:00.000+11:00,0.093,mm3/l,,,,,,,,,
RLW,Dolichospermum circinale_Biovolume,2024-09-02 09:50:00.000+11:00,0.044,mm3/l,,,,,,,,,
RLW,Dolichospermum circinale_Cell count,2024-09-02 09:50:00.000+11:00,255,cells/ml,,,,,,,,,
RLW,Enterococci,2024-09-02 09:50:00.000+11:00,1,cfu/100ml,,,,,,,,,
RLW,Microcystis_Biovolume,2024-09-02 09:50:00.000+11:00,0.049,mm3/l,,,,,,,,,
RLW,Microcystis_Cell count,2024-09-02 09:50:00.000+11:00,1905,cells/ml,,,,,,,,,
RLW,Potentially Toxic Cyanobacteria,2024-09-02 09:50:00.000+11:00,2160,cells/ml,,,,,,,,,
RLW,Potentially Toxic Cyanobacteria Biovolume,2024-09-02 09:50:00.000+11:00,0.093,mm3/l,,,,,,,,,
RLW,Total Cyanobacteria,2024-09-02 09:50:00.000+11:00,2160,cells/ml,,,,,,,,,
RLM,Chlorophyll - a,2024-09-02 09:40:00.000+11:00,21.4,mg/m^3,,,,,,,,,
RLM,Cyanobacteria Biovolume,2024-09-02 09:40:00.000+11:00,0.158,mm3/l,,,,,,,,,
RLM,Dolichospermum circinale_Biovolume,2024-09-02 09:40:00.000+11:00,0.156,mm3/l,,,,,,,,,
RLM,Dolichospermum circinale_Cell count,2024-09-02 09:40:00.000+11:00,901,cells/ml,,,,,,,,,
RLM,Enterococci,2024-09-02 09:40:00.000+11:00,1,cfu/100ml,,,,,,,,,
RLM,Microcystis_Biovolume,2024-09-02 09:40:00.000+11:00,0.001,mm3/l,,,,,,,,,
RLM,Microcystis_Cell count,2024-09-02 09:40:00.000+11:00,68,cells/ml,,,,,,,,,
RLM,Planktolyngbya_Biovolume,2024-09-02 09:40:00.000+11:00,0.001,mm3/l,,,,,,,,,
RLM,Planktolyngbya_Cell count,2024-09-02 09:40:00.000+11:00,612,cells/ml,,,,,,,,,
RLM,Potentially Toxic Cyanobacteria,2024-09-02 09:40:00.000+11:00,969,cells/ml,,,,,,,,,
RLM,Potentially Toxic Cyanobacteria Biovolume,2024-09-02 09:40:00.000+11:00,0.157,mm3/l,,,,,,,,,
RLM,Total Cyanobacteria,2024-09-02 09:40:00.000+11:00,1580,cells/ml,,,,,,,,,
RLE,Chlorophyll - a,2024-09-02 09:30:00.000+11:00,21.3,mg/m^3,,,,,,,,,
RLE,Coccoid Blue Green Picoplankton_Biovolume,2024-09-02 09:30:00.000+11:00,0,mm3/l,,,,,,,,,
RLE,Coccoid Blue Green Picoplankton_Cell count,2024-09-02 09:30:00.000+11:00,408,cells/ml,,,,,,,,,
RLE,Cyanobacteria Biovolume,2024-09-02 09:30:00.000+11:00,0.411,mm3/l,,,,,,,,,
RLE,Dolichospermum circinale_Biovolume,2024-09-02 09:30:00.000+11:00,0.174,mm3/l,,,,,,,,,
RLE,Dolichospermum circinale_Cell count,2024-09-02 09:30:00.000+11:00,1002,cells/ml,,,,,,,,,
RLE,Enterococci,2024-09-02 09:30:00.000+11:00,1,cfu/100ml,,,,,,,,,
RLE,Microcystis_Biovolume,2024-09-02 09:30:00.000+11:00,0.237,mm3/l,,,,,,,,,
RLE,Microcystis_Cell count,2024-09-02 09:30:00.000+11:00,9111,cells/ml,,,,,,,,,
RLE,Potentially Toxic Cyanobacteria,2024-09-02 09:30:00.000+11:00,10110,cells/ml,,,,,,,,,
RLE,Potentially Toxic Cyanobacteria Biovolume,2024-09-02 09:30:00.000+11:00,0.411,mm3/l,,,,,,,,,
RLE,Total Cyanobacteria,2024-09-02 09:30:00.000+11:00,10520,cells/ml,,,,,,,,,
RLM,Ammonia as N,2024-08-05 12:00:00.000+10:00,0.02,mg/L,0.01,,,,,,,,
RLE,Ammonia as N,2024-08-05 12:00:00.000+10:00,0.04,mg/L,0.01,,,,,,,,
RLW,Ammonia as N,2024-08-05 12:00:00.000+10:00,0.03,mg/L,0.01,,,,,,,,
RLM,Dissolved Reactive Phosphorus as P,2024-08-05 12:00:00.000+10:00,,mg/L,0.01,,,,,,,,
RLE,Dissolved Reactive Phosphorus as P,2024-08-05 12:00:00.000+10:00,,mg/L,0.01,,,,,,,,
RLW,Dissolved Reactive Phosphorus as P,2024-08-05 12:00:00.000+10:00,,mg/L,0.01,,,,,,,,
RLE,Nitrate as N,2024-08-05 12:00:00.000+10:00,0.07,mg/L,0.01,,,,,,,,
RLW,Nitrate as N,2024-08-05 12:00:00.000+10:00,0.1,mg/L,0.01,,,,,,,,
RLM,Nitrate as N,2024-08-05 12:00:00.000+10:00,0.08,mg/L,0.01,,,,,,,,
RLW,Nitrite + Nitrate as N,2024-08-05 12:00:00.000+10:00,0.1,mg/L,0.01,,,,,,,,
RLE,Nitrite + Nitrate as N,2024-08-05 12:00:00.000+10:00,0.07,mg/L,0.01,,,,,,,,
RLM,Nitrite + Nitrate as N,2024-08-05 12:00:00.000+10:00,0.08,mg/L,0.01,,,,,,,,
RLM,Nitrite as N,2024-08-05 12:00:00.000+10:00,,mg/L,0.01,,,,,,,,
RLE,Nitrite as N,2024-08-05 12:00:00.000+10:00,,mg/L,0.01,,,,,,,,
RLW,Nitrite as N,2024-08-05 12:00:00.000+10:00,,mg/L,0.01,,,,,,,,
RLM,Total Kjeldahl Nitrogen as N,2024-08-05 12:00:00.000+10:00,0.8,mg/L,0.1,,,,,,,,
RLE,Total Kjeldahl Nitrogen as N,2024-08-05 12:00:00.000+10:00,0.6,mg/L,0.1,,,,,,,,
RLW,Total Kjeldahl Nitrogen as N,2024-08-05 12:00:00.000+10:00,0.9,mg/L,0.1,,,,,,,,
RLW,Total Nitrogen as N,2024-08-05 12:00:00.000+10:00,1,mg/L,0.1,,,,,,,,
RLM,Total Nitrogen as N,2024-08-05 12:00:00.000+10:00,0.9,mg/L,0.1,,,,,,,,
RLE,Total Nitrogen as N,2024-08-05 12:00:00.000+10:00,0.7,mg/L,0.1,,,,,,,,
RLE,Total Phosphorus as P,2024-08-05 12:00:00.000+10:00,0.02,mg/L,0.01,,,,,,,,
RLW,Total Phosphorus as P,2024-08-05 12:00:00.000+10:00,0.04,mg/L,0.01,,,,,,,,
RLM,Total Phosphorus as P,2024-08-05 12:00:00.000+10:00,0.03,mg/L,0.01,,,,,,,,
RLM,Total suspended solids,2024-08-05 12:00:00.000+10:00,,mg/L,5,,,,,,,,
RLE,Total suspended solids,2024-08-05 12:00:00.000+10:00,,mg/L,5,,,,,,,,
RLW,Total suspended solids,2024-08-05 12:00:00.000+10:00,,mg/L,5,,,,,,,,
RLW,Chlorophyll - a,2024-08-05 10:00:00.000+11:00,7.9,mg/m^3,,,,,,,,,
RLW,Cyanobacteria Biovolume,2024-08-05 10:00:00.000+11:00,0.133,mm3/l,,,,,,,,,
RLW,Dolichospermum circinale_Biovolume,2024-08-05 10:00:00.000+11:00,0.097,mm3/l,,,,,,,,,
RLW,Dolichospermum circinale_Cell count,2024-08-05 10:00:00.000+11:00,561,cells/ml,,,,,,,,,
RLW,Enterococci,2024-08-05 10:00:00.000+11:00,1,cfu/100ml,,,,,,,,,
RLW,Microcystis species 2_Biovolume,2024-08-05 10:00:00.000+11:00,0.017,mm3/l,,,,,,,,,
RLW,Microcystis species 2_Cell count,2024-08-05 10:00:00.000+11:00,204,cells/ml,,,,,,,,,
RLW,Microcystis_Biovolume,2024-08-05 10:00:00.000+11:00,0.019,mm3/l,,,,,,,,,
RLW,Microcystis_Cell count,2024-08-05 10:00:00.000+11:00,762,cells/ml,,,,,,,,,
RLW,Potentially Toxic Cyanobacteria,2024-08-05 10:00:00.000+11:00,1530,cells/ml,,,,,,,,,
RLW,Potentially Toxic Cyanobacteria Biovolume,2024-08-05 10:00:00.000+11:00,0.133,mm3/l,,,,,,,,,
RLW,Total Cyanobacteria,2024-08-05 10:00:00.000+11:00,1530,cells/ml,,,,,,,,,
RLW,Chlorophyll - a,2024-08-05 10:00:00.000+10:00,7.9,mg/m^3,,,,,,,,,
RLW,Cyanobacteria Biovolume,2024-08-05 10:00:00.000+10:00,0.133,mm3/l,,,,,,,,,
RLW,Dolichospermum circinale_Biovolume,2024-08-05 10:00:00.000+10:00,0.097,mm3/l,,,,,,,,,
RLW,Dolichospermum circinale_Cell count,2024-08-05 10:00:00.000+10:00,561,cells/ml,,,,,,,,,
RLW,Enterococci,2024-08-05 10:00:00.000+10:00,1,cfu/100ml,,,,,,,,,
RLW,Microcystis species 2_Biovolume,2024-08-05 10:00:00.000+10:00,0.017,mm3/l,,,,,,,,,
RLW,Microcystis species 2_Cell count,2024-08-05 10:00:00.000+10:00,204,cells/ml,,,,,,,,,
RLW,Microcystis_Biovolume,2024-08-05 10:00:00.000+10:00,0.019,mm3/l,,,,,,,,,
RLW,Microcystis_Cell count,2024-08-05 10:00:00.000+10:00,762,cells/ml,,,,,,,,,
RLW,Potentially Toxic Cyanobacteria,2024-08-05 10:00:00.000+10:00,1530,cells/ml,,,,,,,,,
RLW,Potentially Toxic Cyanobacteria Biovolume,2024-08-05 10:00:00.000+10:00,0.133,mm3/l,,,,,,,,,
RLW,Total Cyanobacteria,2024-08-05 10:00:00.000+10:00,1530,cells/ml,,,,,,,,,
RLM,Chlorophyll - a,2024-08-05 09:50:00.000+11:00,11.6,mg/m^3,,,,,,,,,
RLM,Cyanobacteria Biovolume,2024-08-05 09:50:00.000+11:00,1.91,mm3/l,,,,,,,,,
RLM,Dolichospermum circinale_Biovolume,2024-08-05 09:50:00.000+11:00,1.203,mm3/l,,,,,,,,,
RLM,Dolichospermum circinale_Cell count,2024-08-05 09:50:00.000+11:00,6927,cells/ml,,,,,,,,,
RLM,Enterococci,2024-08-05 09:50:00.000+11:00,1,cfu/100ml,,,,,,,,,
RLM,Microcystis_Biovolume,2024-08-05 09:50:00.000+11:00,0.701,mm3/l,,,,,,,,,
RLM,Microcystis_Cell count,2024-08-05 09:50:00.000+11:00,26892,cells/ml,,,,,,,,,
RLM,Potentially Toxic Cyanobacteria,2024-08-05 09:50:00.000+11:00,33820,cells/ml,,,,,,,,,
RLM,Potentially Toxic Cyanobacteria Biovolume,2024-08-05 09:50:00.000+11:00,1.9,mm3/l,,,,,,,,,
RLM,Pseudanabaena_Biovolume,2024-08-05 09:50:00.000+11:00,0.01,mm3/l,,,,,,,,,
RLM,Pseudanabaena_Cell count,2024-08-05 09:50:00.000+11:00,1089,cells/ml,,,,,,,,,
RLM,Total Cyanobacteria,2024-08-05 09:50:00.000+11:00,34910,cells/ml,,,,,,,,,
RLM,Chlorophyll - a,2024-08-05 09:50:00.000+10:00,11.6,mg/m^3,,,,,,,,,
RLM,Cyanobacteria Biovolume,2024-08-05 09:50:00.000+10:00,1.91,mm3/l,,,,,,,,,
RLM,Dolichospermum circinale_Biovolume,2024-08-05 09:50:00.000+10:00,1.203,mm3/l,,,,,,,,,
RLM,Dolichospermum circinale_Cell count,2024-08-05 09:50:00.000+10:00,6927,cells/ml,,,,,,,,,
RLM,Enterococci,2024-08-05 09:50:00.000+10:00,1,cfu/100ml,,,,,,,,,
RLM,Microcystis_Biovolume,2024-08-05 09:50:00.000+10:00,0.701,mm3/l,,,,,,,,,
RLM,Microcystis_Cell count,2024-08-05 09:50:00.000+10:00,26892,cells/ml,,,,,,,,,
RLM,Potentially Toxic Cyanobacteria,2024-08-05 09:50:00.000+10:00,33820,cells/ml,,,,,,,,,
RLM,Potentially Toxic Cyanobacteria Biovolume,2024-08-05 09:50:00.000+10:00,1.9,mm3/l,,,,,,,,,
RLM,Pseudanabaena_Biovolume,2024-08-05 09:50:00.000+10:00,0.01,mm3/l,,,,,,,,,
RLM,Pseudanabaena_Cell count,2024-08-05 09:50:00.000+10:00,1089,cells/ml,,,,,,,,,
RLM,Total Cyanobacteria,2024-08-05 09:50:00.000+10:00,34910,cells/ml,,,,,,,,,
RLE,Chlorophyll - a,2024-08-05 09:40:00.000+11:00,11.1,mg/m^3,,,,,,,,,
RLE,Coccoid Blue Green Picoplankton_Biovolume,2024-08-05 09:40:00.000+11:00,0,mm3/l,,,,,,,,,
RLE,Coccoid Blue Green Picoplankton_Cell count,2024-08-05 09:40:00.000+11:00,959,cells/ml,,,,,,,,,
RLE,Cyanobacteria Biovolume,2024-08-05 09:40:00.000+11:00,1.17,mm3/l,,,,,,,,,
RLE,Dolichospermum circinale_Biovolume,2024-08-05 09:40:00.000+11:00,0.493,mm3/l,,,,,,,,,
RLE,Dolichospermum circinale_Cell count,2024-08-05 09:40:00.000+11:00,2838,cells/ml,,,,,,,,,
RLE,Enterococci,2024-08-05 09:40:00.000+11:00,1,cfu/100ml,,,,,,,,,
RLE,Microcystis species 2_Biovolume,2024-08-05 09:40:00.000+11:00,0.076,mm3/l,,,,,,,,,
RLE,Microcystis species 2_Cell count,2024-08-05 09:40:00.000+11:00,898,cells/ml,,,,,,,,,
RLE,Microcystis_Biovolume,2024-08-05 09:40:00.000+11:00,0.586,mm3/l,,,,,,,,,
RLE,Microcystis_Cell count,2024-08-05 09:40:00.000+11:00,22482,cells/ml,,,,,,,,,
RLE,Potentially Toxic Cyanobacteria,2024-08-05 09:40:00.000+11:00,26220,cells/ml,,,,,,,,,
RLE,Potentially Toxic Cyanobacteria Biovolume,2024-08-05 09:40:00.000+11:00,1.16,mm3/l,,,,,,,,,
RLE,Pseudanabaena mucicola_Biovolume,2024-08-05 09:40:00.000+11:00,0.014,mm3/l,,,,,,,,,
RLE,Pseudanabaena mucicola_Cell count,2024-08-05 09:40:00.000+11:00,1102,cells/ml,,,,,,,,,
RLE,Total Cyanobacteria,2024-08-05 09:40:00.000+11:00,28280,cells/ml,,,,,,,,,
RLE,Chlorophyll - a,2024-08-05 09:40:00.000+10:00,11.1,mg/m^3,,,,,,,,,
RLE,Coccoid Blue Green Picoplankton_Biovolume,2024-08-05 09:40:00.000+10:00,0,mm3/l,,,,,,,,,
RLE,Coccoid Blue Green Picoplankton_Cell count,2024-08-05 09:40:00.000+10:00,959,cells/ml,,,,,,,,,
RLE,Cyanobacteria Biovolume,2024-08-05 09:40:00.000+10:00,1.17,mm3/l,,,,,,,,,
RLE,Dolichospermum circinale_Biovolume,2024-08-05 09:40:00.000+10:00,0.493,mm3/l,,,,,,,,,
RLE,Dolichospermum circinale_Cell count,2024-08-05 09:40:00.000+10:00,2838,cells/ml,,,,,,,,,
RLE,Enterococci,2024-08-05 09:40:00.000+10:00,1,cfu/100ml,,,,,,,,,
RLE,Microcystis species 2_Biovolume,2024-08-05 09:40:00.000+10:00,0.076,mm3/l,,,,,,,,,
RLE,Microcystis species 2_Cell count,2024-08-05 09:40:00.000+10:00,898,cells/ml,,,,,,,,,
RLE,Microcystis_Biovolume,2024-08-05 09:40:00.000+10:00,0.586,mm3/l,,,,,,,,,
RLE,Microcystis_Cell count,2024-08-05 09:40:00.000+10:00,22482,cells/ml,,,,,,,,,
RLE,Potentially Toxic Cyanobacteria,2024-08-05 09:40:00.000+10:00,26220,cells/ml,,,,,,,,,
RLE,Potentially Toxic Cyanobacteria Biovolume,2024-08-05 09:40:00.000+10:00,1.16,mm3/l,,,,,,,,,
RLE,Pseudanabaena mucicola_Biovolume,2024-08-05 09:40:00.000+10:00,0.014,mm3/l,,,,,,,,,
RLE,Pseudanabaena mucicola_Cell count,2024-08-05 09:40:00.000+10:00,1102,cells/ml,,,,,,,,,
RLE,Total Cyanobacteria,2024-08-05 09:40:00.000+10:00,28280,cells/ml,,,,,,,,,
RLE,Ammonia as N,2024-07-01 12:00:00.000+10:00,0.06,mg/L,0.01,,,,,,,,
RLM,Ammonia as N,2024-07-01 12:00:00.000+10:00,0.03,mg/L,0.01,,,,,,,,
RLW,Ammonia as N,2024-07-01 12:00:00.000+10:00,0.04,mg/L,0.01,,,,,,,,
RLM,Dissolved Reactive Phosphorus as P,2024-07-01 12:00:00.000+10:00,,mg/L,0.01,,,,,,,,
RLW,Dissolved Reactive Phosphorus as P,2024-07-01 12:00:00.000+10:00,,mg/L,0.01,,,,,,,,
RLE,Dissolved Reactive Phosphorus as P,2024-07-01 12:00:00.000+10:00,,mg/L,0.01,,,,,,,,
RLE,Nitrate as N,2024-07-01 12:00:00.000+10:00,0.06,mg/L,0.01,,,,,,,,
RLM,Nitrate as N,2024-07-01 12:00:00.000+10:00,0.05,mg/L,0.01,,,,,,,,
RLW,Nitrate as N,2024-07-01 12:00:00.000+10:00,0.08,mg/L,0.01,,,,,,,,
RLE,Nitrite + Nitrate as N,2024-07-01 12:00:00.000+10:00,0.06,mg/L,0.01,,,,,,,,
RLM,Nitrite + Nitrate as N,2024-07-01 12:00:00.000+10:00,0.05,mg/L,0.01,,,,,,,,
RLW,Nitrite + Nitrate as N,2024-07-01 12:00:00.000+10:00,0.08,mg/L,0.01,,,,,,,,
RLE,Nitrite as N,2024-07-01 12:00:00.000+10:00,,mg/L,0.01,,,,,,,,
RLM,Nitrite as N,2024-07-01 12:00:00.000+10:00,,mg/L,0.01,,,,,,,,
RLW,Nitrite as N,2024-07-01 12:00:00.000+10:00,,mg/L,0.01,,,,,,,,
RLW,Total Kjeldahl Nitrogen as N,2024-07-01 12:00:00.000+10:00,0.7,mg/L,0.1,,,,,,,,
RLE,Total Kjeldahl Nitrogen as N,2024-07-01 12:00:00.000+10:00,0.7,mg/L,0.1,,,,,,,,
RLM,Total Kjeldahl Nitrogen as N,2024-07-01 12:00:00.000+10:00,0.6,mg/L,0.1,,,,,,,,
RLE,Total Nitrogen as N,2024-07-01 12:00:00.000+10:00,0.8,mg/L,0.1,,,,,,,,
RLM,Total Nitrogen as N,2024-07-01 12:00:00.000+10:00,0.6,mg/L,0.1,,,,,,,,
RLW,Total Nitrogen as N,2024-07-01 12:00:00.000+10:00,0.8,mg/L,0.1,,,,,,,,
RLE,Total Phosphorus as P,2024-07-01 12:00:00.000+10:00,0.02,mg/L,0.01,,,,,,,,
RLM,Total Phosphorus as P,2024-07-01 12:00:00.000+10:00,0.02,mg/L,0.01,,,,,,,,
RLW,Total Phosphorus as P,2024-07-01 12:00:00.000+10:00,0.05,mg/L,0.01,,,,,,,,
RLW,Total suspended solids,2024-07-01 12:00:00.000+10:00,,mg/L,5,,,,,,,,
RLM,Total suspended solids,2024-07-01 12:00:00.000+10:00,6,mg/L,5,,,,,,,,
RLE,Total suspended solids,2024-07-01 12:00:00.000+10:00,5,mg/L,5,,,,,,,,
RLW,Chlorophyll - a,2024-07-01 10:35:00.000+10:00,19.4,mg/m^3,,,,,,,,,
RLW,Coccoid Blue Green Picoplankton_Biovolume,2024-07-01 10:35:00.000+10:00,0.002,mm3/l,,,,,,,,,
RLW,Coccoid Blue Green Picoplankton_Cell count,2024-07-01 10:35:00.000+10:00,6124,cells/ml,,,,,,,,,
RLW,Cyanobacteria Biovolume,2024-07-01 10:35:00.000+10:00,0.119,mm3/l,,,,,,,,,
RLW,Enterococci,2024-07-01 10:35:00.000+10:00,1,cfu/100ml,,,,,,,,,
RLW,Microcystis_Biovolume,2024-07-01 10:35:00.000+10:00,0.117,mm3/l,,,,,,,,,
RLW,Microcystis_Cell count,2024-07-01 10:35:00.000+10:00,4511,cells/ml,,,,,,,,,
RLW,Potentially Toxic Cyanobacteria,2024-07-01 10:35:00.000+10:00,4510,cells/ml,,,,,,,,,
RLW,Potentially Toxic Cyanobacteria Biovolume,2024-07-01 10:35:00.000+10:00,0.117,mm3/l,,,,,,,,,
RLW,Total Cyanobacteria,2024-07-01 10:35:00.000+10:00,10640,cells/ml,,,,,,,,,
RLM,Chlorophyll - a,2024-07-01 10:20:00.000+10:00,13.3,mg/m^3,,,,,,,,,
RLM,Coccoid Blue Green Picoplankton_Biovolume,2024-07-01 10:20:00.000+10:00,0.002,mm3/l,,,,,,,,,
RLM,Coccoid Blue Green Picoplankton_Cell count,2024-07-01 10:20:00.000+10:00,5573,cells/ml,,,,,,,,,
RLM,Cyanobacteria Biovolume,2024-07-01 10:20:00.000+10:00,0.059,mm3/l,,,,,,,,,
RLM,Enterococci,2024-07-01 10:20:00.000+10:00,1,cfu/100ml,,,,,,,,,
RLM,Microcystis_Biovolume,2024-07-01 10:20:00.000+10:00,0.057,mm3/l,,,,,,,,,
RLM,Microcystis_Cell count,2024-07-01 10:20:00.000+10:00,2191,cells/ml,,,,,,,,,
RLM,Potentially Toxic Cyanobacteria,2024-07-01 10:20:00.000+10:00,2190,cells/ml,,,,,,,,,
RLM,Potentially Toxic Cyanobacteria Biovolume,2024-07-01 10:20:00.000+10:00,0.057,mm3/l,,,,,,,,,
RLM,Total Cyanobacteria,2024-07-01 10:20:00.000+10:00,7760,cells/ml,,,,,,,,,
RLE,Chlorophyll - a,2024-07-01 10:05:00.000+10:00,23,mg/m^3,,,,,,,,,
RLE,Coccoid Blue Green Picoplankton_Biovolume,2024-07-01 10:05:00.000+10:00,0.008,mm3/l,,,,,,,,,
RLE,Coccoid Blue Green Picoplankton_Cell count,2024-07-01 10:05:00.000+10:00,18488,cells/ml,,,,,,,,,
RLE,Cyanobacteria Biovolume,2024-07-01 10:05:00.000+10:00,0.042,mm3/l,,,,,,,,,
RLE,Enterococci,2024-07-01 10:05:00.000+10:00,1,cfu/100ml,,,,,,,,,
RLE,Microcystis_Biovolume,2024-07-01 10:05:00.000+10:00,0.034,mm3/l,,,,,,,,,
RLE,Microcystis_Cell count,2024-07-01 10:05:00.000+10:00,1327,cells/ml,,,,,,,,,
RLE,Potentially Toxic Cyanobacteria,2024-07-01 10:05:00.000+10:00,1330,cells/ml,,,,,,,,,
RLE,Potentially Toxic Cyanobacteria Biovolume,2024-07-01 10:05:00.000+10:00,0.034,mm3/l,,,,,,,,,
RLE,Total Cyanobacteria,2024-07-01 10:05:00.000+10:00,19820,cells/ml,,,,,,,,,
RLW,Ammonia as N,2024-06-03 12:00:00.000+10:00,0.05,mg/L,0.01,,,,,,,,
RLE,Ammonia as N,2024-06-03 12:00:00.000+10:00,0.03,mg/L,0.01,,,,,,,,
RLM,Ammonia as N,2024-06-03 12:00:00.000+10:00,0.04,mg/L,0.01,,,,,,,,
RLM,Dissolved Reactive Phosphorus as P,2024-06-03 12:00:00.000+10:00,,mg/L,0.01,,,,,,,,
RLW,Dissolved Reactive Phosphorus as P,2024-06-03 12:00:00.000+10:00,,mg/L,0.01,,,,,,,,
RLE,Dissolved Reactive Phosphorus as P,2024-06-03 12:00:00.000+10:00,,mg/L,0.01,,,,,,,,
RLW,Nitrate as N,2024-06-03 12:00:00.000+10:00,0.05,mg/L,0.01,,,,,,,,
RLM,Nitrate as N,2024-06-03 12:00:00.000+10:00,0.05,mg/L,0.01,,,,,,,,
RLE,Nitrate as N,2024-06-03 12:00:00.000+10:00,0.05,mg/L,0.01,,,,,,,,
RLE,Nitrite + Nitrate as N,2024-06-03 12:00:00.000+10:00,0.05,mg/L,0.01,,,,,,,,
RLW,Nitrite + Nitrate as N,2024-06-03 12:00:00.000+10:00,0.05,mg/L,0.01,,,,,,,,
RLM,Nitrite + Nitrate as N,2024-06-03 12:00:00.000+10:00,0.05,mg/L,0.01,,,,,,,,
RLE,Nitrite as N,2024-06-03 12:00:00.000+10:00,,mg/L,0.01,,,,,,,,
RLW,Nitrite as N,2024-06-03 12:00:00.000+10:00,,mg/L,0.01,,,,,,,,
RLM,Nitrite as N,2024-06-03 12:00:00.000+10:00,,mg/L,0.01,,,,,,,,
RLW,Total Kjeldahl Nitrogen as N,2024-06-03 12:00:00.000+10:00,0.6,mg/L,0.1,,,,,,,,
RLM,Total Kjeldahl Nitrogen as N,2024-06-03 12:00:00.000+10:00,0.6,mg/L,0.1,,,,,,,,
RLE,Total Kjeldahl Nitrogen as N,2024-06-03 12:00:00.000+10:00,0.8,mg/L,0.1,,,,,,,,
RLE,Total Nitrogen as N,2024-06-03 12:00:00.000+10:00,0.8,mg/L,0.1,,,,,,,,
RLW,Total Nitrogen as N,2024-06-03 12:00:00.000+10:00,0.6,mg/L,0.1,,,,,,,,
RLM,Total Nitrogen as N,2024-06-03 12:00:00.000+10:00,0.6,mg/L,0.1,,,,,,,,
RLE,Total Phosphorus as P,2024-06-03 12:00:00.000+10:00,0.05,mg/L,0.01,,,,,,,,
RLM,Total Phosphorus as P,2024-06-03 12:00:00.000+10:00,0.03,mg/L,0.01,,,,,,,,
RLW,Total Phosphorus as P,2024-06-03 12:00:00.000+10:00,0.03,mg/L,0.01,,,,,,,,
RLM,Total suspended solids,2024-06-03 12:00:00.000+10:00,,mg/L,5,,,,,,,,
RLW,Total suspended solids,2024-06-03 12:00:00.000+10:00,,mg/L,5,,,,,,,,
RLE,Total suspended solids,2024-06-03 12:00:00.000+10:00,6,mg/L,5,,,,,,,,
RLW,Chlorophyll - a,2024-06-03 09:40:00.000+10:00,12,mg/m^3,,,,,,,,,
RLW,Coccoid Blue Green Picoplankton_Biovolume,2024-06-03 09:40:00.000+10:00,0.013,mm3/l,,,,,,,,,
RLW,Coccoid Blue Green Picoplankton_Cell count,2024-06-03 09:40:00.000+10:00,30008,cells/ml,,,,,,,,,
RLW,Cyanobacteria Biovolume,2024-06-03 09:40:00.000+10:00,0.093,mm3/l,,,,,,,,,
RLW,Enterococci,2024-06-03 09:40:00.000+10:00,1,cfu/100ml,,,,,,,,,
RLW,Merismopedia_Biovolume,2024-06-03 09:40:00.000+10:00,0.002,mm3/l,,,,,,,,,
RLW,Merismopedia_Cell count,2024-06-03 09:40:00.000+10:00,272,cells/ml,,,,,,,,,
RLW,Microcystis_Biovolume,2024-06-03 09:40:00.000+10:00,0.078,mm3/l,,,,,,,,,
RLW,Microcystis_Cell count,2024-06-03 09:40:00.000+10:00,2994,cells/ml,,,,,,,,,
RLW,Potentially Toxic Cyanobacteria,2024-06-03 09:40:00.000+10:00,2990,cells/ml,,,,,,,,,
RLW,Potentially Toxic Cyanobacteria Biovolume,2024-06-03 09:40:00.000+10:00,0.078,mm3/l,,,,,,,,,
RLW,Total Cyanobacteria,2024-06-03 09:40:00.000+10:00,33270,cells/ml,,,,,,,,,
RLM,Chlorophyll - a,2024-06-03 09:30:00.000+10:00,22.4,mg/m^3,,,,,,,,,
RLM,Coccoid Blue Green Picoplankton_Biovolume,2024-06-03 09:30:00.000+10:00,0.028,mm3/l,,,,,,,,,
RLM,Coccoid Blue Green Picoplankton_Cell count,2024-06-03 09:30:00.000+10:00,62031,cells/ml,,,,,,,,,
RLM,Cyanobacteria Biovolume,2024-06-03 09:30:00.000+10:00,0.189,mm3/l,,,,,,,,,
RLM,Enterococci,2024-06-03 09:30:00.000+10:00,3,cfu/100ml,,,,,,,,,
RLM,Microcystis_Biovolume,2024-06-03 09:30:00.000+10:00,0.161,mm3/l,,,,,,,,,
RLM,Microcystis_Cell count,2024-06-03 09:30:00.000+10:00,6206,cells/ml,,,,,,,,,
RLM,Potentially Toxic Cyanobacteria,2024-06-03 09:30:00.000+10:00,6210,cells/ml,,,,,,,,,
RLM,Potentially Toxic Cyanobacteria Biovolume,2024-06-03 09:30:00.000+10:00,0.161,mm3/l,,,,,,,,,
RLM,Total Cyanobacteria,2024-06-03 09:30:00.000+10:00,68240,cells/ml,,,,,,,,,
RLE,Anagnostidinema_Biovolume,2024-06-03 09:20:00.000+10:00,0.047,mm3/l,,,,,,,,,
RLE,Anagnostidinema_Cell count,2024-06-03 09:20:00.000+10:00,2719,cells/ml,,,,,,,,,
RLE,Chlorophyll - a,2024-06-03 09:20:00.000+10:00,58.8,mg/m^3,,,,,,,,,
RLE,Coccoid Blue Green Picoplankton_Biovolume,2024-06-03 09:20:00.000+10:00,0.02,mm3/l,,,,,,,,,
RLE,Coccoid Blue Green Picoplankton_Cell count,2024-06-03 09:20:00.000+10:00,45918,cells/ml,,,,,,,,,
RLE,Cyanobacteria Biovolume,2024-06-03 09:20:00.000+10:00,0.078,mm3/l,,,,,,,,,
RLE,Enterococci,2024-06-03 09:20:00.000+10:00,9,cfu/100ml,,,,,,,,,
RLE,Microcystis_Biovolume,2024-06-03 09:20:00.000+10:00,0.009,mm3/l,,,,,,,,,
RLE,Microcystis_Cell count,2024-06-03 09:20:00.000+10:00,347,cells/ml,,,,,,,,,
RLE,Potentially Toxic Cyanobacteria,2024-06-03 09:20:00.000+10:00,347,cells/ml,,,,,,,,,
RLE,Potentially Toxic Cyanobacteria Biovolume,2024-06-03 09:20:00.000+10:00,0.009,mm3/l,,,,,,,,,
RLE,Pseudanabaena_Biovolume,2024-06-03 09:20:00.000+10:00,0.002,mm3/l,,,,,,,,,
RLE,Pseudanabaena_Cell count,2024-06-03 09:20:00.000+10:00,204,cells/ml,,,,,,,,,
RLE,Synechococcus cf_Biovolume,2024-06-03 09:20:00.000+10:00,0,mm3/l,,,,,,,,,
RLE,Synechococcus cf_Cell count,2024-06-03 09:20:00.000+10:00,136,cells/ml,,,,,,,,,
RLE,Total Cyanobacteria,2024-06-03 09:20:00.000+10:00,49320,cells/ml,,,,,,,,,
RLW,Coccoid Blue Green Picoplankton_Biovolume,2024-05-20 08:15:00.000+10:00,0.036,mm3/l,,,,,,,,,
RLW,Coccoid Blue Green Picoplankton_Cell count,2024-05-20 08:15:00.000+10:00,81438,cells/ml,,,,,,,,,
RLW,Cyanobacteria Biovolume,2024-05-20 08:15:00.000+10:00,2.84,mm3/l,,,,,,,,,
RLW,Dolichospermum_Biovolume,2024-05-20 08:15:00.000+10:00,0.03,mm3/l,,,,,,,,,
RLW,Dolichospermum_Cell count,2024-05-20 08:15:00.000+10:00,238,cells/ml,,,,,,,,,
RLW,Enterococci,2024-05-20 08:15:00.000+10:00,6,cfu/100ml,,,,,,,,,
RLW,Microcystis aeruginosa_Biovolume,2024-05-20 08:15:00.000+10:00,1.786,mm3/l,,,,,,,,,
RLW,Microcystis aeruginosa_Cell count,2024-05-20 08:15:00.000+10:00,22210,cells/ml,,,,,,,,,
RLW,Microcystis_Biovolume,2024-05-20 08:15:00.000+10:00,0.945,mm3/l,,,,,,,,,
RLW,Microcystis_Cell count,2024-05-20 08:15:00.000+10:00,36255,cells/ml,,,,,,,,,
RLW,Potentially Toxic Cyanobacteria,2024-05-20 08:15:00.000+10:00,58700,cells/ml,,,,,,,,,
RLW,Potentially Toxic Cyanobacteria Biovolume,2024-05-20 08:15:00.000+10:00,2.76,mm3/l,,,,,,,,,
RLW,Pseudanabaena mucicola_Biovolume,2024-05-20 08:15:00.000+10:00,0.042,mm3/l,,,,,,,,,
RLW,Pseudanabaena mucicola_Cell count,2024-05-20 08:15:00.000+10:00,3266,cells/ml,,,,,,,,,
RLW,Total Cyanobacteria,2024-05-20 08:15:00.000+10:00,143400,cells/ml,,,,,,,,,
RLM,Coccoid Blue Green Picoplankton_Biovolume,2024-05-20 08:05:00.000+10:00,0.022,mm3/l,,,,,,,,,
RLM,Coccoid Blue Green Picoplankton_Cell count,2024-05-20 08:05:00.000+10:00,50912,cells/ml,,,,,,,,,
RLM,Cyanobacteria Biovolume,2024-05-20 08:05:00.000+10:00,1.04,mm3/l,,,,,,,,,
RLM,Enterococci,2024-05-20 08:05:00.000+10:00,1,cfu/100ml,,,,,,,,,
RLM,Merismopedia_Biovolume,2024-05-20 08:05:00.000+10:00,0.004,mm3/l,,,,,,,,,
RLM,Merismopedia_Cell count,2024-05-20 08:05:00.000+10:00,544,cells/ml,,,,,,,,,
RLM,Microcystis aeruginosa_Biovolume,2024-05-20 08:05:00.000+10:00,0.163,mm3/l,,,,,,,,,
RLM,Microcystis aeruginosa_Cell count,2024-05-20 08:05:00.000+10:00,2035,cells/ml,,,,,,,,,
RLM,Microcystis_Biovolume,2024-05-20 08:05:00.000+10:00,0.849,mm3/l,,,,,,,,,
RLM,Microcystis_Cell count,2024-05-20 08:05:00.000+10:00,32581,cells/ml,,,,,,,,,
RLM,Planktolyngbya_Biovolume,2024-05-20 08:05:00.000+10:00,0.005,mm3/l,,,,,,,,,
RLM,Planktolyngbya_Cell count,2024-05-20 08:05:00.000+10:00,2307,cells/ml,,,,,,,,,
RLM,Potentially Toxic Cyanobacteria,2024-05-20 08:05:00.000+10:00,34620,cells/ml,,,,,,,,,
RLM,Potentially Toxic Cyanobacteria Biovolume,2024-05-20 08:05:00.000+10:00,1.01,mm3/l,,,,,,,,,
RLM,Pseudanabaena_Biovolume,2024-05-20 08:05:00.000+10:00,0.001,mm3/l,,,,,,,,,
RLM,Pseudanabaena_Cell count,2024-05-20 08:05:00.000+10:00,170,cells/ml,,,,,,,,,
RLM,Total Cyanobacteria,2024-05-20 08:05:00.000+10:00,88550,cells/ml,,,,,,,,,
RLE,7-deoxy-Cylindrospermopsin(extracellular),2024-05-20 07:55:00.000+10:00,0.1,ug/l,,,,,,,,,
RLE,7-deoxy-Cylindrospermopsin(intracellular),2024-05-20 07:55:00.000+10:00,0.1,ug/l,,,,,,,,,
RLE,7-deoxy-Cylindrospermopsin(total),2024-05-20 07:55:00.000+10:00,0.1,ug/l,,,,,,,,,
RLE,7-desmethyl Microcystin-LR(extracellular),2024-05-20 07:55:00.000+10:00,2,ug/l,,,,,,,,,
RLE,7-desmethyl Microcystin-LR(intracellular),2024-05-20 07:55:00.000+10:00,2,ug/l,,,,,,,,,
RLE,7-desmethyl Microcystin-LR(total),2024-05-20 07:55:00.000+10:00,2,ug/l,,,,,,,,,
RLE,7-Epi-Cylindrospermopsin(extracellular),2024-05-20 07:55:00.000+10:00,0.1,ug/l,,,,,,,,,
RLE,7-Epi-Cylindrospermopsin(intracellular),2024-05-20 07:55:00.000+10:00,0.1,ug/l,,,,,,,,,
RLE,7-Epi-Cylindrospermopsin(total),2024-05-20 07:55:00.000+10:00,0.1,ug/l,,,,,,,,,
RLE,Anatoxin-a(extracellular),2024-05-20 07:55:00.000+10:00,0.1,ug/l,,,,,,,,,
RLE,Anatoxin-a(intracellular),2024-05-20 07:55:00.000+10:00,0.1,ug/l,,,,,,,,,
RLE,Anatoxin-a(total),2024-05-20 07:55:00.000+10:00,0.1,ug/l,,,,,,,,,
RLE,Coccoid Blue Green Picoplankton_Biovolume,2024-05-20 07:55:00.000+10:00,0.009,mm3/l,,,,,,,,,
RLE,Coccoid Blue Green Picoplankton_Cell count,2024-05-20 07:55:00.000+10:00,20148,cells/ml,,,,,,,,,
RLE,Cyanobacteria Biovolume,2024-05-20 07:55:00.000+10:00,4.9,mm3/l,,,,,,,,,
RLE,Cylindrospermopsin (extracellular),2024-05-20 07:55:00.000+10:00,0.05,ug/l,,,,,,,,,
RLE,Cylindrospermopsin (intracellular),2024-05-20 07:55:00.000+10:00,0.05,ug/l,,,,,,,,,
RLE,Cylindrospermopsin(total),2024-05-20 07:55:00.000+10:00,0.05,ug/l,,,,,,,,,
RLE,Dolichospermum_Biovolume,2024-05-20 07:55:00.000+10:00,0.155,mm3/l,,,,,,,,,
RLE,Dolichospermum_Cell count,2024-05-20 07:55:00.000+10:00,1225,cells/ml,,,,,,,,,
RLE,Enterococci,2024-05-20 07:55:00.000+10:00,1,cfu/100ml,,,,,,,,,
RLE,Microcystin LR(extracellular),2024-05-20 07:55:00.000+10:00,0.07,ug/l,,,,,,,,,
RLE,Microcystin LR(intracellular),2024-05-20 07:55:00.000+10:00,5.6,ug/l,,,,,,,,,
RLE,Microcystin LR(total),2024-05-20 07:55:00.000+10:00,5.7,ug/l,,,,,,,,,
RLE,Microcystin RR(extracellular),2024-05-20 07:55:00.000+10:00,0.05,ug/l,,,,,,,,,
RLE,Microcystin RR(intracellular),2024-05-20 07:55:00.000+10:00,0.2,ug/l,,,,,,,,,
RLE,Microcystin RR(total),2024-05-20 07:55:00.000+10:00,0.2,ug/l,,,,,,,,,
RLE,Microcystin YR(extracellular),2024-05-20 07:55:00.000+10:00,0.05,ug/l,,,,,,,,,
RLE,Microcystin YR(intracellular),2024-05-20 07:55:00.000+10:00,0.05,ug/l,,,,,,,,,
RLE,Microcystin YR(total),2024-05-20 07:55:00.000+10:00,0.05,ug/l,,,,,,,,,
RLE,Microcystin-LA(extracellular),2024-05-20 07:55:00.000+10:00,0.5,ug/l,,,,,,,,,
RLE,Microcystin-LA(intracellular),2024-05-20 07:55:00.000+10:00,0.8,ug/l,,,,,,,,,
RLE,Microcystin-LA(total),2024-05-20 07:55:00.000+10:00,0.8,ug/l,,,,,,,,,
RLE,Microcystin-LF(extracellular),2024-05-20 07:55:00.000+10:00,1,ug/l,,,,,,,,,
RLE,Microcystin-LF(intracellular),2024-05-20 07:55:00.000+10:00,1,ug/l,,,,,,,,,
RLE,Microcystin-LF(total),2024-05-20 07:55:00.000+10:00,1,ug/l,,,,,,,,,
RLE,Microcystin-LW(extracellular),2024-05-20 07:55:00.000+10:00,1,ug/l,,,,,,,,,
RLE,Microcystin-LW(intracellular),2024-05-20 07:55:00.000+10:00,1,ug/l,,,,,,,,,
RLE,Microcystin-LW(total),2024-05-20 07:55:00.000+10:00,1,ug/l,,,,,,,,,
RLE,Microcystin-LY(extracellular),2024-05-20 07:55:00.000+10:00,0.5,ug/l,,,,,,,,,
RLE,Microcystin-LY(intracellular),2024-05-20 07:55:00.000+10:00,0.5,ug/l,,,,,,,,,
RLE,Microcystin-LY(total),2024-05-20 07:55:00.000+10:00,0.5,ug/l,,,,,,,,,
RLE,Microcystis aeruginosa_Biovolume,2024-05-20 07:55:00.000+10:00,2.985,mm3/l,,,,,,,,,
RLE,Microcystis aeruginosa_Cell count,2024-05-20 07:55:00.000+10:00,37126,cells/ml,,,,,,,,,
RLE,Microcystis_Biovolume,2024-05-20 07:55:00.000+10:00,1.67,mm3/l,,,,,,,,,
RLE,Microcystis_Cell count,2024-05-20 07:55:00.000+10:00,64045,cells/ml,,,,,,,,,
RLE,Nodularin (extracellular),2024-05-20 07:55:00.000+10:00,0.1,ug/l,,,,,,,,,
RLE,Nodularin (intracellular),2024-05-20 07:55:00.000+10:00,0.1,ug/l,,,,,,,,,
RLE,Nodularin (total),2024-05-20 07:55:00.000+10:00,0.1,ug/l,,,,,,,,,
RLE,Phormidium species 1_Biovolume,2024-05-20 07:55:00.000+10:00,0.03,mm3/l,,,,,,,,,
RLE,Phormidium species 1_Cell count,2024-05-20 07:55:00.000+10:00,985,cells/ml,,,,,,,,,
RLE,Potentially Toxic Cyanobacteria,2024-05-20 07:55:00.000+10:00,103400,cells/ml,,,,,,,,,
RLE,Potentially Toxic Cyanobacteria Biovolume,2024-05-20 07:55:00.000+10:00,4.84,mm3/l,,,,,,,,,
RLE,Pseudanabaena mucicola_Biovolume,2024-05-20 07:55:00.000+10:00,0.049,mm3/l,,,,,,,,,
RLE,Pseudanabaena mucicola_Cell count,2024-05-20 07:55:00.000+10:00,3774,cells/ml,,,,,,,,,
RLE,Total Cyanobacteria,2024-05-20 07:55:00.000+10:00,127300,cells/ml,,,,,,,,,
RLE,Total Microcystins,2024-05-20 07:55:00.000+10:00,6.7,ug/l,,,,,,,,,
RLE,7-deoxy-Cylindrospermopsin(extracellular),2024-05-17 13:40:00.000+10:00,0.1,ug/l,,,,,,,,,
RLE,7-deoxy-Cylindrospermopsin(intracellular),2024-05-17 13:40:00.000+10:00,0.1,ug/l,,,,,,,,,
RLE,7-deoxy-Cylindrospermopsin(total),2024-05-17 13:40:00.000+10:00,0.1,ug/l,,,,,,,,,
RLE,7-desmethyl Microcystin-LR(extracellular),2024-05-17 13:40:00.000+10:00,2,ug/l,,,,,,,,,
RLE,7-desmethyl Microcystin-LR(intracellular),2024-05-17 13:40:00.000+10:00,249,ug/l,,,,,,,,,
RLE,7-desmethyl Microcystin-LR(total),2024-05-17 13:40:00.000+10:00,249,ug/l,,,,,,,,,
RLE,7-Epi-Cylindrospermopsin(extracellular),2024-05-17 13:40:00.000+10:00,0.1,ug/l,,,,,,,,,
RLE,7-Epi-Cylindrospermopsin(intracellular),2024-05-17 13:40:00.000+10:00,0.1,ug/l,,,,,,,,,
RLE,7-Epi-Cylindrospermopsin(total),2024-05-17 13:40:00.000+10:00,0.1,ug/l,,,,,,,,,
RLE,Anatoxin-a(extracellular),2024-05-17 13:40:00.000+10:00,0.1,ug/l,,,,,,,,,
RLE,Anatoxin-a(intracellular),2024-05-17 13:40:00.000+10:00,0.1,ug/l,,,,,,,,,
RLE,Anatoxin-a(total),2024-05-17 13:40:00.000+10:00,0.1,ug/l,,,,,,,,,
RLE,Cylindrospermopsin (extracellular),2024-05-17 13:40:00.000+10:00,0.05,ug/l,,,,,,,,,
RLE,Cylindrospermopsin (intracellular),2024-05-17 13:40:00.000+10:00,0.05,ug/l,,,,,,,,,
RLE,Cylindrospermopsin(total),2024-05-17 13:40:00.000+10:00,0.05,ug/l,,,,,,,,,
RLE,Microcystin LR(extracellular),2024-05-17 13:40:00.000+10:00,1.3,ug/l,,,,,,,,,
RLE,Microcystin LR(intracellular),2024-05-17 13:40:00.000+10:00,3700,ug/l,,,,,,,,,
RLE,Microcystin LR(total),2024-05-17 13:40:00.000+10:00,3700,ug/l,,,,,,,,,
RLE,Microcystin RR(extracellular),2024-05-17 13:40:00.000+10:00,0.05,ug/l,,,,,,,,,
RLE,Microcystin RR(intracellular),2024-05-17 13:40:00.000+10:00,24,ug/l,,,,,,,,,
RLE,Microcystin RR(total),2024-05-17 13:40:00.000+10:00,24,ug/l,,,,,,,,,
RLE,Microcystin YR(extracellular),2024-05-17 13:40:00.000+10:00,0.05,ug/l,,,,,,,,,
RLE,Microcystin YR(intracellular),2024-05-17 13:40:00.000+10:00,0.05,ug/l,,,,,,,,,
RLE,Microcystin YR(total),2024-05-17 13:40:00.000+10:00,0.05,ug/l,,,,,,,,,
RLE,Microcystin-LA(extracellular),2024-05-17 13:40:00.000+10:00,0.5,ug/l,,,,,,,,,
RLE,Microcystin-LA(intracellular),2024-05-17 13:40:00.000+10:00,455,ug/l,,,,,,,,,
RLE,Microcystin-LA(total),2024-05-17 13:40:00.000+10:00,455,ug/l,,,,,,,,,
RLE,Microcystin-LF(extracellular),2024-05-17 13:40:00.000+10:00,1,ug/l,,,,,,,,,
RLE,Microcystin-LF(intracellular),2024-05-17 13:40:00.000+10:00,12,ug/l,,,,,,,,,
RLE,Microcystin-LF(total),2024-05-17 13:40:00.000+10:00,12,ug/l,,,,,,,,,
RLE,Microcystin-LW(extracellular),2024-05-17 13:40:00.000+10:00,1,ug/l,,,,,,,,,
RLE,Microcystin-LW(intracellular),2024-05-17 13:40:00.000+10:00,12,ug/l,,,,,,,,,
RLE,Microcystin-LW(total),2024-05-17 13:40:00.000+10:00,12,ug/l,,,,,,,,,
RLE,Microcystin-LY(extracellular),2024-05-17 13:40:00.000+10:00,0.5,ug/l,,,,,,,,,
RLE,Microcystin-LY(intracellular),2024-05-17 13:40:00.000+10:00,8.4,ug/l,,,,,,,,,
RLE,Microcystin-LY(total),2024-05-17 13:40:00.000+10:00,8.4,ug/l,,,,,,,,,
RLE,Nodularin (extracellular),2024-05-17 13:40:00.000+10:00,0.1,ug/l,,,,,,,,,
RLE,Nodularin (intracellular),2024-05-17 13:40:00.000+10:00,0.1,ug/l,,,,,,,,,
RLE,Nodularin (total),2024-05-17 13:40:00.000+10:00,0.1,ug/l,,,,,,,,,
RLM,7-deoxy-Cylindrospermopsin(extracellular),2024-05-17 09:30:00.000+10:00,0.1,ug/l,,,,,,,,,
RLM,7-deoxy-Cylindrospermopsin(intracellular),2024-05-17 09:30:00.000+10:00,0.1,ug/l,,,,,,,,,
RLM,7-deoxy-Cylindrospermopsin(total),2024-05-17 09:30:00.000+10:00,0.1,ug/l,,,,,,,,,
RLM,7-desmethyl Microcystin-LR(extracellular),2024-05-17 09:30:00.000+10:00,2,ug/l,,,,,,,,,
RLM,7-desmethyl Microcystin-LR(intracellular),2024-05-17 09:30:00.000+10:00,2,ug/l,,,,,,,,,
RLM,7-desmethyl Microcystin-LR(total),2024-05-17 09:30:00.000+10:00,2,ug/l,,,,,,,,,
RLM,7-Epi-Cylindrospermopsin(extracellular),2024-05-17 09:30:00.000+10:00,0.1,ug/l,,,,,,,,,
RLM,7-Epi-Cylindrospermopsin(intracellular),2024-05-17 09:30:00.000+10:00,0.1,ug/l,,,,,,,,,
RLM,7-Epi-Cylindrospermopsin(total),2024-05-17 09:30:00.000+10:00,0.1,ug/l,,,,,,,,,
RLM,Anatoxin-a(extracellular),2024-05-17 09:30:00.000+10:00,0.1,ug/l,,,,,,,,,
RLM,Anatoxin-a(intracellular),2024-05-17 09:30:00.000+10:00,0.1,ug/l,,,,,,,,,
RLM,Anatoxin-a(total),2024-05-17 09:30:00.000+10:00,0.1,ug/l,,,,,,,,,
RLM,Coccoid Blue Green Picoplankton_Biovolume,2024-05-17 09:30:00.000+10:00,0.03,mm3/l,,,,,,,,,
RLM,Coccoid Blue Green Picoplankton_Cell count,2024-05-17 09:30:00.000+10:00,67978,cells/ml,,,,,,,,,
RLM,Cyanobacteria Biovolume,2024-05-17 09:30:00.000+10:00,0.747,mm3/l,,,,,,,,,
RLM,Cylindrospermopsin (extracellular),2024-05-17 09:30:00.000+10:00,0.05,ug/l,,,,,,,,,
RLM,Cylindrospermopsin (intracellular),2024-05-17 09:30:00.000+10:00,0.05,ug/l,,,,,,,,,
RLM,Cylindrospermopsin(total),2024-05-17 09:30:00.000+10:00,0.05,ug/l,,,,,,,,,
RLM,Microcystin LR(extracellular),2024-05-17 09:30:00.000+10:00,0.12,ug/l,,,,,,,,,
RLM,Microcystin LR(intracellular),2024-05-17 09:30:00.000+10:00,1.2,ug/l,,,,,,,,,
RLM,Microcystin LR(total),2024-05-17 09:30:00.000+10:00,1.3,ug/l,,,,,,,,,
RLM,Microcystin RR(extracellular),2024-05-17 09:30:00.000+10:00,0.05,ug/l,,,,,,,,,
RLM,Microcystin RR(intracellular),2024-05-17 09:30:00.000+10:00,0.05,ug/l,,,,,,,,,
RLM,Microcystin RR(total),2024-05-17 09:30:00.000+10:00,0.05,ug/l,,,,,,,,,
RLM,Microcystin YR(extracellular),2024-05-17 09:30:00.000+10:00,0.05,ug/l,,,,,,,,,
RLM,Microcystin YR(intracellular),2024-05-17 09:30:00.000+10:00,0.05,ug/l,,,,,,,,,
RLM,Microcystin YR(total),2024-05-17 09:30:00.000+10:00,0.05,ug/l,,,,,,,,,
RLM,Microcystin-LA(extracellular),2024-05-17 09:30:00.000+10:00,0.5,ug/l,,,,,,,,,
RLM,Microcystin-LA(intracellular),2024-05-17 09:30:00.000+10:00,0.5,ug/l,,,,,,,,,
RLM,Microcystin-LA(total),2024-05-17 09:30:00.000+10:00,0.5,ug/l,,,,,,,,,
RLM,Microcystin-LF(extracellular),2024-05-17 09:30:00.000+10:00,1,ug/l,,,,,,,,,
RLM,Microcystin-LF(intracellular),2024-05-17 09:30:00.000+10:00,1,ug/l,,,,,,,,,
RLM,Microcystin-LF(total),2024-05-17 09:30:00.000+10:00,1,ug/l,,,,,,,,,
RLM,Microcystin-LW(extracellular),2024-05-17 09:30:00.000+10:00,1,ug/l,,,,,,,,,
RLM,Microcystin-LW(intracellular),2024-05-17 09:30:00.000+10:00,1,ug/l,,,,,,,,,
RLM,Microcystin-LW(total),2024-05-17 09:30:00.000+10:00,1,ug/l,,,,,,,,,
RLM,Microcystin-LY(extracellular),2024-05-17 09:30:00.000+10:00,0.5,ug/l,,,,,,,,,
RLM,Microcystin-LY(intracellular),2024-05-17 09:30:00.000+10:00,0.5,ug/l,,,,,,,,,
RLM,Microcystin-LY(total),2024-05-17 09:30:00.000+10:00,0.5,ug/l,,,,,,,,,
RLM,Microcystis_Biovolume,2024-05-17 09:30:00.000+10:00,0.713,mm3/l,,,,,,,,,
RLM,Microcystis_Cell count,2024-05-17 09:30:00.000+10:00,27364,cells/ml,,,,,,,,,
RLM,Nodularin (extracellular),2024-05-17 09:30:00.000+10:00,0.1,ug/l,,,,,,,,,
RLM,Nodularin (intracellular),2024-05-17 09:30:00.000+10:00,0.1,ug/l,,,,,,,,,
RLM,Nodularin (total),2024-05-17 09:30:00.000+10:00,0.1,ug/l,,,,,,,,,
RLM,Potentially Toxic Cyanobacteria,2024-05-17 09:30:00.000+10:00,27360,cells/ml,,,,,,,,,
RLM,Potentially Toxic Cyanobacteria Biovolume,2024-05-17 09:30:00.000+10:00,0.713,mm3/l,,,,,,,,,
RLM,Pseudanabaena_Biovolume,2024-05-17 09:30:00.000+10:00,0.004,mm3/l,,,,,,,,,
RLM,Pseudanabaena_Cell count,2024-05-17 09:30:00.000+10:00,476,cells/ml,,,,,,,,,
RLM,Total Cyanobacteria,2024-05-17 09:30:00.000+10:00,95820,cells/ml,,,,,,,,,
RLE,Ammonia as N,2024-05-08 12:00:00.000+11:00,0.04,mg/L,0.01,,,,,,,,
RLM,Ammonia as N,2024-05-08 12:00:00.000+11:00,0.02,mg/L,0.01,,,,,,,,
RLW,Ammonia as N,2024-05-08 12:00:00.000+11:00,0.03,mg/L,0.01,,,,,,,,
RLW,Dissolved Reactive Phosphorus as P,2024-05-08 12:00:00.000+11:00,,mg/L,0.01,,,,,,,,
RLE,Dissolved Reactive Phosphorus as P,2024-05-08 12:00:00.000+11:00,,mg/L,0.01,,,,,,,,
RLM,Dissolved Reactive Phosphorus as P,2024-05-08 12:00:00.000+11:00,,mg/L,0.01,,,,,,,,
RLW,Nitrate as N,2024-05-08 12:00:00.000+11:00,0.1,mg/L,0.01,,,,,,,,
RLE,Nitrate as N,2024-05-08 12:00:00.000+11:00,0.07,mg/L,0.01,,,,,,,,
RLM,Nitrate as N,2024-05-08 12:00:00.000+11:00,0.08,mg/L,0.01,,,,,,,,
RLW,Nitrite + Nitrate as N,2024-05-08 12:00:00.000+11:00,0.1,mg/L,0.01,,,,,,,,
RLM,Nitrite + Nitrate as N,2024-05-08 12:00:00.000+11:00,0.08,mg/L,0.01,,,,,,,,
RLE,Nitrite + Nitrate as N,2024-05-08 12:00:00.000+11:00,0.07,mg/L,0.01,,,,,,,,
RLE,Nitrite as N,2024-05-08 12:00:00.000+11:00,,mg/L,0.01,,,,,,,,
RLW,Nitrite as N,2024-05-08 12:00:00.000+11:00,,mg/L,0.01,,,,,,,,
RLM,Nitrite as N,2024-05-08 12:00:00.000+11:00,,mg/L,0.01,,,,,,,,
RLW,Total Kjeldahl Nitrogen as N,2024-05-08 12:00:00.000+11:00,0.9,mg/L,0.1,,,,,,,,
RLE,Total Kjeldahl Nitrogen as N,2024-05-08 12:00:00.000+11:00,0.6,mg/L,0.1,,,,,,,,
RLM,Total Kjeldahl Nitrogen as N,2024-05-08 12:00:00.000+11:00,0.8,mg/L,0.1,,,,,,,,
RLW,Total Nitrogen as N,2024-05-08 12:00:00.000+11:00,1,mg/L,0.1,,,,,,,,
RLE,Total Nitrogen as N,2024-05-08 12:00:00.000+11:00,0.7,mg/L,0.1,,,,,,,,
RLM,Total Nitrogen as N,2024-05-08 12:00:00.000+11:00,0.9,mg/L,0.1,,,,,,,,
RLW,Total Phosphorus as P,2024-05-08 12:00:00.000+10:00,0.04,mg/L,0.01,,,,,,,,
RLM,Total Phosphorus as P,2024-05-08 12:00:00.000+10:00,0.03,mg/L,0.01,,,,,,,,
RLE,Total Phosphorus as P,2024-05-08 12:00:00.000+10:00,0.02,mg/L,0.01,,,,,,,,
RLE,Total suspended solids,2024-05-08 12:00:00.000+11:00,,mg/L,5,,,,,,,,
RLW,Total suspended solids,2024-05-08 12:00:00.000+11:00,,mg/L,5,,,,,,,,
RLM,Total suspended solids,2024-05-08 12:00:00.000+11:00,,mg/L,5,,,,,,,,
RLM,Ammonia as N,2024-04-29 12:00:00.000+10:00,0.05,mg/L,0.01,,,,,,,,
RLW,Ammonia as N,2024-04-29 12:00:00.000+10:00,0.01,mg/L,0.01,,,,,,,,
RLE,Ammonia as N,2024-04-29 12:00:00.000+10:00,0.08,mg/L,0.01,,,,,,,,
RLM,Dissolved Reactive Phosphorus as P,2024-04-29 12:00:00.000+10:00,0.01,mg/L,0.01,,,,,,,,
RLE,Dissolved Reactive Phosphorus as P,2024-04-29 12:00:00.000+10:00,0.01,mg/L,0.01,,,,,,,,
RLW,Dissolved Reactive Phosphorus as P,2024-04-29 12:00:00.000+10:00,,mg/L,0.01,,,,,,,,
RLM,Nitrate as N,2024-04-29 12:00:00.000+10:00,0.06,mg/L,0.01,,,,,,,,
RLE,Nitrate as N,2024-04-29 12:00:00.000+10:00,0.09,mg/L,0.01,,,,,,,,
RLW,Nitrate as N,2024-04-29 12:00:00.000+10:00,0.02,mg/L,0.01,,,,,,,,
RLE,Nitrite + Nitrate as N,2024-04-29 12:00:00.000+10:00,0.1,mg/L,0.01,,,,,,,,
RLW,Nitrite + Nitrate as N,2024-04-29 12:00:00.000+10:00,0.02,mg/L,0.01,,,,,,,,
RLM,Nitrite + Nitrate as N,2024-04-29 12:00:00.000+10:00,0.06,mg/L,0.01,,,,,,,,
RLM,Nitrite as N,2024-04-29 12:00:00.000+10:00,,mg/L,0.01,,,,,,,,
RLE,Nitrite as N,2024-04-29 12:00:00.000+10:00,0.01,mg/L,0.01,,,,,,,,
RLW,Nitrite as N,2024-04-29 12:00:00.000+10:00,,mg/L,0.01,,,,,,,,
RLE,Total Kjeldahl Nitrogen as N,2024-04-29 12:00:00.000+10:00,0.8,mg/L,0.1,,,,,,,,
RLW,Total Kjeldahl Nitrogen as N,2024-04-29 12:00:00.000+10:00,0.8,mg/L,0.1,,,,,,,,
RLM,Total Kjeldahl Nitrogen as N,2024-04-29 12:00:00.000+10:00,0.7,mg/L,0.1,,,,,,,,
RLE,Total Nitrogen as N,2024-04-29 12:00:00.000+10:00,0.9,mg/L,0.1,,,,,,,,
RLW,Total Nitrogen as N,2024-04-29 12:00:00.000+10:00,0.8,mg/L,0.1,,,,,,,,
RLM,Total Nitrogen as N,2024-04-29 12:00:00.000+10:00,0.8,mg/L,0.1,,,,,,,,
RLM,Total Phosphorus as P,2024-04-29 12:00:00.000+10:00,0.04,mg/L,0.01,,,,,,,,
RLE,Total Phosphorus as P,2024-04-29 12:00:00.000+10:00,0.07,mg/L,0.01,,,,,,,,
RLW,Total Phosphorus as P,2024-04-29 12:00:00.000+10:00,0.04,mg/L,0.01,,,,,,,,
RLM,Total suspended solids,2024-04-29 12:00:00.000+10:00,7,mg/L,5,,,,,,,,
RLW,Total suspended solids,2024-04-29 12:00:00.000+10:00,8,mg/L,5,,,,,,,,
RLE,Total suspended solids,2024-04-29 12:00:00.000+10:00,8,mg/L,5,,,,,,,,
RLW,Chlorophyll - a,2024-04-29 09:03:00.000+10:00,45.2,mg/m^3,,,,,,,,,
RLW,Coccoid Blue Green Picoplankton_Biovolume,2024-04-29 09:03:00.000+10:00,0.026,mm3/l,,,,,,,,,
RLW,Coccoid Blue Green Picoplankton_Cell count,2024-04-29 09:03:00.000+10:00,58792,cells/ml,,,,,,,,,
RLW,Cyanobacteria Biovolume,2024-04-29 09:03:00.000+10:00,1.9,mm3/l,,,,,,,,,
RLW,Enterococci,2024-04-29 09:03:00.000+10:00,1,cfu/100ml,,,,,,,,,
RLW,Microcystis species 2_Biovolume,2024-04-29 09:03:00.000+10:00,1.203,mm3/l,,,,,,,,,
RLW,Microcystis species 2_Cell count,2024-04-29 09:03:00.000+10:00,14154,cells/ml,,,,,,,,,
RLW,Microcystis_Biovolume,2024-04-29 09:03:00.000+10:00,0.666,mm3/l,,,,,,,,,
RLW,Microcystis_Cell count,2024-04-29 09:03:00.000+10:00,23952,cells/ml,,,,,,,,,
RLW,Planktolyngbya_Biovolume,2024-04-29 09:03:00.000+10:00,0.002,mm3/l,,,,,,,,,
RLW,Planktolyngbya_Cell count,2024-04-29 09:03:00.000+10:00,882,cells/ml,,,,,,,,,
RLW,Potentially Toxic Cyanobacteria,2024-04-29 09:03:00.000+10:00,38110,cells/ml,,,,,,,,,
RLW,Potentially Toxic Cyanobacteria Biovolume,2024-04-29 09:03:00.000+10:00,1.87,mm3/l,,,,,,,,,
RLW,Pseudanabaena_Biovolume,2024-04-29 09:03:00.000+10:00,0.002,mm3/l,,,,,,,,,
RLW,Pseudanabaena_Cell count,2024-04-29 09:03:00.000+10:00,204,cells/ml,,,,,,,,,
RLW,Total Cyanobacteria,2024-04-29 09:03:00.000+10:00,97980,cells/ml,,,,,,,,,
RLM,Chlorophyll - a,2024-04-29 08:52:00.000+10:00,36.6,mg/m^3,,,,,,,,,
RLM,Coccoid Blue Green Picoplankton_Biovolume,2024-04-29 08:52:00.000+10:00,0.011,mm3/l,,,,,,,,,
RLM,Coccoid Blue Green Picoplankton_Cell count,2024-04-29 08:52:00.000+10:00,25449,cells/ml,,,,,,,,,
RLM,Cyanobacteria Biovolume,2024-04-29 08:52:00.000+10:00,0.309,mm3/l,,,,,,,,,
RLM,Enterococci,2024-04-29 08:52:00.000+10:00,1,cfu/100ml,,,,,,,,,
RLM,Microcystis species 2_Biovolume,2024-04-29 08:52:00.000+10:00,0.112,mm3/l,,,,,,,,,
RLM,Microcystis species 2_Cell count,2024-04-29 08:52:00.000+10:00,1327,cells/ml,,,,,,,,,
RLM,Microcystis_Biovolume,2024-04-29 08:52:00.000+10:00,0.184,mm3/l,,,,,,,,,
RLM,Microcystis_Cell count,2024-04-29 08:52:00.000+10:00,6635,cells/ml,,,,,,,,,
RLM,Potentially Toxic Cyanobacteria,2024-04-29 08:52:00.000+10:00,7960,cells/ml,,,,,,,,,
RLM,Potentially Toxic Cyanobacteria Biovolume,2024-04-29 08:52:00.000+10:00,0.296,mm3/l,,,,,,,,,
RLM,Pseudanabaena mucicola_Biovolume,2024-04-29 08:52:00.000+10:00,0.002,mm3/l,,,,,,,,,
RLM,Pseudanabaena mucicola_Cell count,2024-04-29 08:52:00.000+10:00,204,cells/ml,,,,,,,,,
RLM,Total Cyanobacteria,2024-04-29 08:52:00.000+10:00,33620,cells/ml,,,,,,,,,
RLE,7-deoxy-Cylindrospermopsin(extracellular),2024-04-29 08:47:00.000+10:00,0.1,ug/l,,,,,,,,,
RLE,7-deoxy-Cylindrospermopsin(intracellular),2024-04-29 08:47:00.000+10:00,0.1,ug/l,,,,,,,,,
RLE,7-deoxy-Cylindrospermopsin(total),2024-04-29 08:47:00.000+10:00,0.1,ug/l,,,,,,,,,
RLE,7-desmethyl Microcystin-LR(extracellular),2024-04-29 08:47:00.000+10:00,2,ug/l,,,,,,,,,
RLE,7-desmethyl Microcystin-LR(intracellular),2024-04-29 08:47:00.000+10:00,2,ug/l,,,,,,,,,
RLE,7-desmethyl Microcystin-LR(total),2024-04-29 08:47:00.000+10:00,2,ug/l,,,,,,,,,
RLE,7-Epi-Cylindrospermopsin(extracellular),2024-04-29 08:47:00.000+10:00,0.1,ug/l,,,,,,,,,
RLE,7-Epi-Cylindrospermopsin(intracellular),2024-04-29 08:47:00.000+10:00,0.1,ug/l,,,,,,,,,
RLE,7-Epi-Cylindrospermopsin(total),2024-04-29 08:47:00.000+10:00,0.1,ug/l,,,,,,,,,
RLE,Anatoxin-a(extracellular),2024-04-29 08:47:00.000+10:00,0.1,ug/l,,,,,,,,,
RLE,Anatoxin-a(intracellular),2024-04-29 08:47:00.000+10:00,0.1,ug/l,,,,,,,,,
RLE,Anatoxin-a(total),2024-04-29 08:47:00.000+10:00,0.1,ug/l,,,,,,,,,
RLE,Chlorophyll - a,2024-04-29 08:47:00.000+10:00,29.8,mg/m^3,,,,,,,,,
RLE,Coccoid Blue Green Picoplankton_Biovolume,2024-04-29 08:47:00.000+10:00,0.013,mm3/l,,,,,,,,,
RLE,Coccoid Blue Green Picoplankton_Cell count,2024-04-29 08:47:00.000+10:00,30825,cells/ml,,,,,,,,,
RLE,Cyanobacteria Biovolume,2024-04-29 08:47:00.000+10:00,3.29,mm3/l,,,,,,,,,
RLE,Cylindrospermopsin (extracellular),2024-04-29 08:47:00.000+10:00,0.05,ug/l,,,,,,,,,
RLE,Cylindrospermopsin (intracellular),2024-04-29 08:47:00.000+10:00,0.05,ug/l,,,,,,,,,
RLE,Cylindrospermopsin(total),2024-04-29 08:47:00.000+10:00,0.05,ug/l,,,,,,,,,
RLE,Enterococci,2024-04-29 08:47:00.000+10:00,1,cfu/100ml,,,,,,,,,
RLE,Microcystin LR(extracellular),2024-04-29 08:47:00.000+10:00,0.4,ug/l,,,,,,,,,
RLE,Microcystin LR(intracellular),2024-04-29 08:47:00.000+10:00,1.2,ug/l,,,,,,,,,
RLE,Microcystin LR(total),2024-04-29 08:47:00.000+10:00,1.6,ug/l,,,,,,,,,
RLE,Microcystin RR(extracellular),2024-04-29 08:47:00.000+10:00,0.05,ug/l,,,,,,,,,
RLE,Microcystin RR(intracellular),2024-04-29 08:47:00.000+10:00,0.05,ug/l,,,,,,,,,
RLE,Microcystin RR(total),2024-04-29 08:47:00.000+10:00,0.05,ug/l,,,,,,,,,
RLE,Microcystin YR(extracellular),2024-04-29 08:47:00.000+10:00,0.05,ug/l,,,,,,,,,
RLE,Microcystin YR(intracellular),2024-04-29 08:47:00.000+10:00,0.05,ug/l,,,,,,,,,
RLE,Microcystin YR(total),2024-04-29 08:47:00.000+10:00,0.05,ug/l,,,,,,,,,
RLE,Microcystin-LA(extracellular),2024-04-29 08:47:00.000+10:00,0.5,ug/l,,,,,,,,,
RLE,Microcystin-LA(intracellular),2024-04-29 08:47:00.000+10:00,0.5,ug/l,,,,,,,,,
RLE,Microcystin-LA(total),2024-04-29 08:47:00.000+10:00,0.5,ug/l,,,,,,,,,
RLE,Microcystin-LF(extracellular),2024-04-29 08:47:00.000+10:00,1,ug/l,,,,,,,,,
RLE,Microcystin-LF(intracellular),2024-04-29 08:47:00.000+10:00,1,ug/l,,,,,,,,,
RLE,Microcystin-LF(total),2024-04-29 08:47:00.000+10:00,1,ug/l,,,,,,,,,
RLE,Microcystin-LW(extracellular),2024-04-29 08:47:00.000+10:00,1,ug/l,,,,,,,,,
RLE,Microcystin-LW(intracellular),2024-04-29 08:47:00.000+10:00,1,ug/l,,,,,,,,,
RLE,Microcystin-LW(total),2024-04-29 08:47:00.000+10:00,1,ug/l,,,,,,,,,
RLE,Microcystin-LY(extracellular),2024-04-29 08:47:00.000+10:00,0.5,ug/l,,,,,,,,,
RLE,Microcystin-LY(intracellular),2024-04-29 08:47:00.000+10:00,0.5,ug/l,,,,,,,,,
RLE,Microcystin-LY(total),2024-04-29 08:47:00.000+10:00,0.5,ug/l,,,,,,,,,
RLE,Microcystis species 2_Biovolume,2024-04-29 08:47:00.000+10:00,0.936,mm3/l,,,,,,,,,
RLE,Microcystis species 2_Cell count,2024-04-29 08:47:00.000+10:00,11012,cells/ml,,,,,,,,,
RLE,Microcystis_Biovolume,2024-04-29 08:47:00.000+10:00,2.326,mm3/l,,,,,,,,,
RLE,Microcystis_Cell count,2024-04-29 08:47:00.000+10:00,83615,cells/ml,,,,,,,,,
RLE,Nodularin (extracellular),2024-04-29 08:47:00.000+10:00,0.1,ug/l,,,,,,,,,
RLE,Nodularin (intracellular),2024-04-29 08:47:00.000+10:00,0.1,ug/l,,,,,,,,,
RLE,Nodularin (total),2024-04-29 08:47:00.000+10:00,0.1,ug/l,,,,,,,,,
RLE,Potentially Toxic Cyanobacteria,2024-04-29 08:47:00.000+10:00,94630,cells/ml,,,,,,,,,
RLE,Potentially Toxic Cyanobacteria Biovolume,2024-04-29 08:47:00.000+10:00,3.26,mm3/l,,,,,,,,,
RLE,Pseudanabaena mucicola_Biovolume,2024-04-29 08:47:00.000+10:00,0.011,mm3/l,,,,,,,,,
RLE,Pseudanabaena mucicola_Cell count,2024-04-29 08:47:00.000+10:00,907,cells/ml,,,,,,,,,
RLE,Total Cyanobacteria,2024-04-29 08:47:00.000+10:00,126400,cells/ml,,,,,,,,,
RLE,Total Microcystins,2024-04-29 08:47:00.000+10:00,1.7,ug/l,,,,,,,,,
RLE,7-deoxy-Cylindrospermopsin(extracellular),2024-04-23 08:35:00.000+10:00,0.2,ug/l,,,,,,,,,
RLE,7-deoxy-Cylindrospermopsin(intracellular),2024-04-23 08:35:00.000+10:00,0.1,ug/l,,,,,,,,,
RLE,7-deoxy-Cylindrospermopsin(total),2024-04-23 08:35:00.000+10:00,0.2,ug/l,,,,,,,,,
RLE,7-desmethyl Microcystin-LR(extracellular),2024-04-23 08:35:00.000+10:00,2,ug/l,,,,,,,,,
RLE,7-desmethyl Microcystin-LR(intracellular),2024-04-23 08:35:00.000+10:00,5,ug/l,,,,,,,,,
RLE,7-desmethyl Microcystin-LR(total),2024-04-23 08:35:00.000+10:00,5,ug/l,,,,,,,,,
RLE,7-Epi-Cylindrospermopsin(extracellular),2024-04-23 08:35:00.000+10:00,0.1,ug/l,,,,,,,,,
RLE,7-Epi-Cylindrospermopsin(intracellular),2024-04-23 08:35:00.000+10:00,0.1,ug/l,,,,,,,,,
RLE,7-Epi-Cylindrospermopsin(total),2024-04-23 08:35:00.000+10:00,0.1,ug/l,,,,,,,,,
RLE,Anatoxin-a(extracellular),2024-04-23 08:35:00.000+10:00,0.1,ug/l,,,,,,,,,
RLE,Anatoxin-a(intracellular),2024-04-23 08:35:00.000+10:00,0.1,ug/l,,,,,,,,,
RLE,Anatoxin-a(total),2024-04-23 08:35:00.000+10:00,0.1,ug/l,,,,,,,,,
RLE,Coccoid Blue Green Picoplankton_Biovolume,2024-04-23 08:35:00.000+10:00,0.038,mm3/l,,,,,,,,,
RLE,Coccoid Blue Green Picoplankton_Cell count,2024-04-23 08:35:00.000+10:00,85248,cells/ml,,,,,,,,,
RLE,Cyanobacteria Biovolume,2024-04-23 08:35:00.000+10:00,0.483,mm3/l,,,,,,,,,
RLE,Cylindrospermopsin (extracellular),2024-04-23 08:35:00.000+10:00,0.07,ug/l,,,,,,,,,
RLE,Cylindrospermopsin (intracellular),2024-04-23 08:35:00.000+10:00,0.05,ug/l,,,,,,,,,
RLE,Cylindrospermopsin(total),2024-04-23 08:35:00.000+10:00,0.09,ug/l,,,,,,,,,
RLE,Microcystin LR(extracellular),2024-04-23 08:35:00.000+10:00,0.21,ug/l,,,,,,,,,
RLE,Microcystin LR(intracellular),2024-04-23 08:35:00.000+10:00,47,ug/l,,,,,,,,,
RLE,Microcystin LR(total),2024-04-23 08:35:00.000+10:00,47,ug/l,,,,,,,,,
RLE,Microcystin RR(extracellular),2024-04-23 08:35:00.000+10:00,0.35,ug/l,,,,,,,,,
RLE,Microcystin RR(intracellular),2024-04-23 08:35:00.000+10:00,41,ug/l,,,,,,,,,
RLE,Microcystin RR(total),2024-04-23 08:35:00.000+10:00,41,ug/l,,,,,,,,,
RLE,Microcystin YR(extracellular),2024-04-23 08:35:00.000+10:00,0.08,ug/l,,,,,,,,,
RLE,Microcystin YR(intracellular),2024-04-23 08:35:00.000+10:00,11,ug/l,,,,,,,,,
RLE,Microcystin YR(total),2024-04-23 08:35:00.000+10:00,11,ug/l,,,,,,,,,
RLE,Microcystin-LA(extracellular),2024-04-23 08:35:00.000+10:00,0.5,ug/l,,,,,,,,,
RLE,Microcystin-LA(intracellular),2024-04-23 08:35:00.000+10:00,2.8,ug/l,,,,,,,,,
RLE,Microcystin-LA(total),2024-04-23 08:35:00.000+10:00,2.8,ug/l,,,,,,,,,
RLE,Microcystin-LF(extracellular),2024-04-23 08:35:00.000+10:00,1,ug/l,,,,,,,,,
RLE,Microcystin-LF(intracellular),2024-04-23 08:35:00.000+10:00,3,ug/l,,,,,,,,,
RLE,Microcystin-LF(total),2024-04-23 08:35:00.000+10:00,3,ug/l,,,,,,,,,
RLE,Microcystin-LW(extracellular),2024-04-23 08:35:00.000+10:00,1,ug/l,,,,,,,,,
RLE,Microcystin-LW(intracellular),2024-04-23 08:35:00.000+10:00,5,ug/l,,,,,,,,,
RLE,Microcystin-LW(total),2024-04-23 08:35:00.000+10:00,5,ug/l,,,,,,,,,
RLE,Microcystin-LY(extracellular),2024-04-23 08:35:00.000+10:00,0.5,ug/l,,,,,,,,,
RLE,Microcystin-LY(intracellular),2024-04-23 08:35:00.000+10:00,4.4,ug/l,,,,,,,,,
RLE,Microcystin-LY(total),2024-04-23 08:35:00.000+10:00,4.4,ug/l,,,,,,,,,
RLE,Microcystis species 2_Biovolume,2024-04-23 08:35:00.000+10:00,0.173,mm3/l,,,,,,,,,
RLE,Microcystis species 2_Cell count,2024-04-23 08:35:00.000+10:00,2035,cells/ml,,,,,,,,,
RLE,Microcystis_Biovolume,2024-04-23 08:35:00.000+10:00,0.27,mm3/l,,,,,,,,,
RLE,Microcystis_Cell count,2024-04-23 08:35:00.000+10:00,9717,cells/ml,,,,,,,,,
RLE,Nodularin (extracellular),2024-04-23 08:35:00.000+10:00,0.1,ug/l,,,,,,,,,
RLE,Nodularin (intracellular),2024-04-23 08:35:00.000+10:00,0.1,ug/l,,,,,,,,,
RLE,Nodularin (total),2024-04-23 08:35:00.000+10:00,0.1,ug/l,,,,,,,,,
RLE,Planktolyngbya_Biovolume,2024-04-23 08:35:00.000+10:00,0.002,mm3/l,,,,,,,,,
RLE,Planktolyngbya_Cell count,2024-04-23 08:35:00.000+10:00,1089,cells/ml,,,,,,,,,
RLE,Potentially Toxic Cyanobacteria,2024-04-23 08:35:00.000+10:00,11750,cells/ml,,,,,,,,,
RLE,Potentially Toxic Cyanobacteria Biovolume,2024-04-23 08:35:00.000+10:00,0.443,mm3/l,,,,,,,,,
RLE,Total Cyanobacteria,2024-04-23 08:35:00.000+10:00,98090,cells/ml,,,,,,,,,
RLE,Total Microcystins,2024-04-23 08:35:00.000+10:00,119,ug/l,,,,,,,,,
RLM,Aphanizomenonaceae_Biovolume,2024-04-23 08:28:00.000+10:00,0.084,mm3/l,,,,,,,,,
RLM,Aphanizomenonaceae_Cell count,2024-04-23 08:28:00.000+10:00,817,cells/ml,,,,,,,,,
RLM,Coccoid Blue Green Picoplankton_Biovolume,2024-04-23 08:28:00.000+10:00,0.182,mm3/l,,,,,,,,,
RLM,Coccoid Blue Green Picoplankton_Cell count,2024-04-23 08:28:00.000+10:00,405011,cells/ml,,,,,,,,,
RLM,Cyanobacteria Biovolume,2024-04-23 08:28:00.000+10:00,0.397,mm3/l,,,,,,,,,
RLM,Merismopedia_Biovolume,2024-04-23 08:28:00.000+10:00,0.013,mm3/l,,,,,,,,,
RLM,Merismopedia_Cell count,2024-04-23 08:28:00.000+10:00,1633,cells/ml,,,,,,,,,
RLM,Microcystis_Biovolume,2024-04-23 08:28:00.000+10:00,0.1,mm3/l,,,,,,,,,
RLM,Microcystis_Cell count,2024-04-23 08:28:00.000+10:00,3627,cells/ml,,,,,,,,,
RLM,Planktolyngbya_Biovolume,2024-04-23 08:28:00.000+10:00,0.013,mm3/l,,,,,,,,,
RLM,Planktolyngbya_Cell count,2024-04-23 08:28:00.000+10:00,5444,cells/ml,,,,,,,,,
RLM,Potentially Toxic Cyanobacteria,2024-04-23 08:28:00.000+10:00,4650,cells/ml,,,,,,,,,
RLM,Potentially Toxic Cyanobacteria Biovolume,2024-04-23 08:28:00.000+10:00,0.189,mm3/l,,,,,,,,,
RLM,Raphidiopsis raciborskii_Biovolume,2024-04-23 08:28:00.000+10:00,0.005,mm3/l,,,,,,,,,
RLM,Raphidiopsis raciborskii_Cell count,2024-04-23 08:28:00.000+10:00,204,cells/ml,,,,,,,,,
RLM,Total Cyanobacteria,2024-04-23 08:28:00.000+10:00,416700,cells/ml,,,,,,,,,
RLE,Ammonia as N,2024-04-15 12:00:00.000+10:00,0.06,mg/L,0.01,,,,,,,,
RLW,Ammonia as N,2024-04-15 12:00:00.000+10:00,,mg/L,0.01,,,,,,,,
RLM,Ammonia as N,2024-04-15 12:00:00.000+10:00,,mg/L,0.01,,,,,,,,
RLW,Dissolved Reactive Phosphorus as P,2024-04-15 12:00:00.000+10:00,,mg/L,0.01,,,,,,,,
RLE,Dissolved Reactive Phosphorus as P,2024-04-15 12:00:00.000+10:00,,mg/L,0.01,,,,,,,,
RLM,Dissolved Reactive Phosphorus as P,2024-04-15 12:00:00.000+10:00,,mg/L,0.01,,,,,,,,
RLE,Nitrate as N,2024-04-15 12:00:00.000+10:00,0.02,mg/L,0.01,,,,,,,,
RLM,Nitrate as N,2024-04-15 12:00:00.000+10:00,,mg/L,0.01,,,,,,,,
RLW,Nitrate as N,2024-04-15 12:00:00.000+10:00,,mg/L,0.01,,,,,,,,
RLM,Nitrite + Nitrate as N,2024-04-15 12:00:00.000+10:00,,mg/L,0.01,,,,,,,,
RLW,Nitrite + Nitrate as N,2024-04-15 12:00:00.000+10:00,,mg/L,0.01,,,,,,,,
RLE,Nitrite + Nitrate as N,2024-04-15 12:00:00.000+10:00,0.02,mg/L,0.01,,,,,,,,
RLE,Nitrite as N,2024-04-15 12:00:00.000+10:00,,mg/L,0.01,,,,,,,,
RLM,Nitrite as N,2024-04-15 12:00:00.000+10:00,,mg/L,0.01,,,,,,,,
RLW,Nitrite as N,2024-04-15 12:00:00.000+10:00,,mg/L,0.01,,,,,,,,
RLW,Total Kjeldahl Nitrogen as N,2024-04-15 12:00:00.000+10:00,0.5,mg/L,0.1,,,,,,,,
RLE,Total Kjeldahl Nitrogen as N,2024-04-15 12:00:00.000+10:00,0.7,mg/L,0.1,,,,,,,,
RLM,Total Kjeldahl Nitrogen as N,2024-04-15 12:00:00.000+10:00,0.5,mg/L,0.1,,,,,,,,
RLE,Total Nitrogen as N,2024-04-15 12:00:00.000+10:00,0.7,mg/L,0.1,,,,,,,,
RLW,Total Nitrogen as N,2024-04-15 12:00:00.000+10:00,0.5,mg/L,0.1,,,,,,,,
RLM,Total Nitrogen as N,2024-04-15 12:00:00.000+10:00,0.5,mg/L,0.1,,,,,,,,
RLE,Total Phosphorus as P,2024-04-15 12:00:00.000+10:00,0.08,mg/L,0.01,,,,,,,,
RLM,Total Phosphorus as P,2024-04-15 12:00:00.000+10:00,0.03,mg/L,0.01,,,,,,,,
RLW,Total Phosphorus as P,2024-04-15 12:00:00.000+10:00,0.04,mg/L,0.01,,,,,,,,
RLW,Total suspended solids,2024-04-15 12:00:00.000+10:00,,mg/L,5,,,,,,,,
RLM,Total suspended solids,2024-04-15 12:00:00.000+10:00,,mg/L,5,,,,,,,,
RLE,Total suspended solids,2024-04-15 12:00:00.000+10:00,,mg/L,5,,,,,,,,
RLW,Anagnostidinema_Biovolume,2024-04-15 10:10:00.000+10:00,0.01,mm3/l,,,,,,,,,
RLW,Anagnostidinema_Cell count,2024-04-15 10:10:00.000+10:00,612,cells/ml,,,,,,,,,
RLW,Chlorophyll - a,2024-04-15 10:10:00.000+10:00,13.6,mg/m^3,,,,,,,,,
RLW,Coccoid Blue Green Picoplankton_Biovolume,2024-04-15 10:10:00.000+10:00,0.256,mm3/l,,,,,,,,,
RLW,Coccoid Blue Green Picoplankton_Cell count,2024-04-15 10:10:00.000+10:00,569139,cells/ml,,,,,,,,,
RLW,Cuspidothrix issatschenkoi_Biovolume,2024-04-15 10:10:00.000+10:00,0.166,mm3/l,,,,,,,,,
RLW,Cuspidothrix issatschenkoi_Cell count,2024-04-15 10:10:00.000+10:00,3062,cells/ml,,,,,,,,,
RLW,Cyanobacteria Biovolume,2024-04-15 10:10:00.000+10:00,0.744,mm3/l,,,,,,,,,
RLW,Enterococci,2024-04-15 10:10:00.000+10:00,2,cfu/100ml,,,,,,,,,
RLW,Geitlerinema_Biovolume,2024-04-15 10:10:00.000+10:00,0.007,mm3/l,,,,,,,,,
RLW,Geitlerinema_Cell count,2024-04-15 10:10:00.000+10:00,408,cells/ml,,,,,,,,,
RLW,Microcystis_Biovolume,2024-04-15 10:10:00.000+10:00,0.005,mm3/l,,,,,,,,,
RLW,Microcystis_Cell count,2024-04-15 10:10:00.000+10:00,204,cells/ml,,,,,,,,,
RLW,Planktolyngbya_Biovolume,2024-04-15 10:10:00.000+10:00,0.133,mm3/l,,,,,,,,,
RLW,Planktolyngbya_Cell count,2024-04-15 10:10:00.000+10:00,55852,cells/ml,,,,,,,,,
RLW,Potentially Toxic Cyanobacteria,2024-04-15 10:10:00.000+10:00,3330,cells/ml,,,,,,,,,
RLW,Potentially Toxic Cyanobacteria Biovolume,2024-04-15 10:10:00.000+10:00,0.096,mm3/l,,,,,,,,,
RLW,Pseudanabaena_Biovolume,2024-04-15 10:10:00.000+10:00,0.076,mm3/l,,,,,,,,,
RLW,Pseudanabaena_Cell count,2024-04-15 10:10:00.000+10:00,7621,cells/ml,,,,,,,,,
RLW,Raphidiopsis raciborskii_Biovolume,2024-04-15 10:10:00.000+10:00,0.091,mm3/l,,,,,,,,,
RLW,Raphidiopsis raciborskii_Cell count,2024-04-15 10:10:00.000+10:00,3130,cells/ml,,,,,,,,,
RLW,Total Cyanobacteria,2024-04-15 10:10:00.000+10:00,640000,cells/ml,,,,,,,,,
RLM,Chlorophyll - a,2024-04-15 10:00:00.000+10:00,15.8,mg/m^3,,,,,,,,,
RLM,Coccoid Blue Green Picoplankton_Biovolume,2024-04-15 10:00:00.000+10:00,0.269,mm3/l,,,,,,,,,
RLM,Coccoid Blue Green Picoplankton_Cell count,2024-04-15 10:00:00.000+10:00,597718,cells/ml,,,,,,,,,
RLM,Cuspidothrix issatschenkoi_Biovolume,2024-04-15 10:00:00.000+10:00,0.136,mm3/l,,,,,,,,,
RLM,Cuspidothrix issatschenkoi_Cell count,2024-04-15 10:00:00.000+10:00,2518,cells/ml,,,,,,,,,
RLM,Cyanobacteria Biovolume,2024-04-15 10:00:00.000+10:00,0.597,mm3/l,,,,,,,,,
RLM,Enterococci,2024-04-15 10:00:00.000+10:00,1,cfu/100ml,,,,,,,,,
RLM,Geitlerinema_Biovolume,2024-04-15 10:00:00.000+10:00,0.009,mm3/l,,,,,,,,,
RLM,Geitlerinema_Cell count,2024-04-15 10:00:00.000+10:00,527,cells/ml,,,,,,,,,
RLM,Planktolyngbya_Biovolume,2024-04-15 10:00:00.000+10:00,0.128,mm3/l,,,,,,,,,
RLM,Planktolyngbya_Cell count,2024-04-15 10:00:00.000+10:00,53711,cells/ml,,,,,,,,,
RLM,Potentially Toxic Cyanobacteria,2024-04-15 10:00:00.000+10:00,1900,cells/ml,,,,,,,,,
RLM,Potentially Toxic Cyanobacteria Biovolume,2024-04-15 10:00:00.000+10:00,0.055,mm3/l,,,,,,,,,
RLM,Raphidiopsis raciborskii_Biovolume,2024-04-15 10:00:00.000+10:00,0.055,mm3/l,,,,,,,,,
RLM,Raphidiopsis raciborskii_Cell count,2024-04-15 10:00:00.000+10:00,1898,cells/ml,,,,,,,,,
RLM,Total Cyanobacteria,2024-04-15 10:00:00.000+10:00,656400,cells/ml,,,,,,,,,
RLE,Aphanizomenonaceae_Biovolume,2024-04-15 09:50:00.000+10:00,0.007,mm3/l,,,,,,,,,
RLE,Aphanizomenonaceae_Cell count,2024-04-15 09:50:00.000+10:00,68,cells/ml,,,,,,,,,
RLE,Chlorophyll - a,2024-04-15 09:50:00.000+10:00,24,mg/m^3,,,,,,,,,
RLE,Coccoid Blue Green Picoplankton_Biovolume,2024-04-15 09:50:00.000+10:00,0.124,mm3/l,,,,,,,,,
RLE,Coccoid Blue Green Picoplankton_Cell count,2024-04-15 09:50:00.000+10:00,276540,cells/ml,,,,,,,,,
RLE,Cuspidothrix issatschenkoi_Biovolume,2024-04-15 09:50:00.000+10:00,0.024,mm3/l,,,,,,,,,
RLE,Cuspidothrix issatschenkoi_Cell count,2024-04-15 09:50:00.000+10:00,459,cells/ml,,,,,,,,,
RLE,Cyanobacteria Biovolume,2024-04-15 09:50:00.000+10:00,0.206,mm3/l,,,,,,,,,
RLE,Enterococci,2024-04-15 09:50:00.000+10:00,1,cfu/100ml,,,,,,,,,
RLE,Geitlerinema_Biovolume,2024-04-15 09:50:00.000+10:00,0.01,mm3/l,,,,,,,,,
RLE,Geitlerinema_Cell count,2024-04-15 09:50:00.000+10:00,612,cells/ml,,,,,,,,,
RLE,Microcystis_Biovolume,2024-04-15 09:50:00.000+10:00,0.015,mm3/l,,,,,,,,,
RLE,Microcystis_Cell count,2024-04-15 09:50:00.000+10:00,544,cells/ml,,,,,,,,,
RLE,Planktolyngbya_Biovolume,2024-04-15 09:50:00.000+10:00,0.023,mm3/l,,,,,,,,,
RLE,Planktolyngbya_Cell count,2024-04-15 09:50:00.000+10:00,9635,cells/ml,,,,,,,,,
RLE,Potentially Toxic Cyanobacteria,2024-04-15 09:50:00.000+10:00,714,cells/ml,,,,,,,,,
RLE,Potentially Toxic Cyanobacteria Biovolume,2024-04-15 09:50:00.000+10:00,0.024,mm3/l,,,,,,,,,
RLE,Pseudanabaena_Biovolume,2024-04-15 09:50:00.000+10:00,0.001,mm3/l,,,,,,,,,
RLE,Pseudanabaena_Cell count,2024-04-15 09:50:00.000+10:00,136,cells/ml,,,,,,,,,
RLE,Raphidiopsis raciborskii_Biovolume,2024-04-15 09:50:00.000+10:00,0.002,mm3/l,,,,,,,,,
RLE,Raphidiopsis raciborskii_Cell count,2024-04-15 09:50:00.000+10:00,102,cells/ml,,,,,,,,,
RLE,Total Cyanobacteria,2024-04-15 09:50:00.000+10:00,288100,cells/ml,,,,,,,,,
RLW,Ammonia as N,2024-04-03 12:00:00.000+10:00,0.01,mg/L,0.01,,,,,,,,
RLE,Ammonia as N,2024-04-03 12:00:00.000+10:00,,mg/L,0.01,,,,,,,,
RLM,Ammonia as N,2024-04-03 12:00:00.000+10:00,0.04,mg/L,0.01,,,,,,,,
RLE,Dissolved Reactive Phosphorus as P,2024-04-03 12:00:00.000+10:00,,mg/L,0.01,,,,,,,,
RLW,Dissolved Reactive Phosphorus as P,2024-04-03 12:00:00.000+10:00,,mg/L,0.01,,,,,,,,
RLM,Dissolved Reactive Phosphorus as P,2024-04-03 12:00:00.000+10:00,,mg/L,0.01,,,,,,,,
RLM,Nitrate as N,2024-04-03 12:00:00.000+10:00,,mg/L,0.01,,,,,,,,
RLW,Nitrate as N,2024-04-03 12:00:00.000+10:00,,mg/L,0.01,,,,,,,,
RLE,Nitrate as N,2024-04-03 12:00:00.000+10:00,,mg/L,0.01,,,,,,,,
RLW,Nitrite + Nitrate as N,2024-04-03 12:00:00.000+10:00,,mg/L,0.01,,,,,,,,
RLE,Nitrite + Nitrate as N,2024-04-03 12:00:00.000+10:00,,mg/L,0.01,,,,,,,,
RLM,Nitrite + Nitrate as N,2024-04-03 12:00:00.000+10:00,,mg/L,0.01,,,,,,,,
RLE,Nitrite as N,2024-04-03 12:00:00.000+10:00,,mg/L,0.01,,,,,,,,
RLW,Nitrite as N,2024-04-03 12:00:00.000+10:00,,mg/L,0.01,,,,,,,,
RLM,Nitrite as N,2024-04-03 12:00:00.000+10:00,,mg/L,0.01,,,,,,,,
RLM,Total Kjeldahl Nitrogen as N,2024-04-03 12:00:00.000+10:00,0.6,mg/L,0.1,,,,,,,,
RLE,Total Kjeldahl Nitrogen as N,2024-04-03 12:00:00.000+10:00,0.5,mg/L,0.1,,,,,,,,
RLW,Total Kjeldahl Nitrogen as N,2024-04-03 12:00:00.000+10:00,0.5,mg/L,0.1,,,,,,,,
RLW,Total Nitrogen as N,2024-04-03 12:00:00.000+10:00,0.5,mg/L,0.1,,,,,,,,
RLM,Total Nitrogen as N,2024-04-03 12:00:00.000+10:00,0.6,mg/L,0.1,,,,,,,,
RLE,Total Nitrogen as N,2024-04-03 12:00:00.000+10:00,0.5,mg/L,0.1,,,,,,,,
RLM,Total Phosphorus as P,2024-04-03 12:00:00.000+10:00,0.02,mg/L,0.01,,,,,,,,
RLW,Total Phosphorus as P,2024-04-03 12:00:00.000+10:00,0.02,mg/L,0.01,,,,,,,,
RLE,Total Phosphorus as P,2024-04-03 12:00:00.000+10:00,0.02,mg/L,0.01,,,,,,,,
RLM,Total suspended solids,2024-04-03 12:00:00.000+10:00,,mg/L,5,,,,,,,,
RLE,Total suspended solids,2024-04-03 12:00:00.000+10:00,,mg/L,5,,,,,,,,
RLW,Total suspended solids,2024-04-03 12:00:00.000+10:00,,mg/L,5,,,,,,,,
RLE,Ammonia as N,2024-04-02 12:00:00.000+10:00,,mg/L,0.01,,,,,,,,
RLM,Ammonia as N,2024-04-02 12:00:00.000+10:00,,mg/L,0.01,,,,,,,,
RLW,Ammonia as N,2024-04-02 12:00:00.000+10:00,0.01,mg/L,0.01,,,,,,,,
RLE,Dissolved Reactive Phosphorus as P,2024-04-02 12:00:00.000+10:00,,mg/L,0.01,,,,,,,,
RLW,Dissolved Reactive Phosphorus as P,2024-04-02 12:00:00.000+10:00,,mg/L,0.01,,,,,,,,
RLM,Dissolved Reactive Phosphorus as P,2024-04-02 12:00:00.000+10:00,,mg/L,0.01,,,,,,,,
RLM,Nitrate as N,2024-04-02 12:00:00.000+10:00,,mg/L,0.01,,,,,,,,
RLW,Nitrate as N,2024-04-02 12:00:00.000+10:00,,mg/L,0.01,,,,,,,,
RLE,Nitrate as N,2024-04-02 12:00:00.000+10:00,0.01,mg/L,0.01,,,,,,,,
RLM,Nitrite + Nitrate as N,2024-04-02 12:00:00.000+10:00,,mg/L,0.01,,,,,,,,
RLW,Nitrite + Nitrate as N,2024-04-02 12:00:00.000+10:00,,mg/L,0.01,,,,,,,,
RLE,Nitrite + Nitrate as N,2024-04-02 12:00:00.000+10:00,0.01,mg/L,0.01,,,,,,,,
RLW,Nitrite as N,2024-04-02 12:00:00.000+10:00,,mg/L,0.01,,,,,,,,
RLE,Nitrite as N,2024-04-02 12:00:00.000+10:00,,mg/L,0.01,,,,,,,,
RLM,Nitrite as N,2024-04-02 12:00:00.000+10:00,,mg/L,0.01,,,,,,,,
RLW,Total Kjeldahl Nitrogen as N,2024-04-02 12:00:00.000+10:00,0.6,mg/L,0.1,,,,,,,,
RLE,Total Kjeldahl Nitrogen as N,2024-04-02 12:00:00.000+10:00,0.6,mg/L,0.1,,,,,,,,
RLM,Total Kjeldahl Nitrogen as N,2024-04-02 12:00:00.000+10:00,0.6,mg/L,0.1,,,,,,,,
RLW,Total Nitrogen as N,2024-04-02 12:00:00.000+10:00,0.6,mg/L,0.1,,,,,,,,
RLM,Total Nitrogen as N,2024-04-02 12:00:00.000+10:00,0.6,mg/L,0.1,,,,,,,,
RLE,Total Nitrogen as N,2024-04-02 12:00:00.000+10:00,0.6,mg/L,0.1,,,,,,,,
RLW,Total Phosphorus as P,2024-04-02 12:00:00.000+10:00,0.04,mg/L,0.01,,,,,,,,
RLM,Total Phosphorus as P,2024-04-02 12:00:00.000+10:00,0.02,mg/L,0.01,,,,,,,,
RLE,Total Phosphorus as P,2024-04-02 12:00:00.000+10:00,0.02,mg/L,0.01,,,,,,,,
RLW,Total suspended solids,2024-04-02 12:00:00.000+10:00,,mg/L,5,,,,,,,,
RLE,Total suspended solids,2024-04-02 12:00:00.000+10:00,,mg/L,5,,,,,,,,
RLM,Total suspended solids,2024-04-02 12:00:00.000+10:00,,mg/L,5,,,,,,,,
RLW,7-deoxy-Cylindrospermopsin(extracellular),2024-04-02 08:10:00.000+10:00,0.4,ug/l,,,,,,,,,
RLW,7-deoxy-Cylindrospermopsin(intracellular),2024-04-02 08:10:00.000+10:00,0.1,ug/l,,,,,,,,,
RLW,7-deoxy-Cylindrospermopsin(total),2024-04-02 08:10:00.000+10:00,0.4,ug/l,,,,,,,,,
RLW,7-desmethyl Microcystin-LR(extracellular),2024-04-02 08:10:00.000+10:00,2,ug/l,,,,,,,,,
RLW,7-desmethyl Microcystin-LR(intracellular),2024-04-02 08:10:00.000+10:00,2,ug/l,,,,,,,,,
RLW,7-desmethyl Microcystin-LR(total),2024-04-02 08:10:00.000+10:00,2,ug/l,,,,,,,,,
RLW,7-Epi-Cylindrospermopsin(extracellular),2024-04-02 08:10:00.000+10:00,0.1,ug/l,,,,,,,,,
RLW,7-Epi-Cylindrospermopsin(intracellular),2024-04-02 08:10:00.000+10:00,0.1,ug/l,,,,,,,,,
RLW,7-Epi-Cylindrospermopsin(total),2024-04-02 08:10:00.000+10:00,0.1,ug/l,,,,,,,,,
RLW,Anatoxin-a(extracellular),2024-04-02 08:10:00.000+10:00,0.1,ug/l,,,,,,,,,
RLW,Anatoxin-a(intracellular),2024-04-02 08:10:00.000+10:00,0.1,ug/l,,,,,,,,,
RLW,Anatoxin-a(total),2024-04-02 08:10:00.000+10:00,0.1,ug/l,,,,,,,,,
RLW,Chlorophyll - a,2024-04-02 08:10:00.000+10:00,16,mg/m^3,,,,,,,,,
RLW,Coccoid Blue Green Picoplankton_Biovolume,2024-04-02 08:10:00.000+10:00,0.333,mm3/l,,,,,,,,,
RLW,Coccoid Blue Green Picoplankton_Cell count,2024-04-02 08:10:00.000+10:00,737730,cells/ml,,,,,,,,,
RLW,Cuspidothrix issatschenkoi_Biovolume,2024-04-02 08:10:00.000+10:00,0.039,mm3/l,,,,,,,,,
RLW,Cuspidothrix issatschenkoi_Cell count,2024-04-02 08:10:00.000+10:00,726,cells/ml,,,,,,,,,
RLW,Cyanobacteria Biovolume,2024-04-02 08:10:00.000+10:00,0.927,mm3/l,,,,,,,,,
RLW,Cylindrospermopsin (extracellular),2024-04-02 08:10:00.000+10:00,0.05,ug/l,,,,,,,,,
RLW,Cylindrospermopsin (intracellular),2024-04-02 08:10:00.000+10:00,0.05,ug/l,,,,,,,,,
RLW,Cylindrospermopsin(total),2024-04-02 08:10:00.000+10:00,0.05,ug/l,,,,,,,,,
RLW,Enterococci,2024-04-02 08:10:00.000+10:00,3,cfu/100ml,,,,,,,,,
RLW,Microcystin LR(extracellular),2024-04-02 08:10:00.000+10:00,0.05,ug/l,,,,,,,,,
RLW,Microcystin LR(intracellular),2024-04-02 08:10:00.000+10:00,0.05,ug/l,,,,,,,,,
RLW,Microcystin LR(total),2024-04-02 08:10:00.000+10:00,0.05,ug/l,,,,,,,,,
RLW,Microcystin RR(extracellular),2024-04-02 08:10:00.000+10:00,0.05,ug/l,,,,,,,,,
RLW,Microcystin RR(intracellular),2024-04-02 08:10:00.000+10:00,0.05,ug/l,,,,,,,,,
RLW,Microcystin RR(total),2024-04-02 08:10:00.000+10:00,0.05,ug/l,,,,,,,,,
RLW,Microcystin YR(extracellular),2024-04-02 08:10:00.000+10:00,0.05,ug/l,,,,,,,,,
RLW,Microcystin YR(intracellular),2024-04-02 08:10:00.000+10:00,0.05,ug/l,,,,,,,,,
RLW,Microcystin YR(total),2024-04-02 08:10:00.000+10:00,0.05,ug/l,,,,,,,,,
RLW,Microcystin-LA(extracellular),2024-04-02 08:10:00.000+10:00,0.5,ug/l,,,,,,,,,
RLW,Microcystin-LA(intracellular),2024-04-02 08:10:00.000+10:00,0.5,ug/l,,,,,,,,,
RLW,Microcystin-LA(total),2024-04-02 08:10:00.000+10:00,0.5,ug/l,,,,,,,,,
RLW,Microcystin-LF(extracellular),2024-04-02 08:10:00.000+10:00,1,ug/l,,,,,,,,,
RLW,Microcystin-LF(intracellular),2024-04-02 08:10:00.000+10:00,1,ug/l,,,,,,,,,
RLW,Microcystin-LF(total),2024-04-02 08:10:00.000+10:00,1,ug/l,,,,,,,,,
RLW,Microcystin-LW(extracellular),2024-04-02 08:10:00.000+10:00,1,ug/l,,,,,,,,,
RLW,Microcystin-LW(intracellular),2024-04-02 08:10:00.000+10:00,1,ug/l,,,,,,,,,
RLW,Microcystin-LW(total),2024-04-02 08:10:00.000+10:00,1,ug/l,,,,,,,,,
RLW,Microcystin-LY(extracellular),2024-04-02 08:10:00.000+10:00,0.5,ug/l,,,,,,,,,
RLW,Microcystin-LY(intracellular),2024-04-02 08:10:00.000+10:00,0.5,ug/l,,,,,,,,,
RLW,Microcystin-LY(total),2024-04-02 08:10:00.000+10:00,0.5,ug/l,,,,,,,,,
RLW,Nodularin (extracellular),2024-04-02 08:10:00.000+10:00,0.1,ug/l,,,,,,,,,
RLW,Nodularin (intracellular),2024-04-02 08:10:00.000+10:00,0.1,ug/l,,,,,,,,,
RLW,Nodularin (total),2024-04-02 08:10:00.000+10:00,0.1,ug/l,,,,,,,,,
RLW,Planktolyngbya_Biovolume,2024-04-02 08:10:00.000+10:00,0.293,mm3/l,,,,,,,,,
RLW,Planktolyngbya_Cell count,2024-04-02 08:10:00.000+10:00,122810,cells/ml,,,,,,,,,
RLW,Potentially Toxic Cyanobacteria,2024-04-02 08:10:00.000+10:00,7960,cells/ml,,,,,,,,,
RLW,Potentially Toxic Cyanobacteria Biovolume,2024-04-02 08:10:00.000+10:00,0.233,mm3/l,,,,,,,,,
RLW,Pseudanabaena_Biovolume,2024-04-02 08:10:00.000+10:00,0.029,mm3/l,,,,,,,,,
RLW,Pseudanabaena_Cell count,2024-04-02 08:10:00.000+10:00,2903,cells/ml,,,,,,,,,
RLW,Raphidiopsis raciborskii_Biovolume,2024-04-02 08:10:00.000+10:00,0.233,mm3/l,,,,,,,,,
RLW,Raphidiopsis raciborskii_Cell count,2024-04-02 08:10:00.000+10:00,7961,cells/ml,,,,,,,,,
RLW,Total Cyanobacteria,2024-04-02 08:10:00.000+10:00,872100,cells/ml,,,,,,,,,
RLM,7-deoxy-Cylindrospermopsin(extracellular),2024-04-02 08:00:00.000+10:00,0.5,ug/l,,,,,,,,,
RLM,7-deoxy-Cylindrospermopsin(intracellular),2024-04-02 08:00:00.000+10:00,0.1,ug/l,,,,,,,,,
RLM,7-deoxy-Cylindrospermopsin(total),2024-04-02 08:00:00.000+10:00,0.5,ug/l,,,,,,,,,
RLM,7-desmethyl Microcystin-LR(extracellular),2024-04-02 08:00:00.000+10:00,2,ug/l,,,,,,,,,
RLM,7-desmethyl Microcystin-LR(intracellular),2024-04-02 08:00:00.000+10:00,2,ug/l,,,,,,,,,
RLM,7-desmethyl Microcystin-LR(total),2024-04-02 08:00:00.000+10:00,2,ug/l,,,,,,,,,
RLM,7-Epi-Cylindrospermopsin(extracellular),2024-04-02 08:00:00.000+10:00,0.1,ug/l,,,,,,,,,
RLM,7-Epi-Cylindrospermopsin(intracellular),2024-04-02 08:00:00.000+10:00,0.1,ug/l,,,,,,,,,
RLM,7-Epi-Cylindrospermopsin(total),2024-04-02 08:00:00.000+10:00,0.1,ug/l,,,,,,,,,
RLM,Anatoxin-a(extracellular),2024-04-02 08:00:00.000+10:00,0.1,ug/l,,,,,,,,,
RLM,Anatoxin-a(intracellular),2024-04-02 08:00:00.000+10:00,0.1,ug/l,,,,,,,,,
RLM,Anatoxin-a(total),2024-04-02 08:00:00.000+10:00,0.1,ug/l,,,,,,,,,
RLM,Chlorophyll - a,2024-04-02 08:00:00.000+10:00,12.9,mg/m^3,,,,,,,,,
RLM,Coccoid Blue Green Picoplankton_Biovolume,2024-04-02 08:00:00.000+10:00,0.355,mm3/l,,,,,,,,,
RLM,Coccoid Blue Green Picoplankton_Cell count,2024-04-02 08:00:00.000+10:00,787885,cells/ml,,,,,,,,,
RLM,Cuspidothrix issatschenkoi_Biovolume,2024-04-02 08:00:00.000+10:00,0.701,mm3/l,,,,,,,,,
RLM,Cuspidothrix issatschenkoi_Cell count,2024-04-02 08:00:00.000+10:00,12920,cells/ml,,,,,,,,,
RLM,Cyanobacteria Biovolume,2024-04-02 08:00:00.000+10:00,1.67,mm3/l,,,,,,,,,
RLM,Cylindrospermopsin (extracellular),2024-04-02 08:00:00.000+10:00,0.05,ug/l,,,,,,,,,
RLM,Cylindrospermopsin (intracellular),2024-04-02 08:00:00.000+10:00,0.05,ug/l,,,,,,,,,
RLM,Cylindrospermopsin(total),2024-04-02 08:00:00.000+10:00,0.05,ug/l,,,,,,,,,
RLM,Enterococci,2024-04-02 08:00:00.000+10:00,2,cfu/100ml,,,,,,,,,
RLM,Microcystin LR(extracellular),2024-04-02 08:00:00.000+10:00,0.05,ug/l,,,,,,,,,
RLM,Microcystin LR(intracellular),2024-04-02 08:00:00.000+10:00,0.05,ug/l,,,,,,,,,
RLM,Microcystin LR(total),2024-04-02 08:00:00.000+10:00,0.05,ug/l,,,,,,,,,
RLM,Microcystin RR(extracellular),2024-04-02 08:00:00.000+10:00,0.05,ug/l,,,,,,,,,
RLM,Microcystin RR(intracellular),2024-04-02 08:00:00.000+10:00,0.05,ug/l,,,,,,,,,
RLM,Microcystin RR(total),2024-04-02 08:00:00.000+10:00,0.05,ug/l,,,,,,,,,
RLM,Microcystin YR(extracellular),2024-04-02 08:00:00.000+10:00,0.05,ug/l,,,,,,,,,
RLM,Microcystin YR(intracellular),2024-04-02 08:00:00.000+10:00,0.05,ug/l,,,,,,,,,
RLM,Microcystin YR(total),2024-04-02 08:00:00.000+10:00,0.05,ug/l,,,,,,,,,
RLM,Microcystin-LA(extracellular),2024-04-02 08:00:00.000+10:00,0.5,ug/l,,,,,,,,,
RLM,Microcystin-LA(intracellular),2024-04-02 08:00:00.000+10:00,0.5,ug/l,,,,,,,,,
RLM,Microcystin-LA(total),2024-04-02 08:00:00.000+10:00,0.5,ug/l,,,,,,,,,
RLM,Microcystin-LF(extracellular),2024-04-02 08:00:00.000+10:00,1,ug/l,,,,,,,,,
RLM,Microcystin-LF(intracellular),2024-04-02 08:00:00.000+10:00,1,ug/l,,,,,,,,,
RLM,Microcystin-LF(total),2024-04-02 08:00:00.000+10:00,1,ug/l,,,,,,,,,
RLM,Microcystin-LW(extracellular),2024-04-02 08:00:00.000+10:00,1,ug/l,,,,,,,,,
RLM,Microcystin-LW(intracellular),2024-04-02 08:00:00.000+10:00,1,ug/l,,,,,,,,,
RLM,Microcystin-LW(total),2024-04-02 08:00:00.000+10:00,1,ug/l,,,,,,,,,
RLM,Microcystin-LY(extracellular),2024-04-02 08:00:00.000+10:00,0.5,ug/l,,,,,,,,,
RLM,Microcystin-LY(intracellular),2024-04-02 08:00:00.000+10:00,0.5,ug/l,,,,,,,,,
RLM,Microcystin-LY(total),2024-04-02 08:00:00.000+10:00,0.5,ug/l,,,,,,,,,
RLM,Nodularin (extracellular),2024-04-02 08:00:00.000+10:00,0.1,ug/l,,,,,,,,,
RLM,Nodularin (intracellular),2024-04-02 08:00:00.000+10:00,0.1,ug/l,,,,,,,,,
RLM,Nodularin (total),2024-04-02 08:00:00.000+10:00,0.1,ug/l,,,,,,,,,
RLM,Planktolyngbya_Biovolume,2024-04-02 08:00:00.000+10:00,0.285,mm3/l,,,,,,,,,
RLM,Planktolyngbya_Cell count,2024-04-02 08:00:00.000+10:00,119362,cells/ml,,,,,,,,,
RLM,Potentially Toxic Cyanobacteria,2024-04-02 08:00:00.000+10:00,7620,cells/ml,,,,,,,,,
RLM,Potentially Toxic Cyanobacteria Biovolume,2024-04-02 08:00:00.000+10:00,0.223,mm3/l,,,,,,,,,
RLM,Pseudanabaena_Biovolume,2024-04-02 08:00:00.000+10:00,0.101,mm3/l,,,,,,,,,
RLM,Pseudanabaena_Cell count,2024-04-02 08:00:00.000+10:00,10162,cells/ml,,,,,,,,,
RLM,Raphidiopsis raciborskii_Biovolume,2024-04-02 08:00:00.000+10:00,0.223,mm3/l,,,,,,,,,
RLM,Raphidiopsis raciborskii_Cell count,2024-04-02 08:00:00.000+10:00,7621,cells/ml,,,,,,,,,
RLM,Total Cyanobacteria,2024-04-02 08:00:00.000+10:00,938000,cells/ml,,,,,,,,,
RLE,Aphanizomenonaceae_Biovolume,2024-04-02 07:50:00.000+10:00,0.155,mm3/l,,,,,,,,,
RLE,Aphanizomenonaceae_Cell count,2024-04-02 07:50:00.000+10:00,1497,cells/ml,,,,,,,,,
RLE,Chlorophyll - a,2024-04-02 07:50:00.000+10:00,9.3,mg/m^3,,,,,,,,,
RLE,Coccoid Blue Green Picoplankton_Biovolume,2024-04-02 07:50:00.000+10:00,0.441,mm3/l,,,,,,,,,
RLE,Coccoid Blue Green Picoplankton_Cell count,2024-04-02 07:50:00.000+10:00,977090,cells/ml,,,,,,,,,
RLE,Cyanobacteria Biovolume,2024-04-02 07:50:00.000+10:00,1.21,mm3/l,,,,,,,,,
RLE,Enterococci,2024-04-02 07:50:00.000+10:00,1,cfu/100ml,,,,,,,,,
RLE,Merismopedia_Biovolume,2024-04-02 07:50:00.000+10:00,0.006,mm3/l,,,,,,,,,
RLE,Merismopedia_Cell count,2024-04-02 07:50:00.000+10:00,726,cells/ml,,,,,,,,,
RLE,Microcystis wesenbergii_Biovolume,2024-04-02 07:50:00.000+10:00,0.058,mm3/l,,,,,,,,,
RLE,Microcystis wesenbergii_Cell count,2024-04-02 07:50:00.000+10:00,374,cells/ml,,,,,,,,,
RLE,Microcystis_Biovolume,2024-04-02 07:50:00.000+10:00,0.02,mm3/l,,,,,,,,,
RLE,Microcystis_Cell count,2024-04-02 07:50:00.000+10:00,735,cells/ml,,,,,,,,,
RLE,Planktolyngbya_Biovolume,2024-04-02 07:50:00.000+10:00,0.16,mm3/l,,,,,,,,,
RLE,Planktolyngbya_Cell count,2024-04-02 07:50:00.000+10:00,67320,cells/ml,,,,,,,,,
RLE,Potentially Toxic Cyanobacteria,2024-04-02 07:50:00.000+10:00,6440,cells/ml,,,,,,,,,
RLE,Potentially Toxic Cyanobacteria Biovolume,2024-04-02 07:50:00.000+10:00,0.298,mm3/l,,,,,,,,,
RLE,Pseudanabaena_Biovolume,2024-04-02 07:50:00.000+10:00,0.014,mm3/l,,,,,,,,,
RLE,Pseudanabaena_Cell count,2024-04-02 07:50:00.000+10:00,1452,cells/ml,,,,,,,,,
RLE,Raphidiopsis raciborskii_Biovolume,2024-04-02 07:50:00.000+10:00,0.123,mm3/l,,,,,,,,,
RLE,Raphidiopsis raciborskii_Cell count,2024-04-02 07:50:00.000+10:00,4205,cells/ml,,,,,,,,,
RLE,Total Cyanobacteria,2024-04-02 07:50:00.000+10:00,1057000,cells/ml,,,,,,,,,
RLE,Unidentified filamentous blue-green alga_Biovolume,2024-04-02 07:50:00.000+10:00,0.235,mm3/l,,,,,,,,,
RLE,Unidentified filamentous blue-green alga_Cell count,2024-04-02 07:50:00.000+10:00,4083,cells/ml,,,,,,,,,
RLW,Anagnostidinema_Biovolume,2024-03-26 12:55:00.000+10:00,0.079,mm3/l,,,,,,,,,
RLW,Anagnostidinema_Cell count,2024-03-26 12:55:00.000+10:00,4536,cells/ml,,,,,,,,,
RLW,Coccoid Blue Green Picoplankton_Biovolume,2024-03-26 12:55:00.000+10:00,0.409,mm3/l,,,,,,,,,
RLW,Coccoid Blue Green Picoplankton_Cell count,2024-03-26 12:55:00.000+10:00,907410,cells/ml,,,,,,,,,
RLW,Cyanobacteria Biovolume,2024-03-26 12:55:00.000+10:00,2.71,mm3/l,,,,,,,,,
RLW,Enterococci,2024-03-26 12:55:00.000+10:00,3,cfu/100ml,,,,,,,,,
RLW,Planktolyngbya_Biovolume,2024-03-26 12:55:00.000+10:00,0.246,mm3/l,,,,,,,,,
RLW,Planktolyngbya_Cell count,2024-03-26 12:55:00.000+10:00,102995,cells/ml,,,,,,,,,
RLW,Potentially Toxic Cyanobacteria,2024-03-26 12:55:00.000+10:00,63790,cells/ml,,,,,,,,,
RLW,Potentially Toxic Cyanobacteria Biovolume,2024-03-26 12:55:00.000+10:00,1.87,mm3/l,,,,,,,,,
RLW,Pseudanabaena_Biovolume,2024-03-26 12:55:00.000+10:00,0.103,mm3/l,,,,,,,,,
RLW,Pseudanabaena_Cell count,2024-03-26 12:55:00.000+10:00,10307,cells/ml,,,,,,,,,
RLW,Raphidiopsis raciborskii_Biovolume,2024-03-26 12:55:00.000+10:00,1.871,mm3/l,,,,,,,,,
RLW,Raphidiopsis raciborskii_Cell count,2024-03-26 12:55:00.000+10:00,63787,cells/ml,,,,,,,,,
RLW,Total Cyanobacteria,2024-03-26 12:55:00.000+10:00,1089000,cells/ml,,,,,,,,,
RLM,Anagnostidinema_Biovolume,2024-03-26 12:50:00.000+10:00,0.271,mm3/l,,,,,,,,,
RLM,Anagnostidinema_Cell count,2024-03-26 12:50:00.000+10:00,15424,cells/ml,,,,,,,,,
RLM,Coccoid Blue Green Picoplankton_Biovolume,2024-03-26 12:50:00.000+10:00,0.604,mm3/l,,,,,,,,,
RLM,Coccoid Blue Green Picoplankton_Cell count,2024-03-26 12:50:00.000+10:00,1339422,cells/ml,,,,,,,,,
RLM,Cuspidothrix issatschenkoi_Biovolume,2024-03-26 12:50:00.000+10:00,0.022,mm3/l,,,,,,,,,
RLM,Cuspidothrix issatschenkoi_Cell count,2024-03-26 12:50:00.000+10:00,408,cells/ml,,,,,,,,,
RLM,Cyanobacteria Biovolume,2024-03-26 12:50:00.000+10:00,3.61,mm3/l,,,,,,,,,
RLM,Enterococci,2024-03-26 12:50:00.000+10:00,1,cfu/100ml,,,,,,,,,
RLM,Microcystis_Biovolume,2024-03-26 12:50:00.000+10:00,0.005,mm3/l,,,,,,,,,
RLM,Microcystis_Cell count,2024-03-26 12:50:00.000+10:00,204,cells/ml,,,,,,,,,
RLM,Planktolyngbya_Biovolume,2024-03-26 12:50:00.000+10:00,0.54,mm3/l,,,,,,,,,
RLM,Planktolyngbya_Cell count,2024-03-26 12:50:00.000+10:00,226458,cells/ml,,,,,,,,,
RLM,Potentially Toxic Cyanobacteria,2024-03-26 12:50:00.000+10:00,70320,cells/ml,,,,,,,,,
RLM,Potentially Toxic Cyanobacteria Biovolume,2024-03-26 12:50:00.000+10:00,2.06,mm3/l,,,,,,,,,
RLM,Pseudanabaena_Biovolume,2024-03-26 12:50:00.000+10:00,0.116,mm3/l,,,,,,,,,
RLM,Pseudanabaena_Cell count,2024-03-26 12:50:00.000+10:00,11613,cells/ml,,,,,,,,,
RLM,Raphidiopsis raciborskii_Biovolume,2024-03-26 12:50:00.000+10:00,2.056,mm3/l,,,,,,,,,
RLM,Raphidiopsis raciborskii_Cell count,2024-03-26 12:50:00.000+10:00,70115,cells/ml,,,,,,,,,
RLM,Total Cyanobacteria,2024-03-26 12:50:00.000+10:00,1664000,cells/ml,,,,,,,,,
RLE,Anagnostidinema_Biovolume,2024-03-26 12:45:00.000+10:00,0.143,mm3/l,,,,,,,,,
RLE,Anagnostidinema_Cell count,2024-03-26 12:45:00.000+10:00,8166,cells/ml,,,,,,,,,
RLE,Aphanizomenonaceae_Biovolume,2024-03-26 12:45:00.000+10:00,0.141,mm3/l,,,,,,,,,
RLE,Aphanizomenonaceae_Cell count,2024-03-26 12:45:00.000+10:00,1359,cells/ml,,,,,,,,,
RLE,Coccoid Blue Green Picoplankton_Biovolume,2024-03-26 12:45:00.000+10:00,0.672,mm3/l,,,,,,,,,
RLE,Coccoid Blue Green Picoplankton_Cell count,2024-03-26 12:45:00.000+10:00,1488961,cells/ml,,,,,,,,,
RLE,Cyanobacteria Biovolume,2024-03-26 12:45:00.000+10:00,3.79,mm3/l,,,,,,,,,
RLE,Enterococci,2024-03-26 12:45:00.000+10:00,1,cfu/100ml,,,,,,,,,
RLE,Microcystis_Biovolume,2024-03-26 12:45:00.000+10:00,0.132,mm3/l,,,,,,,,,
RLE,Microcystis_Cell count,2024-03-26 12:45:00.000+10:00,4763,cells/ml,,,,,,,,,
RLE,Oscillatoria_Biovolume,2024-03-26 12:45:00.000+10:00,0.255,mm3/l,,,,,,,,,
RLE,Oscillatoria_Cell count,2024-03-26 12:45:00.000+10:00,510,cells/ml,,,,,,,,,
RLE,Planktolyngbya_Biovolume,2024-03-26 12:45:00.000+10:00,0.628,mm3/l,,,,,,,,,
RLE,Planktolyngbya_Cell count,2024-03-26 12:45:00.000+10:00,263257,cells/ml,,,,,,,,,
RLE,Potentially Toxic Cyanobacteria,2024-03-26 12:45:00.000+10:00,65900,cells/ml,,,,,,,,,
RLE,Potentially Toxic Cyanobacteria Biovolume,2024-03-26 12:45:00.000+10:00,2.29,mm3/l,,,,,,,,,
RLE,Pseudanabaena_Biovolume,2024-03-26 12:45:00.000+10:00,0.056,mm3/l,,,,,,,,,
RLE,Pseudanabaena_Cell count,2024-03-26 12:45:00.000+10:00,5607,cells/ml,,,,,,,,,
RLE,Radiocystis_Biovolume,2024-03-26 12:45:00.000+10:00,0.073,mm3/l,,,,,,,,,
RLE,Radiocystis_Cell count,2024-03-26 12:45:00.000+10:00,2382,cells/ml,,,,,,,,,
RLE,Raphidiopsis raciborskii_Biovolume,2024-03-26 12:45:00.000+10:00,1.652,mm3/l,,,,,,,,,
RLE,Raphidiopsis raciborskii_Cell count,2024-03-26 12:45:00.000+10:00,56342,cells/ml,,,,,,,,,
RLE,Total Cyanobacteria,2024-03-26 12:45:00.000+10:00,1832000,cells/ml,,,,,,,,,
RLE,Umezakia ovalisporum_Biovolume,2024-03-26 12:45:00.000+10:00,0.034,mm3/l,,,,,,,,,
RLE,Umezakia ovalisporum_Cell count,2024-03-26 12:45:00.000+10:00,544,cells/ml,,,,,,,,,
RLW,Ammonia as N,2024-03-18 12:00:00.000+10:00,0.03,mg/L,0.01,,,,,,,,
RLE,Ammonia as N,2024-03-18 12:00:00.000+10:00,0.03,mg/L,0.01,,,,,,,,
RLM,Ammonia as N,2024-03-18 12:00:00.000+10:00,0.01,mg/L,0.01,,,,,,,,
RLW,Dissolved Reactive Phosphorus as P,2024-03-18 12:00:00.000+10:00,,mg/L,0.01,,,,,,,,
RLE,Dissolved Reactive Phosphorus as P,2024-03-18 12:00:00.000+10:00,,mg/L,0.01,,,,,,,,
RLM,Dissolved Reactive Phosphorus as P,2024-03-18 12:00:00.000+10:00,,mg/L,0.01,,,,,,,,
RLW,Nitrate as N,2024-03-18 12:00:00.000+10:00,0.01,mg/L,0.01,,,,,,,,
RLM,Nitrate as N,2024-03-18 12:00:00.000+10:00,0.02,mg/L,0.01,,,,,,,,
RLE,Nitrate as N,2024-03-18 12:00:00.000+10:00,0.01,mg/L,0.01,,,,,,,,
RLW,Nitrite + Nitrate as N,2024-03-18 12:00:00.000+10:00,0.01,mg/L,0.01,,,,,,,,
RLM,Nitrite + Nitrate as N,2024-03-18 12:00:00.000+10:00,0.02,mg/L,0.01,,,,,,,,
RLE,Nitrite + Nitrate as N,2024-03-18 12:00:00.000+10:00,0.01,mg/L,0.01,,,,,,,,
RLM,Nitrite as N,2024-03-18 12:00:00.000+10:00,,mg/L,0.01,,,,,,,,
RLW,Nitrite as N,2024-03-18 12:00:00.000+10:00,,mg/L,0.01,,,,,,,,
RLE,Nitrite as N,2024-03-18 12:00:00.000+10:00,,mg/L,0.01,,,,,,,,
RLE,Total Kjeldahl Nitrogen as N,2024-03-18 12:00:00.000+10:00,0.6,mg/L,0.1,,,,,,,,
RLM,Total Kjeldahl Nitrogen as N,2024-03-18 12:00:00.000+10:00,0.5,mg/L,0.1,,,,,,,,
RLW,Total Kjeldahl Nitrogen as N,2024-03-18 12:00:00.000+10:00,0.6,mg/L,0.1,,,,,,,,
RLE,Total Nitrogen as N,2024-03-18 12:00:00.000+10:00,0.6,mg/L,0.1,,,,,,,,
RLW,Total Nitrogen as N,2024-03-18 12:00:00.000+10:00,0.6,mg/L,0.1,,,,,,,,
RLM,Total Nitrogen as N,2024-03-18 12:00:00.000+10:00,0.5,mg/L,0.1,,,,,,,,
RLW,Total Phosphorus as P,2024-03-18 12:00:00.000+10:00,0.02,mg/L,0.01,,,,,,,,
RLM,Total Phosphorus as P,2024-03-18 12:00:00.000+10:00,0.02,mg/L,0.01,,,,,,,,
RLE,Total Phosphorus as P,2024-03-18 12:00:00.000+10:00,0.03,mg/L,0.01,,,,,,,,
RLW,Total suspended solids,2024-03-18 12:00:00.000+10:00,,mg/L,5,,,,,,,,
RLM,Total suspended solids,2024-03-18 12:00:00.000+10:00,,mg/L,5,,,,,,,,
RLE,Total suspended solids,2024-03-18 12:00:00.000+10:00,,mg/L,5,,,,,,,,
RLE,Chlorophyll - a,2024-03-18 06:30:00.000+10:00,11,mg/m^3,,,,,,,,,
RLE,Coccoid Blue Green Picoplankton_Biovolume,2024-03-18 06:30:00.000+10:00,0.164,mm3/l,,,,,,,,,
RLE,Coccoid Blue Green Picoplankton_Cell count,2024-03-18 06:30:00.000+10:00,363313,cells/ml,,,,,,,,,
RLE,Cyanobacteria Biovolume,2024-03-18 06:30:00.000+10:00,1.09,mm3/l,,,,,,,,,
RLE,Enterococci,2024-03-18 06:30:00.000+10:00,1,cfu/100ml,,,,,,,,,
RLE,Merismopedia_Biovolume,2024-03-18 06:30:00.000+10:00,0.012,mm3/l,,,,,,,,,
RLE,Merismopedia_Cell count,2024-03-18 06:30:00.000+10:00,1452,cells/ml,,,,,,,,,
RLE,Microcystis_Biovolume,2024-03-18 06:30:00.000+10:00,0.039,mm3/l,,,,,,,,,
RLE,Microcystis_Cell count,2024-03-18 06:30:00.000+10:00,1429,cells/ml,,,,,,,,,
RLE,Planktolyngbya_Biovolume,2024-03-18 06:30:00.000+10:00,0.227,mm3/l,,,,,,,,,
RLE,Planktolyngbya_Cell count,2024-03-18 06:30:00.000+10:00,95228,cells/ml,,,,,,,,,
RLE,Potentially Toxic Cyanobacteria,2024-03-18 06:30:00.000+10:00,21360,cells/ml,,,,,,,,,
RLE,Potentially Toxic Cyanobacteria Biovolume,2024-03-18 06:30:00.000+10:00,0.673,mm3/l,,,,,,,,,
RLE,Pseudanabaena_Biovolume,2024-03-18 06:30:00.000+10:00,0.016,mm3/l,,,,,,,,,
RLE,Pseudanabaena_Cell count,2024-03-18 06:30:00.000+10:00,1633,cells/ml,,,,,,,,,
RLE,Raphidiopsis raciborskii_Biovolume,2024-03-18 06:30:00.000+10:00,0.54,mm3/l,,,,,,,,,
RLE,Raphidiopsis raciborskii_Cell count,2024-03-18 06:30:00.000+10:00,18434,cells/ml,,,,,,,,,
RLE,Total Cyanobacteria,2024-03-18 06:30:00.000+10:00,483000,cells/ml,,,,,,,,,
RLE,Umezakia ovalisporum_Biovolume,2024-03-18 06:30:00.000+10:00,0.094,mm3/l,,,,,,,,,
RLE,Umezakia ovalisporum_Cell count,2024-03-18 06:30:00.000+10:00,1497,cells/ml,,,,,,,,,
RLM,Chlorophyll - a,2024-03-18 06:25:00.000+10:00,14.3,mg/m^3,,,,,,,,,
RLM,Coccoid Blue Green Picoplankton_Biovolume,2024-03-18 06:25:00.000+10:00,0.222,mm3/l,,,,,,,,,
RLM,Coccoid Blue Green Picoplankton_Cell count,2024-03-18 06:25:00.000+10:00,493254,cells/ml,,,,,,,,,
RLM,Cyanobacteria Biovolume,2024-03-18 06:25:00.000+10:00,1.3,mm3/l,,,,,,,,,
RLM,Enterococci,2024-03-18 06:25:00.000+10:00,1,cfu/100ml,,,,,,,,,
RLM,Microcystis_Biovolume,2024-03-18 06:25:00.000+10:00,0.07,mm3/l,,,,,,,,,
RLM,Microcystis_Cell count,2024-03-18 06:25:00.000+10:00,2531,cells/ml,,,,,,,,,
RLM,Planktolyngbya_Biovolume,2024-03-18 06:25:00.000+10:00,0.132,mm3/l,,,,,,,,,
RLM,Planktolyngbya_Cell count,2024-03-18 06:25:00.000+10:00,55381,cells/ml,,,,,,,,,
RLM,Potentially Toxic Cyanobacteria,2024-03-18 06:25:00.000+10:00,31110,cells/ml,,,,,,,,,
RLM,Potentially Toxic Cyanobacteria Biovolume,2024-03-18 06:25:00.000+10:00,0.908,mm3/l,,,,,,,,,
RLM,Pseudanabaena_Biovolume,2024-03-18 06:25:00.000+10:00,0.034,mm3/l,,,,,,,,,
RLM,Pseudanabaena_Cell count,2024-03-18 06:25:00.000+10:00,3430,cells/ml,,,,,,,,,
RLM,Raphidiopsis raciborskii_Biovolume,2024-03-18 06:25:00.000+10:00,0.838,mm3/l,,,,,,,,,
RLM,Raphidiopsis raciborskii_Cell count,2024-03-18 06:25:00.000+10:00,28579,cells/ml,,,,,,,,,
RLM,Total Cyanobacteria,2024-03-18 06:25:00.000+10:00,583200,cells/ml,,,,,,,,,
RLW,Chlorophyll - a,2024-03-18 06:15:00.000+10:00,13.6,mg/m^3,,,,,,,,,
RLW,Coccoid Blue Green Picoplankton_Biovolume,2024-03-18 06:15:00.000+10:00,0.266,mm3/l,,,,,,,,,
RLW,Coccoid Blue Green Picoplankton_Cell count,2024-03-18 06:15:00.000+10:00,589879,cells/ml,,,,,,,,,
RLW,Cuspidothrix issatschenkoi_Biovolume,2024-03-18 06:15:00.000+10:00,0.216,mm3/l,,,,,,,,,
RLW,Cuspidothrix issatschenkoi_Cell count,2024-03-18 06:15:00.000+10:00,3992,cells/ml,,,,,,,,,
RLW,Cyanobacteria Biovolume,2024-03-18 06:15:00.000+10:00,1.36,mm3/l,,,,,,,,,
RLW,Enterococci,2024-03-18 06:15:00.000+10:00,6,cfu/100ml,,,,,,,,,
RLW,Merismopedia_Biovolume,2024-03-18 06:15:00.000+10:00,0.024,mm3/l,,,,,,,,,
RLW,Merismopedia_Cell count,2024-03-18 06:15:00.000+10:00,2903,cells/ml,,,,,,,,,
RLW,Planktolyngbya_Biovolume,2024-03-18 06:15:00.000+10:00,0.101,mm3/l,,,,,,,,,
RLW,Planktolyngbya_Cell count,2024-03-18 06:15:00.000+10:00,42570,cells/ml,,,,,,,,,
RLW,Potentially Toxic Cyanobacteria,2024-03-18 06:15:00.000+10:00,22860,cells/ml,,,,,,,,,
RLW,Potentially Toxic Cyanobacteria Biovolume,2024-03-18 06:15:00.000+10:00,0.67,mm3/l,,,,,,,,,
RLW,Pseudanabaena_Biovolume,2024-03-18 06:15:00.000+10:00,0.079,mm3/l,,,,,,,,,
RLW,Pseudanabaena_Cell count,2024-03-18 06:15:00.000+10:00,7948,cells/ml,,,,,,,,,
RLW,Raphidiopsis raciborskii_Biovolume,2024-03-18 06:15:00.000+10:00,0.67,mm3/l,,,,,,,,,
RLW,Raphidiopsis raciborskii_Cell count,2024-03-18 06:15:00.000+10:00,22864,cells/ml,,,,,,,,,
RLW,Total Cyanobacteria,2024-03-18 06:15:00.000+10:00,670200,cells/ml,,,,,,,,,
RLM,Ammonia as N,2024-03-04 12:00:00.000+10:00,0.04,mg/L,0.01,,,,,,,,
RLW,Ammonia as N,2024-03-04 12:00:00.000+10:00,0.01,mg/L,0.01,,,,,,,,
RLE,Ammonia as N,2024-03-04 12:00:00.000+10:00,,mg/L,0.01,,,,,,,,
RLE,Dissolved Reactive Phosphorus as P,2024-03-04 12:00:00.000+10:00,,mg/L,0.01,,,,,,,,
RLM,Dissolved Reactive Phosphorus as P,2024-03-04 12:00:00.000+10:00,,mg/L,0.01,,,,,,,,
RLW,Dissolved Reactive Phosphorus as P,2024-03-04 12:00:00.000+10:00,,mg/L,0.01,,,,,,,,
RLE,Nitrate as N,2024-03-04 12:00:00.000+10:00,,mg/L,0.01,,,,,,,,
RLW,Nitrate as N,2024-03-04 12:00:00.000+10:00,,mg/L,0.01,,,,,,,,
RLM,Nitrate as N,2024-03-04 12:00:00.000+10:00,,mg/L,0.01,,,,,,,,
RLW,Nitrite + Nitrate as N,2024-03-04 12:00:00.000+10:00,,mg/L,0.01,,,,,,,,
RLE,Nitrite + Nitrate as N,2024-03-04 12:00:00.000+10:00,,mg/L,0.01,,,,,,,,
RLM,Nitrite + Nitrate as N,2024-03-04 12:00:00.000+10:00,,mg/L,0.01,,,,,,,,
RLE,Nitrite as N,2024-03-04 12:00:00.000+10:00,,mg/L,0.01,,,,,,,,
RLW,Nitrite as N,2024-03-04 12:00:00.000+10:00,,mg/L,0.01,,,,,,,,
RLM,Nitrite as N,2024-03-04 12:00:00.000+10:00,,mg/L,0.01,,,,,,,,
RLW,Total Kjeldahl Nitrogen as N,2024-03-04 12:00:00.000+10:00,0.5,mg/L,0.1,,,,,,,,
RLM,Total Kjeldahl Nitrogen as N,2024-03-04 12:00:00.000+10:00,0.6,mg/L,0.1,,,,,,,,
RLE,Total Kjeldahl Nitrogen as N,2024-03-04 12:00:00.000+10:00,0.5,mg/L,0.1,,,,,,,,
RLW,Total Nitrogen as N,2024-03-04 12:00:00.000+10:00,0.5,mg/L,0.1,,,,,,,,
RLE,Total Nitrogen as N,2024-03-04 12:00:00.000+10:00,0.5,mg/L,0.1,,,,,,,,
RLM,Total Nitrogen as N,2024-03-04 12:00:00.000+10:00,0.6,mg/L,0.1,,,,,,,,
RLE,Total Phosphorus as P,2024-03-04 12:00:00.000+10:00,0.02,mg/L,0.01,,,,,,,,
RLW,Total Phosphorus as P,2024-03-04 12:00:00.000+10:00,0.02,mg/L,0.01,,,,,,,,
RLM,Total Phosphorus as P,2024-03-04 12:00:00.000+10:00,0.02,mg/L,0.01,,,,,,,,
RLE,Total suspended solids,2024-03-04 12:00:00.000+10:00,,mg/L,5,,,,,,,,
RLW,Total suspended solids,2024-03-04 12:00:00.000+10:00,,mg/L,5,,,,,,,,
RLM,Total suspended solids,2024-03-04 12:00:00.000+10:00,,mg/L,5,,,,,,,,
RLW,7-deoxy-Cylindrospermopsin(extracellular),2024-03-04 09:55:00.000+10:00,0.5,ug/l,,,,,,,,,
RLW,7-deoxy-Cylindrospermopsin(intracellular),2024-03-04 09:55:00.000+10:00,0.2,ug/l,,,,,,,,,
RLW,7-deoxy-Cylindrospermopsin(total),2024-03-04 09:55:00.000+10:00,0.7,ug/l,,,,,,,,,
RLW,7-desmethyl Microcystin-LR(extracellular),2024-03-04 09:55:00.000+10:00,2,ug/l,,,,,,,,,
RLW,7-desmethyl Microcystin-LR(intracellular),2024-03-04 09:55:00.000+10:00,2,ug/l,,,,,,,,,
RLW,7-desmethyl Microcystin-LR(total),2024-03-04 09:55:00.000+10:00,2,ug/l,,,,,,,,,
RLW,7-Epi-Cylindrospermopsin(extracellular),2024-03-04 09:55:00.000+10:00,0.1,ug/l,,,,,,,,,
RLW,7-Epi-Cylindrospermopsin(intracellular),2024-03-04 09:55:00.000+10:00,0.1,ug/l,,,,,,,,,
RLW,7-Epi-Cylindrospermopsin(total),2024-03-04 09:55:00.000+10:00,0.1,ug/l,,,,,,,,,
RLW,Anatoxin-a(extracellular),2024-03-04 09:55:00.000+10:00,0.1,ug/l,,,,,,,,,
RLW,Anatoxin-a(intracellular),2024-03-04 09:55:00.000+10:00,0.1,ug/l,,,,,,,,,
RLW,Anatoxin-a(total),2024-03-04 09:55:00.000+10:00,0.1,ug/l,,,,,,,,,
RLW,Chlorophyll - a,2024-03-04 09:55:00.000+10:00,17.4,mg/m^3,,,,,,,,,
RLW,Coccoid Blue Green Picoplankton_Biovolume,2024-03-04 09:55:00.000+10:00,0.055,mm3/l,,,,,,,,,
RLW,Coccoid Blue Green Picoplankton_Cell count,2024-03-04 09:55:00.000+10:00,121939,cells/ml,,,,,,,,,
RLW,Cyanobacteria Biovolume,2024-03-04 09:55:00.000+10:00,2.01,mm3/l,,,,,,,,,
RLW,Cylindrospermopsin (extracellular),2024-03-04 09:55:00.000+10:00,0.12,ug/l,,,,,,,,,
RLW,Cylindrospermopsin (intracellular),2024-03-04 09:55:00.000+10:00,0.05,ug/l,,,,,,,,,
RLW,Cylindrospermopsin(total),2024-03-04 09:55:00.000+10:00,0.17,ug/l,,,,,,,,,
RLW,Enterococci,2024-03-04 09:55:00.000+10:00,9,cfu/100ml,,,,,,,,,
RLW,Microcystin LR(extracellular),2024-03-04 09:55:00.000+10:00,0.05,ug/l,,,,,,,,,
RLW,Microcystin LR(intracellular),2024-03-04 09:55:00.000+10:00,0.05,ug/l,,,,,,,,,
RLW,Microcystin LR(total),2024-03-04 09:55:00.000+10:00,0.05,ug/l,,,,,,,,,
RLW,Microcystin RR(extracellular),2024-03-04 09:55:00.000+10:00,0.05,ug/l,,,,,,,,,
RLW,Microcystin RR(intracellular),2024-03-04 09:55:00.000+10:00,0.05,ug/l,,,,,,,,,
RLW,Microcystin RR(total),2024-03-04 09:55:00.000+10:00,0.05,ug/l,,,,,,,,,
RLW,Microcystin YR(extracellular),2024-03-04 09:55:00.000+10:00,0.05,ug/l,,,,,,,,,
RLW,Microcystin YR(intracellular),2024-03-04 09:55:00.000+10:00,0.05,ug/l,,,,,,,,,
RLW,Microcystin YR(total),2024-03-04 09:55:00.000+10:00,0.05,ug/l,,,,,,,,,
RLW,Microcystin-LA(extracellular),2024-03-04 09:55:00.000+10:00,0.5,ug/l,,,,,,,,,
RLW,Microcystin-LA(intracellular),2024-03-04 09:55:00.000+10:00,0.5,ug/l,,,,,,,,,
RLW,Microcystin-LA(total),2024-03-04 09:55:00.000+10:00,0.5,ug/l,,,,,,,,,
RLW,Microcystin-LF(extracellular),2024-03-04 09:55:00.000+10:00,1,ug/l,,,,,,,,,
RLW,Microcystin-LF(intracellular),2024-03-04 09:55:00.000+10:00,1,ug/l,,,,,,,,,
RLW,Microcystin-LF(total),2024-03-04 09:55:00.000+10:00,1,ug/l,,,,,,,,,
RLW,Microcystin-LW(extracellular),2024-03-04 09:55:00.000+10:00,1,ug/l,,,,,,,,,
RLW,Microcystin-LW(intracellular),2024-03-04 09:55:00.000+10:00,1,ug/l,,,,,,,,,
RLW,Microcystin-LW(total),2024-03-04 09:55:00.000+10:00,1,ug/l,,,,,,,,,
RLW,Microcystin-LY(extracellular),2024-03-04 09:55:00.000+10:00,0.5,ug/l,,,,,,,,,
RLW,Microcystin-LY(intracellular),2024-03-04 09:55:00.000+10:00,0.5,ug/l,,,,,,,,,
RLW,Microcystin-LY(total),2024-03-04 09:55:00.000+10:00,0.5,ug/l,,,,,,,,,
RLW,Microcystis_Biovolume,2024-03-04 09:55:00.000+10:00,0.023,mm3/l,,,,,,,,,
RLW,Microcystis_Cell count,2024-03-04 09:55:00.000+10:00,850,cells/ml,,,,,,,,,
RLW,Nodularin (extracellular),2024-03-04 09:55:00.000+10:00,0.1,ug/l,,,,,,,,,
RLW,Nodularin (intracellular),2024-03-04 09:55:00.000+10:00,0.1,ug/l,,,,,,,,,
RLW,Nodularin (total),2024-03-04 09:55:00.000+10:00,0.1,ug/l,,,,,,,,,
RLW,Planktolyngbya_Biovolume,2024-03-04 09:55:00.000+10:00,0.033,mm3/l,,,,,,,,,
RLW,Planktolyngbya_Cell count,2024-03-04 09:55:00.000+10:00,13936,cells/ml,,,,,,,,,
RLW,Potentially Toxic Cyanobacteria,2024-03-04 09:55:00.000+10:00,26540,cells/ml,,,,,,,,,
RLW,Potentially Toxic Cyanobacteria Biovolume,2024-03-04 09:55:00.000+10:00,0.776,mm3/l,,,,,,,,,
RLW,Pseudanabaena_Biovolume,2024-03-04 09:55:00.000+10:00,0.894,mm3/l,,,,,,,,,
RLW,Pseudanabaena_Cell count,2024-03-04 09:55:00.000+10:00,89422,cells/ml,,,,,,,,,
RLW,Raphidiopsis raciborskii_Biovolume,2024-03-04 09:55:00.000+10:00,0.753,mm3/l,,,,,,,,,
RLW,Raphidiopsis raciborskii_Cell count,2024-03-04 09:55:00.000+10:00,25694,cells/ml,,,,,,,,,
RLW,Snowella_Biovolume,2024-03-04 09:55:00.000+10:00,0.251,mm3/l,,,,,,,,,
RLW,Snowella_Cell count,2024-03-04 09:55:00.000+10:00,31755,cells/ml,,,,,,,,,
RLW,Total Cyanobacteria,2024-03-04 09:55:00.000+10:00,283600,cells/ml,,,,,,,,,
RLM,7-deoxy-Cylindrospermopsin(extracellular),2024-03-04 09:40:00.000+10:00,0.5,ug/l,,,,,,,,,
RLM,7-deoxy-Cylindrospermopsin(intracellular),2024-03-04 09:40:00.000+10:00,0.2,ug/l,,,,,,,,,
RLM,7-deoxy-Cylindrospermopsin(total),2024-03-04 09:40:00.000+10:00,0.7,ug/l,,,,,,,,,
RLM,7-desmethyl Microcystin-LR(extracellular),2024-03-04 09:40:00.000+10:00,2,ug/l,,,,,,,,,
RLM,7-desmethyl Microcystin-LR(intracellular),2024-03-04 09:40:00.000+10:00,2,ug/l,,,,,,,,,
RLM,7-desmethyl Microcystin-LR(total),2024-03-04 09:40:00.000+10:00,2,ug/l,,,,,,,,,
RLM,7-Epi-Cylindrospermopsin(extracellular),2024-03-04 09:40:00.000+10:00,0.1,ug/l,,,,,,,,,
RLM,7-Epi-Cylindrospermopsin(intracellular),2024-03-04 09:40:00.000+10:00,0.1,ug/l,,,,,,,,,
RLM,7-Epi-Cylindrospermopsin(total),2024-03-04 09:40:00.000+10:00,0.1,ug/l,,,,,,,,,
RLM,Anatoxin-a(extracellular),2024-03-04 09:40:00.000+10:00,0.1,ug/l,,,,,,,,,
RLM,Anatoxin-a(intracellular),2024-03-04 09:40:00.000+10:00,0.1,ug/l,,,,,,,,,
RLM,Anatoxin-a(total),2024-03-04 09:40:00.000+10:00,0.1,ug/l,,,,,,,,,
RLM,Chlorophyll - a,2024-03-04 09:40:00.000+10:00,15.8,mg/m^3,,,,,,,,,
RLM,Coccoid Blue Green Picoplankton_Biovolume,2024-03-04 09:40:00.000+10:00,0.1,mm3/l,,,,,,,,,
RLM,Coccoid Blue Green Picoplankton_Cell count,2024-03-04 09:40:00.000+10:00,221758,cells/ml,,,,,,,,,
RLM,Cuspidothrix issatschenkoi_Biovolume,2024-03-04 09:40:00.000+10:00,0.023,mm3/l,,,,,,,,,
RLM,Cuspidothrix issatschenkoi_Cell count,2024-03-04 09:40:00.000+10:00,442,cells/ml,,,,,,,,,
RLM,Cyanobacteria Biovolume,2024-03-04 09:40:00.000+10:00,1.35,mm3/l,,,,,,,,,
RLM,Cylindrospermopsin (extracellular),2024-03-04 09:40:00.000+10:00,0.12,ug/l,,,,,,,,,
RLM,Cylindrospermopsin (intracellular),2024-03-04 09:40:00.000+10:00,0.05,ug/l,,,,,,,,,
RLM,Cylindrospermopsin(total),2024-03-04 09:40:00.000+10:00,0.17,ug/l,,,,,,,,,
RLM,Enterococci,2024-03-04 09:40:00.000+10:00,1,cfu/100ml,,,,,,,,,
RLM,Microcystin LR(extracellular),2024-03-04 09:40:00.000+10:00,0.05,ug/l,,,,,,,,,
RLM,Microcystin LR(intracellular),2024-03-04 09:40:00.000+10:00,0.05,ug/l,,,,,,,,,
RLM,Microcystin LR(total),2024-03-04 09:40:00.000+10:00,0.05,ug/l,,,,,,,,,
RLM,Microcystin RR(extracellular),2024-03-04 09:40:00.000+10:00,0.05,ug/l,,,,,,,,,
RLM,Microcystin RR(intracellular),2024-03-04 09:40:00.000+10:00,0.05,ug/l,,,,,,,,,
RLM,Microcystin RR(total),2024-03-04 09:40:00.000+10:00,0.05,ug/l,,,,,,,,,
RLM,Microcystin YR(extracellular),2024-03-04 09:40:00.000+10:00,0.05,ug/l,,,,,,,,,
RLM,Microcystin YR(intracellular),2024-03-04 09:40:00.000+10:00,0.05,ug/l,,,,,,,,,
RLM,Microcystin YR(total),2024-03-04 09:40:00.000+10:00,0.05,ug/l,,,,,,,,,
RLM,Microcystin-LA(extracellular),2024-03-04 09:40:00.000+10:00,0.5,ug/l,,,,,,,,,
RLM,Microcystin-LA(intracellular),2024-03-04 09:40:00.000+10:00,0.5,ug/l,,,,,,,,,
RLM,Microcystin-LA(total),2024-03-04 09:40:00.000+10:00,0.5,ug/l,,,,,,,,,
RLM,Microcystin-LF(extracellular),2024-03-04 09:40:00.000+10:00,1,ug/l,,,,,,,,,
RLM,Microcystin-LF(intracellular),2024-03-04 09:40:00.000+10:00,1,ug/l,,,,,,,,,
RLM,Microcystin-LF(total),2024-03-04 09:40:00.000+10:00,1,ug/l,,,,,,,,,
RLM,Microcystin-LW(extracellular),2024-03-04 09:40:00.000+10:00,1,ug/l,,,,,,,,,
RLM,Microcystin-LW(intracellular),2024-03-04 09:40:00.000+10:00,1,ug/l,,,,,,,,,
RLM,Microcystin-LW(total),2024-03-04 09:40:00.000+10:00,1,ug/l,,,,,,,,,
RLM,Microcystin-LY(extracellular),2024-03-04 09:40:00.000+10:00,0.5,ug/l,,,,,,,,,
RLM,Microcystin-LY(intracellular),2024-03-04 09:40:00.000+10:00,0.5,ug/l,,,,,,,,,
RLM,Microcystin-LY(total),2024-03-04 09:40:00.000+10:00,0.5,ug/l,,,,,,,,,
RLM,Microcystis_Biovolume,2024-03-04 09:40:00.000+10:00,0.058,mm3/l,,,,,,,,,
RLM,Microcystis_Cell count,2024-03-04 09:40:00.000+10:00,2109,cells/ml,,,,,,,,,
RLM,Nodularin (extracellular),2024-03-04 09:40:00.000+10:00,0.1,ug/l,,,,,,,,,
RLM,Nodularin (intracellular),2024-03-04 09:40:00.000+10:00,0.1,ug/l,,,,,,,,,
RLM,Nodularin (total),2024-03-04 09:40:00.000+10:00,0.1,ug/l,,,,,,,,,
RLM,Planktolyngbya_Biovolume,2024-03-04 09:40:00.000+10:00,0.066,mm3/l,,,,,,,,,
RLM,Planktolyngbya_Cell count,2024-03-04 09:40:00.000+10:00,27763,cells/ml,,,,,,,,,
RLM,Potentially Toxic Cyanobacteria,2024-03-04 09:40:00.000+10:00,22770,cells/ml,,,,,,,,,
RLM,Potentially Toxic Cyanobacteria Biovolume,2024-03-04 09:40:00.000+10:00,0.664,mm3/l,,,,,,,,,
RLM,Pseudanabaena_Biovolume,2024-03-04 09:40:00.000+10:00,0.495,mm3/l,,,,,,,,,
RLM,Pseudanabaena_Cell count,2024-03-04 09:40:00.000+10:00,49501,cells/ml,,,,,,,,,
RLM,Raphidiopsis raciborskii_Biovolume,2024-03-04 09:40:00.000+10:00,0.606,mm3/l,,,,,,,,,
RLM,Raphidiopsis raciborskii_Cell count,2024-03-04 09:40:00.000+10:00,20659,cells/ml,,,,,,,,,
RLM,Total Cyanobacteria,2024-03-04 09:40:00.000+10:00,322200,cells/ml,,,,,,,,,
RLE,7-deoxy-Cylindrospermopsin(extracellular),2024-03-04 09:25:00.000+10:00,0.4,ug/l,,,,,,,,,
RLE,7-deoxy-Cylindrospermopsin(intracellular),2024-03-04 09:25:00.000+10:00,0.3,ug/l,,,,,,,,,
RLE,7-deoxy-Cylindrospermopsin(total),2024-03-04 09:25:00.000+10:00,0.7,ug/l,,,,,,,,,
RLE,7-desmethyl Microcystin-LR(extracellular),2024-03-04 09:25:00.000+10:00,2,ug/l,,,,,,,,,
RLE,7-desmethyl Microcystin-LR(intracellular),2024-03-04 09:25:00.000+10:00,2,ug/l,,,,,,,,,
RLE,7-desmethyl Microcystin-LR(total),2024-03-04 09:25:00.000+10:00,2,ug/l,,,,,,,,,
RLE,7-Epi-Cylindrospermopsin(extracellular),2024-03-04 09:25:00.000+10:00,0.1,ug/l,,,,,,,,,
RLE,7-Epi-Cylindrospermopsin(intracellular),2024-03-04 09:25:00.000+10:00,0.1,ug/l,,,,,,,,,
RLE,7-Epi-Cylindrospermopsin(total),2024-03-04 09:25:00.000+10:00,0.1,ug/l,,,,,,,,,
RLE,Anatoxin-a(extracellular),2024-03-04 09:25:00.000+10:00,0.1,ug/l,,,,,,,,,
RLE,Anatoxin-a(intracellular),2024-03-04 09:25:00.000+10:00,0.1,ug/l,,,,,,,,,
RLE,Anatoxin-a(total),2024-03-04 09:25:00.000+10:00,0.1,ug/l,,,,,,,,,
RLE,Chlorophyll - a,2024-03-04 09:25:00.000+10:00,13.8,mg/m^3,,,,,,,,,
RLE,Coccoid Blue Green Picoplankton_Biovolume,2024-03-04 09:25:00.000+10:00,0.086,mm3/l,,,,,,,,,
RLE,Coccoid Blue Green Picoplankton_Cell count,2024-03-04 09:25:00.000+10:00,192435,cells/ml,,,,,,,,,
RLE,Cyanobacteria Biovolume,2024-03-04 09:25:00.000+10:00,1.66,mm3/l,,,,,,,,,
RLE,Cylindrospermopsin (extracellular),2024-03-04 09:25:00.000+10:00,0.09,ug/l,,,,,,,,,
RLE,Cylindrospermopsin (intracellular),2024-03-04 09:25:00.000+10:00,0.07,ug/l,,,,,,,,,
RLE,Cylindrospermopsin(total),2024-03-04 09:25:00.000+10:00,0.16,ug/l,,,,,,,,,
RLE,Enterococci,2024-03-04 09:25:00.000+10:00,1,cfu/100ml,,,,,,,,,
RLE,Microcystin LR(extracellular),2024-03-04 09:25:00.000+10:00,0.05,ug/l,,,,,,,,,
RLE,Microcystin LR(intracellular),2024-03-04 09:25:00.000+10:00,0.05,ug/l,,,,,,,,,
RLE,Microcystin LR(total),2024-03-04 09:25:00.000+10:00,0.05,ug/l,,,,,,,,,
RLE,Microcystin RR(extracellular),2024-03-04 09:25:00.000+10:00,0.05,ug/l,,,,,,,,,
RLE,Microcystin RR(intracellular),2024-03-04 09:25:00.000+10:00,0.05,ug/l,,,,,,,,,
RLE,Microcystin RR(total),2024-03-04 09:25:00.000+10:00,0.05,ug/l,,,,,,,,,
RLE,Microcystin YR(extracellular),2024-03-04 09:25:00.000+10:00,0.05,ug/l,,,,,,,,,
RLE,Microcystin YR(intracellular),2024-03-04 09:25:00.000+10:00,0.05,ug/l,,,,,,,,,
RLE,Microcystin YR(total),2024-03-04 09:25:00.000+10:00,0.05,ug/l,,,,,,,,,
RLE,Microcystin-LA(extracellular),2024-03-04 09:25:00.000+10:00,0.5,ug/l,,,,,,,,,
RLE,Microcystin-LA(intracellular),2024-03-04 09:25:00.000+10:00,0.5,ug/l,,,,,,,,,
RLE,Microcystin-LA(total),2024-03-04 09:25:00.000+10:00,0.5,ug/l,,,,,,,,,
RLE,Microcystin-LF(extracellular),2024-03-04 09:25:00.000+10:00,1,ug/l,,,,,,,,,
RLE,Microcystin-LF(intracellular),2024-03-04 09:25:00.000+10:00,1,ug/l,,,,,,,,,
RLE,Microcystin-LF(total),2024-03-04 09:25:00.000+10:00,1,ug/l,,,,,,,,,
RLE,Microcystin-LW(extracellular),2024-03-04 09:25:00.000+10:00,1,ug/l,,,,,,,,,
RLE,Microcystin-LW(intracellular),2024-03-04 09:25:00.000+10:00,1,ug/l,,,,,,,,,
RLE,Microcystin-LW(total),2024-03-04 09:25:00.000+10:00,1,ug/l,,,,,,,,,
RLE,Microcystin-LY(extracellular),2024-03-04 09:25:00.000+10:00,0.5,ug/l,,,,,,,,,
RLE,Microcystin-LY(intracellular),2024-03-04 09:25:00.000+10:00,0.5,ug/l,,,,,,,,,
RLE,Microcystin-LY(total),2024-03-04 09:25:00.000+10:00,0.5,ug/l,,,,,,,,,
RLE,Microcystis_Biovolume,2024-03-04 09:25:00.000+10:00,0.014,mm3/l,,,,,,,,,
RLE,Microcystis_Cell count,2024-03-04 09:25:00.000+10:00,510,cells/ml,,,,,,,,,
RLE,Nodularin (extracellular),2024-03-04 09:25:00.000+10:00,0.1,ug/l,,,,,,,,,
RLE,Nodularin (intracellular),2024-03-04 09:25:00.000+10:00,0.1,ug/l,,,,,,,,,
RLE,Nodularin (total),2024-03-04 09:25:00.000+10:00,0.1,ug/l,,,,,,,,,
RLE,Planktolyngbya_Biovolume,2024-03-04 09:25:00.000+10:00,0.101,mm3/l,,,,,,,,,
RLE,Planktolyngbya_Cell count,2024-03-04 09:25:00.000+10:00,42406,cells/ml,,,,,,,,,
RLE,Potentially Toxic Cyanobacteria,2024-03-04 09:25:00.000+10:00,25930,cells/ml,,,,,,,,,
RLE,Potentially Toxic Cyanobacteria Biovolume,2024-03-04 09:25:00.000+10:00,0.759,mm3/l,,,,,,,,,
RLE,Pseudanabaena_Biovolume,2024-03-04 09:25:00.000+10:00,0.715,mm3/l,,,,,,,,,
RLE,Pseudanabaena_Cell count,2024-03-04 09:25:00.000+10:00,71503,cells/ml,,,,,,,,,
RLE,Raphidiopsis raciborskii_Biovolume,2024-03-04 09:25:00.000+10:00,0.745,mm3/l,,,,,,,,,
RLE,Raphidiopsis raciborskii_Cell count,2024-03-04 09:25:00.000+10:00,25415,cells/ml,,,,,,,,,
RLE,Total Cyanobacteria,2024-03-04 09:25:00.000+10:00,332300,cells/ml,,,,,,,,,
RLW,7-deoxy-Cylindrospermopsin(extracellular),2024-02-26 11:35:00.000+10:00,0.6,ug/l,,,,,,,,,
RLW,7-deoxy-Cylindrospermopsin(intracellular),2024-02-26 11:35:00.000+10:00,0.1,ug/l,,,,,,,,,
RLW,7-deoxy-Cylindrospermopsin(total),2024-02-26 11:35:00.000+10:00,0.6,ug/l,,,,,,,,,
RLW,7-desmethyl Microcystin-LR(extracellular),2024-02-26 11:35:00.000+10:00,2,ug/l,,,,,,,,,
RLW,7-desmethyl Microcystin-LR(intracellular),2024-02-26 11:35:00.000+10:00,2,ug/l,,,,,,,,,
RLW,7-desmethyl Microcystin-LR(total),2024-02-26 11:35:00.000+10:00,2,ug/l,,,,,,,,,
RLW,7-Epi-Cylindrospermopsin(extracellular),2024-02-26 11:35:00.000+10:00,0.1,ug/l,,,,,,,,,
RLW,7-Epi-Cylindrospermopsin(intracellular),2024-02-26 11:35:00.000+10:00,0.1,ug/l,,,,,,,,,
RLW,7-Epi-Cylindrospermopsin(total),2024-02-26 11:35:00.000+10:00,0.1,ug/l,,,,,,,,,
RLW,Anatoxin-a(extracellular),2024-02-26 11:35:00.000+10:00,0.1,ug/l,,,,,,,,,
RLW,Anatoxin-a(intracellular),2024-02-26 11:35:00.000+10:00,0.1,ug/l,,,,,,,,,
RLW,Anatoxin-a(total),2024-02-26 11:35:00.000+10:00,0.1,ug/l,,,,,,,,,
RLW,Coccoid Blue Green Picoplankton_Biovolume,2024-02-26 11:35:00.000+10:00,0.012,mm3/l,,,,,,,,,
RLW,Coccoid Blue Green Picoplankton_Cell count,2024-02-26 11:35:00.000+10:00,28021,cells/ml,,,,,,,,,
RLW,Cyanobacteria Biovolume,2024-02-26 11:35:00.000+10:00,1.32,mm3/l,,,,,,,,,
RLW,Cylindrospermopsin (extracellular),2024-02-26 11:35:00.000+10:00,0.05,ug/l,,,,,,,,,
RLW,Cylindrospermopsin (intracellular),2024-02-26 11:35:00.000+10:00,0.05,ug/l,,,,,,,,,
RLW,Cylindrospermopsin(total),2024-02-26 11:35:00.000+10:00,0.05,ug/l,,,,,,,,,
RLW,Microcystin LR(extracellular),2024-02-26 11:35:00.000+10:00,0.05,ug/l,,,,,,,,,
RLW,Microcystin LR(intracellular),2024-02-26 11:35:00.000+10:00,0.27,ug/l,,,,,,,,,
RLW,Microcystin LR(total),2024-02-26 11:35:00.000+10:00,0.27,ug/l,,,,,,,,,
RLW,Microcystin RR(extracellular),2024-02-26 11:35:00.000+10:00,0.05,ug/l,,,,,,,,,
RLW,Microcystin RR(intracellular),2024-02-26 11:35:00.000+10:00,0.05,ug/l,,,,,,,,,
RLW,Microcystin RR(total),2024-02-26 11:35:00.000+10:00,0.05,ug/l,,,,,,,,,
RLW,Microcystin YR(extracellular),2024-02-26 11:35:00.000+10:00,0.05,ug/l,,,,,,,,,
RLW,Microcystin YR(intracellular),2024-02-26 11:35:00.000+10:00,0.05,ug/l,,,,,,,,,
RLW,Microcystin YR(total),2024-02-26 11:35:00.000+10:00,0.05,ug/l,,,,,,,,,
RLW,Microcystin-LA(extracellular),2024-02-26 11:35:00.000+10:00,0.5,ug/l,,,,,,,,,
RLW,Microcystin-LA(intracellular),2024-02-26 11:35:00.000+10:00,0.5,ug/l,,,,,,,,,
RLW,Microcystin-LA(total),2024-02-26 11:35:00.000+10:00,0.5,ug/l,,,,,,,,,
RLW,Microcystin-LF(extracellular),2024-02-26 11:35:00.000+10:00,1,ug/l,,,,,,,,,
RLW,Microcystin-LF(intracellular),2024-02-26 11:35:00.000+10:00,1,ug/l,,,,,,,,,
RLW,Microcystin-LF(total),2024-02-26 11:35:00.000+10:00,1,ug/l,,,,,,,,,
RLW,Microcystin-LW(extracellular),2024-02-26 11:35:00.000+10:00,1,ug/l,,,,,,,,,
RLW,Microcystin-LW(intracellular),2024-02-26 11:35:00.000+10:00,1,ug/l,,,,,,,,,
RLW,Microcystin-LW(total),2024-02-26 11:35:00.000+10:00,1,ug/l,,,,,,,,,
RLW,Microcystin-LY(extracellular),2024-02-26 11:35:00.000+10:00,0.5,ug/l,,,,,,,,,
RLW,Microcystin-LY(intracellular),2024-02-26 11:35:00.000+10:00,0.5,ug/l,,,,,,,,,
RLW,Microcystin-LY(total),2024-02-26 11:35:00.000+10:00,0.5,ug/l,,,,,,,,,
RLW,Microcystis_Biovolume,2024-02-26 11:35:00.000+10:00,0.056,mm3/l,,,,,,,,,
RLW,Microcystis_Cell count,2024-02-26 11:35:00.000+10:00,2041,cells/ml,,,,,,,,,
RLW,Nodularin (extracellular),2024-02-26 11:35:00.000+10:00,0.1,ug/l,,,,,,,,,
RLW,Nodularin (intracellular),2024-02-26 11:35:00.000+10:00,0.1,ug/l,,,,,,,,,
RLW,Nodularin (total),2024-02-26 11:35:00.000+10:00,0.1,ug/l,,,,,,,,,
RLW,Planktolyngbya_Biovolume,2024-02-26 11:35:00.000+10:00,0.003,mm3/l,,,,,,,,,
RLW,Planktolyngbya_Cell count,2024-02-26 11:35:00.000+10:00,1361,cells/ml,,,,,,,,,
RLW,Potentially Toxic Cyanobacteria,2024-02-26 11:35:00.000+10:00,42330,cells/ml,,,,,,,,,
RLW,Potentially Toxic Cyanobacteria Biovolume,2024-02-26 11:35:00.000+10:00,1.24,mm3/l,,,,,,,,,
RLW,Pseudanabaena_Biovolume,2024-02-26 11:35:00.000+10:00,0.07,mm3/l,,,,,,,,,
RLW,Pseudanabaena_Cell count,2024-02-26 11:35:00.000+10:00,7077,cells/ml,,,,,,,,,
RLW,Raphidiopsis raciborskii_Biovolume,2024-02-26 11:35:00.000+10:00,1.181,mm3/l,,,,,,,,,
RLW,Raphidiopsis raciborskii_Cell count,2024-02-26 11:35:00.000+10:00,40290,cells/ml,,,,,,,,,
RLW,Total Cyanobacteria,2024-02-26 11:35:00.000+10:00,78790,cells/ml,,,,,,,,,
RLM,7-deoxy-Cylindrospermopsin(extracellular),2024-02-26 11:25:00.000+10:00,0.6,ug/l,,,,,,,,,
RLM,7-deoxy-Cylindrospermopsin(intracellular),2024-02-26 11:25:00.000+10:00,0.1,ug/l,,,,,,,,,
RLM,7-deoxy-Cylindrospermopsin(total),2024-02-26 11:25:00.000+10:00,0.7,ug/l,,,,,,,,,
RLM,7-desmethyl Microcystin-LR(extracellular),2024-02-26 11:25:00.000+10:00,2,ug/l,,,,,,,,,
RLM,7-desmethyl Microcystin-LR(intracellular),2024-02-26 11:25:00.000+10:00,2,ug/l,,,,,,,,,
RLM,7-desmethyl Microcystin-LR(total),2024-02-26 11:25:00.000+10:00,2,ug/l,,,,,,,,,
RLM,7-Epi-Cylindrospermopsin(extracellular),2024-02-26 11:25:00.000+10:00,0.1,ug/l,,,,,,,,,
RLM,7-Epi-Cylindrospermopsin(intracellular),2024-02-26 11:25:00.000+10:00,0.1,ug/l,,,,,,,,,
RLM,7-Epi-Cylindrospermopsin(total),2024-02-26 11:25:00.000+10:00,0.1,ug/l,,,,,,,,,
RLM,Anatoxin-a(extracellular),2024-02-26 11:25:00.000+10:00,0.1,ug/l,,,,,,,,,
RLM,Anatoxin-a(intracellular),2024-02-26 11:25:00.000+10:00,0.1,ug/l,,,,,,,,,
RLM,Anatoxin-a(total),2024-02-26 11:25:00.000+10:00,0.1,ug/l,,,,,,,,,
RLM,Coccoid Blue Green Picoplankton_Biovolume,2024-02-26 11:25:00.000+10:00,0.02,mm3/l,,,,,,,,,
RLM,Coccoid Blue Green Picoplankton_Cell count,2024-02-26 11:25:00.000+10:00,44536,cells/ml,,,,,,,,,
RLM,Cyanobacteria Biovolume,2024-02-26 11:25:00.000+10:00,1.04,mm3/l,,,,,,,,,
RLM,Cylindrospermopsin (extracellular),2024-02-26 11:25:00.000+10:00,0.11,ug/l,,,,,,,,,
RLM,Cylindrospermopsin (intracellular),2024-02-26 11:25:00.000+10:00,0.05,ug/l,,,,,,,,,
RLM,Cylindrospermopsin(total),2024-02-26 11:25:00.000+10:00,0.12,ug/l,,,,,,,,,
RLM,Microcystin LR(extracellular),2024-02-26 11:25:00.000+10:00,0.05,ug/l,,,,,,,,,
RLM,Microcystin LR(intracellular),2024-02-26 11:25:00.000+10:00,0.05,ug/l,,,,,,,,,
RLM,Microcystin LR(total),2024-02-26 11:25:00.000+10:00,0.05,ug/l,,,,,,,,,
RLM,Microcystin RR(extracellular),2024-02-26 11:25:00.000+10:00,0.05,ug/l,,,,,,,,,
RLM,Microcystin RR(intracellular),2024-02-26 11:25:00.000+10:00,0.05,ug/l,,,,,,,,,
RLM,Microcystin RR(total),2024-02-26 11:25:00.000+10:00,0.05,ug/l,,,,,,,,,
RLM,Microcystin YR(extracellular),2024-02-26 11:25:00.000+10:00,0.05,ug/l,,,,,,,,,
RLM,Microcystin YR(intracellular),2024-02-26 11:25:00.000+10:00,0.05,ug/l,,,,,,,,,
RLM,Microcystin YR(total),2024-02-26 11:25:00.000+10:00,0.05,ug/l,,,,,,,,,
RLM,Microcystin-LA(extracellular),2024-02-26 11:25:00.000+10:00,0.5,ug/l,,,,,,,,,
RLM,Microcystin-LA(intracellular),2024-02-26 11:25:00.000+10:00,0.5,ug/l,,,,,,,,,
RLM,Microcystin-LA(total),2024-02-26 11:25:00.000+10:00,0.5,ug/l,,,,,,,,,
RLM,Microcystin-LF(extracellular),2024-02-26 11:25:00.000+10:00,1,ug/l,,,,,,,,,
RLM,Microcystin-LF(intracellular),2024-02-26 11:25:00.000+10:00,1,ug/l,,,,,,,,,
RLM,Microcystin-LF(total),2024-02-26 11:25:00.000+10:00,1,ug/l,,,,,,,,,
RLM,Microcystin-LW(extracellular),2024-02-26 11:25:00.000+10:00,1,ug/l,,,,,,,,,
RLM,Microcystin-LW(intracellular),2024-02-26 11:25:00.000+10:00,1,ug/l,,,,,,,,,
RLM,Microcystin-LW(total),2024-02-26 11:25:00.000+10:00,1,ug/l,,,,,,,,,
RLM,Microcystin-LY(extracellular),2024-02-26 11:25:00.000+10:00,0.5,ug/l,,,,,,,,,
RLM,Microcystin-LY(intracellular),2024-02-26 11:25:00.000+10:00,0.5,ug/l,,,,,,,,,
RLM,Microcystin-LY(total),2024-02-26 11:25:00.000+10:00,0.5,ug/l,,,,,,,,,
RLM,Nodularin (extracellular),2024-02-26 11:25:00.000+10:00,0.1,ug/l,,,,,,,,,
RLM,Nodularin (intracellular),2024-02-26 11:25:00.000+10:00,0.1,ug/l,,,,,,,,,
RLM,Nodularin (total),2024-02-26 11:25:00.000+10:00,0.1,ug/l,,,,,,,,,
RLM,Planktolyngbya_Biovolume,2024-02-26 11:25:00.000+10:00,0.002,mm3/l,,,,,,,,,
RLM,Planktolyngbya_Cell count,2024-02-26 11:25:00.000+10:00,1157,cells/ml,,,,,,,,,
RLM,Potentially Toxic Cyanobacteria,2024-02-26 11:25:00.000+10:00,32900,cells/ml,,,,,,,,,
RLM,Potentially Toxic Cyanobacteria Biovolume,2024-02-26 11:25:00.000+10:00,0.965,mm3/l,,,,,,,,,
RLM,Pseudanabaena_Biovolume,2024-02-26 11:25:00.000+10:00,0.053,mm3/l,,,,,,,,,
RLM,Pseudanabaena_Cell count,2024-02-26 11:25:00.000+10:00,5322,cells/ml,,,,,,,,,
RLM,Raphidiopsis raciborskii_Biovolume,2024-02-26 11:25:00.000+10:00,0.965,mm3/l,,,,,,,,,
RLM,Raphidiopsis raciborskii_Cell count,2024-02-26 11:25:00.000+10:00,32895,cells/ml,,,,,,,,,
RLM,Total Cyanobacteria,2024-02-26 11:25:00.000+10:00,83910,cells/ml,,,,,,,,,
RLE,7-deoxy-Cylindrospermopsin(extracellular),2024-02-26 11:15:00.000+10:00,0.6,ug/l,,,,,,,,,
RLE,7-deoxy-Cylindrospermopsin(intracellular),2024-02-26 11:15:00.000+10:00,0.1,ug/l,,,,,,,,,
RLE,7-deoxy-Cylindrospermopsin(total),2024-02-26 11:15:00.000+10:00,0.6,ug/l,,,,,,,,,
RLE,7-desmethyl Microcystin-LR(extracellular),2024-02-26 11:15:00.000+10:00,2,ug/l,,,,,,,,,
RLE,7-desmethyl Microcystin-LR(intracellular),2024-02-26 11:15:00.000+10:00,2,ug/l,,,,,,,,,
RLE,7-desmethyl Microcystin-LR(total),2024-02-26 11:15:00.000+10:00,2,ug/l,,,,,,,,,
RLE,7-Epi-Cylindrospermopsin(extracellular),2024-02-26 11:15:00.000+10:00,0.1,ug/l,,,,,,,,,
RLE,7-Epi-Cylindrospermopsin(intracellular),2024-02-26 11:15:00.000+10:00,0.1,ug/l,,,,,,,,,
RLE,7-Epi-Cylindrospermopsin(total),2024-02-26 11:15:00.000+10:00,0.1,ug/l,,,,,,,,,
RLE,Anatoxin-a(extracellular),2024-02-26 11:15:00.000+10:00,0.1,ug/l,,,,,,,,,
RLE,Anatoxin-a(intracellular),2024-02-26 11:15:00.000+10:00,0.1,ug/l,,,,,,,,,
RLE,Anatoxin-a(total),2024-02-26 11:15:00.000+10:00,0.1,ug/l,,,,,,,,,
RLE,Coccoid Blue Green Picoplankton_Biovolume,2024-02-26 11:15:00.000+10:00,0.009,mm3/l,,,,,,,,,
RLE,Coccoid Blue Green Picoplankton_Cell count,2024-02-26 11:15:00.000+10:00,20142,cells/ml,,,,,,,,,
RLE,Cyanobacteria Biovolume,2024-02-26 11:15:00.000+10:00,1.22,mm3/l,,,,,,,,,
RLE,Cylindrospermopsin (extracellular),2024-02-26 11:15:00.000+10:00,0.1,ug/l,,,,,,,,,
RLE,Cylindrospermopsin (intracellular),2024-02-26 11:15:00.000+10:00,0.05,ug/l,,,,,,,,,
RLE,Cylindrospermopsin(total),2024-02-26 11:15:00.000+10:00,0.1,ug/l,,,,,,,,,
RLE,Microcystin LR(extracellular),2024-02-26 11:15:00.000+10:00,0.05,ug/l,,,,,,,,,
RLE,Microcystin LR(intracellular),2024-02-26 11:15:00.000+10:00,0.1,ug/l,,,,,,,,,
RLE,Microcystin LR(total),2024-02-26 11:15:00.000+10:00,0.1,ug/l,,,,,,,,,
RLE,Microcystin RR(extracellular),2024-02-26 11:15:00.000+10:00,0.05,ug/l,,,,,,,,,
RLE,Microcystin RR(intracellular),2024-02-26 11:15:00.000+10:00,0.05,ug/l,,,,,,,,,
RLE,Microcystin RR(total),2024-02-26 11:15:00.000+10:00,0.05,ug/l,,,,,,,,,
RLE,Microcystin YR(extracellular),2024-02-26 11:15:00.000+10:00,0.05,ug/l,,,,,,,,,
RLE,Microcystin YR(intracellular),2024-02-26 11:15:00.000+10:00,0.05,ug/l,,,,,,,,,
RLE,Microcystin YR(total),2024-02-26 11:15:00.000+10:00,0.05,ug/l,,,,,,,,,
RLE,Microcystin-LA(extracellular),2024-02-26 11:15:00.000+10:00,0.5,ug/l,,,,,,,,,
RLE,Microcystin-LA(intracellular),2024-02-26 11:15:00.000+10:00,0.5,ug/l,,,,,,,,,
RLE,Microcystin-LA(total),2024-02-26 11:15:00.000+10:00,0.5,ug/l,,,,,,,,,
RLE,Microcystin-LF(extracellular),2024-02-26 11:15:00.000+10:00,1,ug/l,,,,,,,,,
RLE,Microcystin-LF(intracellular),2024-02-26 11:15:00.000+10:00,1,ug/l,,,,,,,,,
RLE,Microcystin-LF(total),2024-02-26 11:15:00.000+10:00,1,ug/l,,,,,,,,,
RLE,Microcystin-LW(extracellular),2024-02-26 11:15:00.000+10:00,1,ug/l,,,,,,,,,
RLE,Microcystin-LW(intracellular),2024-02-26 11:15:00.000+10:00,1,ug/l,,,,,,,,,
RLE,Microcystin-LW(total),2024-02-26 11:15:00.000+10:00,1,ug/l,,,,,,,,,
RLE,Microcystin-LY(extracellular),2024-02-26 11:15:00.000+10:00,0.5,ug/l,,,,,,,,,
RLE,Microcystin-LY(intracellular),2024-02-26 11:15:00.000+10:00,0.5,ug/l,,,,,,,,,
RLE,Microcystin-LY(total),2024-02-26 11:15:00.000+10:00,0.5,ug/l,,,,,,,,,
RLE,Nodularin (extracellular),2024-02-26 11:15:00.000+10:00,0.1,ug/l,,,,,,,,,
RLE,Nodularin (intracellular),2024-02-26 11:15:00.000+10:00,0.1,ug/l,,,,,,,,,
RLE,Nodularin (total),2024-02-26 11:15:00.000+10:00,0.1,ug/l,,,,,,,,,
RLE,Potentially Toxic Cyanobacteria,2024-02-26 11:15:00.000+10:00,38210,cells/ml,,,,,,,,,
RLE,Potentially Toxic Cyanobacteria Biovolume,2024-02-26 11:15:00.000+10:00,1.14,mm3/l,,,,,,,,,
RLE,Pseudanabaena_Biovolume,2024-02-26 11:15:00.000+10:00,0.071,mm3/l,,,,,,,,,
RLE,Pseudanabaena_Cell count,2024-02-26 11:15:00.000+10:00,7145,cells/ml,,,,,,,,,
RLE,Raphidiopsis raciborskii_Biovolume,2024-02-26 11:15:00.000+10:00,1.105,mm3/l,,,,,,,,,
RLE,Raphidiopsis raciborskii_Cell count,2024-02-26 11:15:00.000+10:00,37680,cells/ml,,,,,,,,,
RLE,Total Cyanobacteria,2024-02-26 11:15:00.000+10:00,65490,cells/ml,,,,,,,,,
RLE,Umezakia ovalisporum_Biovolume,2024-02-26 11:15:00.000+10:00,0.033,mm3/l,,,,,,,,,
RLE,Umezakia ovalisporum_Cell count,2024-02-26 11:15:00.000+10:00,527,cells/ml,,,,,,,,,
RLW,Ammonia as N,2024-02-19 12:00:00.000+10:00,0.09,mg/L,0.01,,,,,,,,
RLM,Ammonia as N,2024-02-19 12:00:00.000+10:00,0.13,mg/L,0.01,,,,,,,,
RLE,Ammonia as N,2024-02-19 12:00:00.000+10:00,0.13,mg/L,0.01,,,,,,,,
RLE,Dissolved Reactive Phosphorus as P,2024-02-19 12:00:00.000+10:00,,mg/L,0.01,,,,,,,,
RLW,Dissolved Reactive Phosphorus as P,2024-02-19 12:00:00.000+10:00,,mg/L,0.01,,,,,,,,
RLM,Dissolved Reactive Phosphorus as P,2024-02-19 12:00:00.000+10:00,,mg/L,0.01,,,,,,,,
RLW,Nitrate as N,2024-02-19 12:00:00.000+10:00,,mg/L,0.01,,,,,,,,
RLE,Nitrate as N,2024-02-19 12:00:00.000+10:00,,mg/L,0.01,,,,,,,,
RLM,Nitrate as N,2024-02-19 12:00:00.000+10:00,,mg/L,0.01,,,,,,,,
RLE,Nitrite + Nitrate as N,2024-02-19 12:00:00.000+10:00,,mg/L,0.01,,,,,,,,
RLW,Nitrite + Nitrate as N,2024-02-19 12:00:00.000+10:00,,mg/L,0.01,,,,,,,,
RLM,Nitrite + Nitrate as N,2024-02-19 12:00:00.000+10:00,,mg/L,0.01,,,,,,,,
RLM,Nitrite as N,2024-02-19 12:00:00.000+10:00,,mg/L,0.01,,,,,,,,
RLW,Nitrite as N,2024-02-19 12:00:00.000+10:00,,mg/L,0.01,,,,,,,,
RLE,Nitrite as N,2024-02-19 12:00:00.000+10:00,,mg/L,0.01,,,,,,,,
RLW,Total Kjeldahl Nitrogen as N,2024-02-19 12:00:00.000+10:00,0.8,mg/L,0.1,,,,,,,,
RLM,Total Kjeldahl Nitrogen as N,2024-02-19 12:00:00.000+10:00,0.7,mg/L,0.1,,,,,,,,
RLE,Total Kjeldahl Nitrogen as N,2024-02-19 12:00:00.000+10:00,0.8,mg/L,0.1,,,,,,,,
RLM,Total Nitrogen as N,2024-02-19 12:00:00.000+10:00,0.7,mg/L,0.1,,,,,,,,
RLE,Total Nitrogen as N,2024-02-19 12:00:00.000+10:00,0.8,mg/L,0.1,,,,,,,,
RLW,Total Nitrogen as N,2024-02-19 12:00:00.000+10:00,0.8,mg/L,0.1,,,,,,,,
RLM,Total Phosphorus as P,2024-02-19 12:00:00.000+10:00,0.04,mg/L,0.01,,,,,,,,
RLE,Total Phosphorus as P,2024-02-19 12:00:00.000+10:00,0.05,mg/L,0.01,,,,,,,,
RLW,Total Phosphorus as P,2024-02-19 12:00:00.000+10:00,0.04,mg/L,0.01,,,,,,,,
RLM,Total suspended solids,2024-02-19 12:00:00.000+10:00,,mg/L,5,,,,,,,,
RLE,Total suspended solids,2024-02-19 12:00:00.000+10:00,,mg/L,5,,,,,,,,
RLW,Total suspended solids,2024-02-19 12:00:00.000+10:00,,mg/L,5,,,,,,,,
RLW,7-deoxy-Cylindrospermopsin(extracellular),2024-02-19 07:30:00.000+10:00,0.6,ug/l,,,,,,,,,
RLW,7-deoxy-Cylindrospermopsin(intracellular),2024-02-19 07:30:00.000+10:00,0.1,ug/l,,,,,,,,,
RLW,7-deoxy-Cylindrospermopsin(total),2024-02-19 07:30:00.000+10:00,0.6,ug/l,,,,,,,,,
RLW,7-desmethyl Microcystin-LR(extracellular),2024-02-19 07:30:00.000+10:00,2,ug/l,,,,,,,,,
RLW,7-desmethyl Microcystin-LR(intracellular),2024-02-19 07:30:00.000+10:00,2,ug/l,,,,,,,,,
RLW,7-desmethyl Microcystin-LR(total),2024-02-19 07:30:00.000+10:00,2,ug/l,,,,,,,,,
RLW,7-Epi-Cylindrospermopsin(extracellular),2024-02-19 07:30:00.000+10:00,0.1,ug/l,,,,,,,,,
RLW,7-Epi-Cylindrospermopsin(intracellular),2024-02-19 07:30:00.000+10:00,0.1,ug/l,,,,,,,,,
RLW,7-Epi-Cylindrospermopsin(total),2024-02-19 07:30:00.000+10:00,0.1,ug/l,,,,,,,,,
RLW,Anatoxin-a(extracellular),2024-02-19 07:30:00.000+10:00,0.1,ug/l,,,,,,,,,
RLW,Anatoxin-a(intracellular),2024-02-19 07:30:00.000+10:00,0.1,ug/l,,,,,,,,,
RLW,Anatoxin-a(total),2024-02-19 07:30:00.000+10:00,0.1,ug/l,,,,,,,,,
RLW,Chlorophyll - a,2024-02-19 07:30:00.000+10:00,21.4,mg/m^3,,,,,,,,,
RLW,Coccoid Blue Green Picoplankton_Biovolume,2024-02-19 07:30:00.000+10:00,0.017,mm3/l,,,,,,,,,
RLW,Coccoid Blue Green Picoplankton_Cell count,2024-02-19 07:30:00.000+10:00,37766,cells/ml,,,,,,,,,
RLW,Cyanobacteria Biovolume,2024-02-19 07:30:00.000+10:00,4.64,mm3/l,,,,,,,,,
RLW,Cylindrospermopsin (extracellular),2024-02-19 07:30:00.000+10:00,0.13,ug/l,,,,,,,,,
RLW,Cylindrospermopsin (intracellular),2024-02-19 07:30:00.000+10:00,0.05,ug/l,,,,,,,,,
RLW,Cylindrospermopsin(total),2024-02-19 07:30:00.000+10:00,0.14,ug/l,,,,,,,,,
RLW,Enterococci,2024-02-19 07:30:00.000+10:00,22,cfu/100ml,,,,,,,,,
RLW,Microcystin LR(extracellular),2024-02-19 07:30:00.000+10:00,0.05,ug/l,,,,,,,,,
RLW,Microcystin LR(intracellular),2024-02-19 07:30:00.000+10:00,0.98,ug/l,,,,,,,,,
RLW,Microcystin LR(total),2024-02-19 07:30:00.000+10:00,0.98,ug/l,,,,,,,,,
RLW,Microcystin RR(extracellular),2024-02-19 07:30:00.000+10:00,0.05,ug/l,,,,,,,,,
RLW,Microcystin RR(intracellular),2024-02-19 07:30:00.000+10:00,0.68,ug/l,,,,,,,,,
RLW,Microcystin RR(total),2024-02-19 07:30:00.000+10:00,0.68,ug/l,,,,,,,,,
RLW,Microcystin YR(extracellular),2024-02-19 07:30:00.000+10:00,0.05,ug/l,,,,,,,,,
RLW,Microcystin YR(intracellular),2024-02-19 07:30:00.000+10:00,0.11,ug/l,,,,,,,,,
RLW,Microcystin YR(total),2024-02-19 07:30:00.000+10:00,0.11,ug/l,,,,,,,,,
RLW,Microcystin-LA(extracellular),2024-02-19 07:30:00.000+10:00,0.5,ug/l,,,,,,,,,
RLW,Microcystin-LA(intracellular),2024-02-19 07:30:00.000+10:00,0.5,ug/l,,,,,,,,,
RLW,Microcystin-LA(total),2024-02-19 07:30:00.000+10:00,0.5,ug/l,,,,,,,,,
RLW,Microcystin-LF(extracellular),2024-02-19 07:30:00.000+10:00,1,ug/l,,,,,,,,,
RLW,Microcystin-LF(intracellular),2024-02-19 07:30:00.000+10:00,1,ug/l,,,,,,,,,
RLW,Microcystin-LF(total),2024-02-19 07:30:00.000+10:00,1,ug/l,,,,,,,,,
RLW,Microcystin-LW(extracellular),2024-02-19 07:30:00.000+10:00,1,ug/l,,,,,,,,,
RLW,Microcystin-LW(intracellular),2024-02-19 07:30:00.000+10:00,1,ug/l,,,,,,,,,
RLW,Microcystin-LW(total),2024-02-19 07:30:00.000+10:00,1,ug/l,,,,,,,,,
RLW,Microcystin-LY(extracellular),2024-02-19 07:30:00.000+10:00,0.5,ug/l,,,,,,,,,
RLW,Microcystin-LY(intracellular),2024-02-19 07:30:00.000+10:00,0.5,ug/l,,,,,,,,,
RLW,Microcystin-LY(total),2024-02-19 07:30:00.000+10:00,0.5,ug/l,,,,,,,,,
RLW,Microcystis_Biovolume,2024-02-19 07:30:00.000+10:00,0.465,mm3/l,,,,,,,,,
RLW,Microcystis_Cell count,2024-02-19 07:30:00.000+10:00,16739,cells/ml,,,,,,,,,
RLW,Nodularin (extracellular),2024-02-19 07:30:00.000+10:00,0.1,ug/l,,,,,,,,,
RLW,Nodularin (intracellular),2024-02-19 07:30:00.000+10:00,0.1,ug/l,,,,,,,,,
RLW,Nodularin (total),2024-02-19 07:30:00.000+10:00,0.1,ug/l,,,,,,,,,
RLW,Non toxic Aphanizomenonaceae_Biovolume,2024-02-19 07:30:00.000+10:00,0.024,mm3/l,,,,,,,,,
RLW,Non toxic Aphanizomenonaceae_Cell count,2024-02-19 07:30:00.000+10:00,544,cells/ml,,,,,,,,,
RLW,Planktolyngbya_Biovolume,2024-02-19 07:30:00.000+10:00,0.004,mm3/l,,,,,,,,,
RLW,Planktolyngbya_Cell count,2024-02-19 07:30:00.000+10:00,1769,cells/ml,,,,,,,,,
RLW,Potentially Toxic Cyanobacteria,2024-02-19 07:30:00.000+10:00,157600,cells/ml,,,,,,,,,
RLW,Potentially Toxic Cyanobacteria Biovolume,2024-02-19 07:30:00.000+10:00,4.6,mm3/l,,,,,,,,,
RLW,Raphidiopsis raciborskii_Biovolume,2024-02-19 07:30:00.000+10:00,4.131,mm3/l,,,,,,,,,
RLW,Raphidiopsis raciborskii_Cell count,2024-02-19 07:30:00.000+10:00,140842,cells/ml,,,,,,,,,
RLW,Total Cyanobacteria,2024-02-19 07:30:00.000+10:00,197700,cells/ml,,,,,,,,,
RLM,7-deoxy-Cylindrospermopsin(extracellular),2024-02-19 07:25:00.000+10:00,0.5,ug/l,,,,,,,,,
RLM,7-deoxy-Cylindrospermopsin(intracellular),2024-02-19 07:25:00.000+10:00,0.1,ug/l,,,,,,,,,
RLM,7-deoxy-Cylindrospermopsin(total),2024-02-19 07:25:00.000+10:00,0.5,ug/l,,,,,,,,,
RLM,7-desmethyl Microcystin-LR(extracellular),2024-02-19 07:25:00.000+10:00,2,ug/l,,,,,,,,,
RLM,7-desmethyl Microcystin-LR(intracellular),2024-02-19 07:25:00.000+10:00,2,ug/l,,,,,,,,,
RLM,7-desmethyl Microcystin-LR(total),2024-02-19 07:25:00.000+10:00,2,ug/l,,,,,,,,,
RLM,7-Epi-Cylindrospermopsin(extracellular),2024-02-19 07:25:00.000+10:00,0.1,ug/l,,,,,,,,,
RLM,7-Epi-Cylindrospermopsin(intracellular),2024-02-19 07:25:00.000+10:00,0.1,ug/l,,,,,,,,,
RLM,7-Epi-Cylindrospermopsin(total),2024-02-19 07:25:00.000+10:00,0.1,ug/l,,,,,,,,,
RLM,Anatoxin-a(extracellular),2024-02-19 07:25:00.000+10:00,0.1,ug/l,,,,,,,,,
RLM,Anatoxin-a(intracellular),2024-02-19 07:25:00.000+10:00,0.1,ug/l,,,,,,,,,
RLM,Anatoxin-a(total),2024-02-19 07:25:00.000+10:00,0.1,ug/l,,,,,,,,,
RLM,Chlorophyll - a,2024-02-19 07:25:00.000+10:00,19.2,mg/m^3,,,,,,,,,
RLM,Coccoid Blue Green Picoplankton_Biovolume,2024-02-19 07:25:00.000+10:00,0.011,mm3/l,,,,,,,,,
RLM,Coccoid Blue Green Picoplankton_Cell count,2024-02-19 07:25:00.000+10:00,26198,cells/ml,,,,,,,,,
RLM,Cyanobacteria Biovolume,2024-02-19 07:25:00.000+10:00,6.78,mm3/l,,,,,,,,,
RLM,Cylindrospermopsin (extracellular),2024-02-19 07:25:00.000+10:00,0.13,ug/l,,,,,,,,,
RLM,Cylindrospermopsin (intracellular),2024-02-19 07:25:00.000+10:00,0.05,ug/l,,,,,,,,,
RLM,Cylindrospermopsin(total),2024-02-19 07:25:00.000+10:00,0.14,ug/l,,,,,,,,,
RLM,Enterococci,2024-02-19 07:25:00.000+10:00,11,cfu/100ml,,,,,,,,,
RLM,Microcystin LR(extracellular),2024-02-19 07:25:00.000+10:00,0.05,ug/l,,,,,,,,,
RLM,Microcystin LR(intracellular),2024-02-19 07:25:00.000+10:00,0.8,ug/l,,,,,,,,,
RLM,Microcystin LR(total),2024-02-19 07:25:00.000+10:00,0.8,ug/l,,,,,,,,,
RLM,Microcystin RR(extracellular),2024-02-19 07:25:00.000+10:00,0.05,ug/l,,,,,,,,,
RLM,Microcystin RR(intracellular),2024-02-19 07:25:00.000+10:00,0.66,ug/l,,,,,,,,,
RLM,Microcystin RR(total),2024-02-19 07:25:00.000+10:00,0.66,ug/l,,,,,,,,,
RLM,Microcystin YR(extracellular),2024-02-19 07:25:00.000+10:00,0.05,ug/l,,,,,,,,,
RLM,Microcystin YR(intracellular),2024-02-19 07:25:00.000+10:00,0.08,ug/l,,,,,,,,,
RLM,Microcystin YR(total),2024-02-19 07:25:00.000+10:00,0.08,ug/l,,,,,,,,,
RLM,Microcystin-LA(extracellular),2024-02-19 07:25:00.000+10:00,0.5,ug/l,,,,,,,,,
RLM,Microcystin-LA(intracellular),2024-02-19 07:25:00.000+10:00,0.5,ug/l,,,,,,,,,
RLM,Microcystin-LA(total),2024-02-19 07:25:00.000+10:00,0.5,ug/l,,,,,,,,,
RLM,Microcystin-LF(extracellular),2024-02-19 07:25:00.000+10:00,1,ug/l,,,,,,,,,
RLM,Microcystin-LF(intracellular),2024-02-19 07:25:00.000+10:00,1,ug/l,,,,,,,,,
RLM,Microcystin-LF(total),2024-02-19 07:25:00.000+10:00,1,ug/l,,,,,,,,,
RLM,Microcystin-LW(extracellular),2024-02-19 07:25:00.000+10:00,1,ug/l,,,,,,,,,
RLM,Microcystin-LW(intracellular),2024-02-19 07:25:00.000+10:00,1,ug/l,,,,,,,,,
RLM,Microcystin-LW(total),2024-02-19 07:25:00.000+10:00,1,ug/l,,,,,,,,,
RLM,Microcystin-LY(extracellular),2024-02-19 07:25:00.000+10:00,0.5,ug/l,,,,,,,,,
RLM,Microcystin-LY(intracellular),2024-02-19 07:25:00.000+10:00,0.5,ug/l,,,,,,,,,
RLM,Microcystin-LY(total),2024-02-19 07:25:00.000+10:00,0.5,ug/l,,,,,,,,,
RLM,Microcystis_Biovolume,2024-02-19 07:25:00.000+10:00,2.607,mm3/l,,,,,,,,,
RLM,Microcystis_Cell count,2024-02-19 07:25:00.000+10:00,93741,cells/ml,,,,,,,,,
RLM,Nodularin (extracellular),2024-02-19 07:25:00.000+10:00,0.1,ug/l,,,,,,,,,
RLM,Nodularin (intracellular),2024-02-19 07:25:00.000+10:00,0.1,ug/l,,,,,,,,,
RLM,Nodularin (total),2024-02-19 07:25:00.000+10:00,0.1,ug/l,,,,,,,,,
RLM,Planktolyngbya_Biovolume,2024-02-19 07:25:00.000+10:00,0.009,mm3/l,,,,,,,,,
RLM,Planktolyngbya_Cell count,2024-02-19 07:25:00.000+10:00,3811,cells/ml,,,,,,,,,
RLM,Potentially Toxic Cyanobacteria,2024-02-19 07:25:00.000+10:00,234500,cells/ml,,,,,,,,,
RLM,Potentially Toxic Cyanobacteria Biovolume,2024-02-19 07:25:00.000+10:00,6.76,mm3/l,,,,,,,,,
RLM,Raphidiopsis raciborskii_Biovolume,2024-02-19 07:25:00.000+10:00,4.106,mm3/l,,,,,,,,,
RLM,Raphidiopsis raciborskii_Cell count,2024-02-19 07:25:00.000+10:00,139985,cells/ml,,,,,,,,,
RLM,Total Cyanobacteria,2024-02-19 07:25:00.000+10:00,264600,cells/ml,,,,,,,,,
RLM,Umezakia ovalisporum_Biovolume,2024-02-19 07:25:00.000+10:00,0.051,mm3/l,,,,,,,,,
RLM,Umezakia ovalisporum_Cell count,2024-02-19 07:25:00.000+10:00,817,cells/ml,,,,,,,,,
RLE,7-deoxy-Cylindrospermopsin(extracellular),2024-02-19 07:20:00.000+10:00,0.6,ug/l,,,,,,,,,
RLE,7-deoxy-Cylindrospermopsin(intracellular),2024-02-19 07:20:00.000+10:00,0.1,ug/l,,,,,,,,,
RLE,7-deoxy-Cylindrospermopsin(total),2024-02-19 07:20:00.000+10:00,0.6,ug/l,,,,,,,,,
RLE,7-desmethyl Microcystin-LR(extracellular),2024-02-19 07:20:00.000+10:00,2,ug/l,,,,,,,,,
RLE,7-desmethyl Microcystin-LR(intracellular),2024-02-19 07:20:00.000+10:00,2,ug/l,,,,,,,,,
RLE,7-desmethyl Microcystin-LR(total),2024-02-19 07:20:00.000+10:00,2,ug/l,,,,,,,,,
RLE,7-Epi-Cylindrospermopsin(extracellular),2024-02-19 07:20:00.000+10:00,0.1,ug/l,,,,,,,,,
RLE,7-Epi-Cylindrospermopsin(intracellular),2024-02-19 07:20:00.000+10:00,0.1,ug/l,,,,,,,,,
RLE,7-Epi-Cylindrospermopsin(total),2024-02-19 07:20:00.000+10:00,0.1,ug/l,,,,,,,,,
RLE,Anatoxin-a(extracellular),2024-02-19 07:20:00.000+10:00,0.1,ug/l,,,,,,,,,
RLE,Anatoxin-a(intracellular),2024-02-19 07:20:00.000+10:00,0.1,ug/l,,,,,,,,,
RLE,Anatoxin-a(total),2024-02-19 07:20:00.000+10:00,0.1,ug/l,,,,,,,,,
RLE,Chlorophyll - a,2024-02-19 07:20:00.000+10:00,22.6,mg/m^3,,,,,,,,,
RLE,Coccoid Blue Green Picoplankton_Biovolume,2024-02-19 07:20:00.000+10:00,0.002,mm3/l,,,,,,,,,
RLE,Coccoid Blue Green Picoplankton_Cell count,2024-02-19 07:20:00.000+10:00,5389,cells/ml,,,,,,,,,
RLE,Cyanobacteria Biovolume,2024-02-19 07:20:00.000+10:00,2.19,mm3/l,,,,,,,,,
RLE,Cylindrospermopsin (extracellular),2024-02-19 07:20:00.000+10:00,0.13,ug/l,,,,,,,,,
RLE,Cylindrospermopsin (intracellular),2024-02-19 07:20:00.000+10:00,0.05,ug/l,,,,,,,,,
RLE,Cylindrospermopsin(total),2024-02-19 07:20:00.000+10:00,0.13,ug/l,,,,,,,,,
RLE,Enterococci,2024-02-19 07:20:00.000+10:00,15,cfu/100ml,,,,,,,,,
RLE,Microcystin LR(extracellular),2024-02-19 07:20:00.000+10:00,0.05,ug/l,,,,,,,,,
RLE,Microcystin LR(intracellular),2024-02-19 07:20:00.000+10:00,0.16,ug/l,,,,,,,,,
RLE,Microcystin LR(total),2024-02-19 07:20:00.000+10:00,0.16,ug/l,,,,,,,,,
RLE,Microcystin RR(extracellular),2024-02-19 07:20:00.000+10:00,0.05,ug/l,,,,,,,,,
RLE,Microcystin RR(intracellular),2024-02-19 07:20:00.000+10:00,0.12,ug/l,,,,,,,,,
RLE,Microcystin RR(total),2024-02-19 07:20:00.000+10:00,0.12,ug/l,,,,,,,,,
RLE,Microcystin YR(extracellular),2024-02-19 07:20:00.000+10:00,0.05,ug/l,,,,,,,,,
RLE,Microcystin YR(intracellular),2024-02-19 07:20:00.000+10:00,0.05,ug/l,,,,,,,,,
RLE,Microcystin YR(total),2024-02-19 07:20:00.000+10:00,0.05,ug/l,,,,,,,,,
RLE,Microcystin-LA(extracellular),2024-02-19 07:20:00.000+10:00,0.5,ug/l,,,,,,,,,
RLE,Microcystin-LA(intracellular),2024-02-19 07:20:00.000+10:00,0.5,ug/l,,,,,,,,,
RLE,Microcystin-LA(total),2024-02-19 07:20:00.000+10:00,0.5,ug/l,,,,,,,,,
RLE,Microcystin-LF(extracellular),2024-02-19 07:20:00.000+10:00,1,ug/l,,,,,,,,,
RLE,Microcystin-LF(intracellular),2024-02-19 07:20:00.000+10:00,1,ug/l,,,,,,,,,
RLE,Microcystin-LF(total),2024-02-19 07:20:00.000+10:00,1,ug/l,,,,,,,,,
RLE,Microcystin-LW(extracellular),2024-02-19 07:20:00.000+10:00,1,ug/l,,,,,,,,,
RLE,Microcystin-LW(intracellular),2024-02-19 07:20:00.000+10:00,1,ug/l,,,,,,,,,
RLE,Microcystin-LW(total),2024-02-19 07:20:00.000+10:00,1,ug/l,,,,,,,,,
RLE,Microcystin-LY(extracellular),2024-02-19 07:20:00.000+10:00,0.5,ug/l,,,,,,,,,
RLE,Microcystin-LY(intracellular),2024-02-19 07:20:00.000+10:00,0.5,ug/l,,,,,,,,,
RLE,Microcystin-LY(total),2024-02-19 07:20:00.000+10:00,0.5,ug/l,,,,,,,,,
RLE,Microcystis_Biovolume,2024-02-19 07:20:00.000+10:00,0.037,mm3/l,,,,,,,,,
RLE,Microcystis_Cell count,2024-02-19 07:20:00.000+10:00,1347,cells/ml,,,,,,,,,
RLE,Nodularin (extracellular),2024-02-19 07:20:00.000+10:00,0.1,ug/l,,,,,,,,,
RLE,Nodularin (intracellular),2024-02-19 07:20:00.000+10:00,0.1,ug/l,,,,,,,,,
RLE,Nodularin (total),2024-02-19 07:20:00.000+10:00,0.1,ug/l,,,,,,,,,
RLE,Potentially Toxic Cyanobacteria,2024-02-19 07:20:00.000+10:00,74290,cells/ml,,,,,,,,,
RLE,Potentially Toxic Cyanobacteria Biovolume,2024-02-19 07:20:00.000+10:00,2.18,mm3/l,,,,,,,,,
RLE,Pseudanabaena_Biovolume,2024-02-19 07:20:00.000+10:00,0.011,mm3/l,,,,,,,,,
RLE,Pseudanabaena_Cell count,2024-02-19 07:20:00.000+10:00,1157,cells/ml,,,,,,,,,
RLE,Raphidiopsis raciborskii_Biovolume,2024-02-19 07:20:00.000+10:00,2.135,mm3/l,,,,,,,,,
RLE,Raphidiopsis raciborskii_Cell count,2024-02-19 07:20:00.000+10:00,72809,cells/ml,,,,,,,,,
RLE,Total Cyanobacteria,2024-02-19 07:20:00.000+10:00,80840,cells/ml,,,,,,,,,
RLE,Umezakia ovalisporum_Biovolume,2024-02-19 07:20:00.000+10:00,0.008,mm3/l,,,,,,,,,
RLE,Umezakia ovalisporum_Cell count,2024-02-19 07:20:00.000+10:00,136,cells/ml,,,,,,,,,
RLE,Ammonia as N,2024-02-09 12:00:00.000+11:00,0.02,mg/L,0.01,,,,,,,,
RLW,Ammonia as N,2024-02-09 12:00:00.000+11:00,0.06,mg/L,0.01,,,,,,,,
RLM,Ammonia as N,2024-02-09 12:00:00.000+11:00,0.05,mg/L,0.01,,,,,,,,
RLM,Dissolved Reactive Phosphorus as P,2024-02-09 12:00:00.000+11:00,,mg/L,0.01,,,,,,,,
RLE,Dissolved Reactive Phosphorus as P,2024-02-09 12:00:00.000+11:00,,mg/L,0.01,,,,,,,,
RLW,Dissolved Reactive Phosphorus as P,2024-02-09 12:00:00.000+11:00,,mg/L,0.01,,,,,,,,
RLW,Nitrate as N,2024-02-09 12:00:00.000+11:00,0.02,mg/L,0.01,,,,,,,,
RLM,Nitrate as N,2024-02-09 12:00:00.000+11:00,0.03,mg/L,0.01,,,,,,,,
RLE,Nitrate as N,2024-02-09 12:00:00.000+11:00,0.02,mg/L,0.01,,,,,,,,
RLE,Nitrite + Nitrate as N,2024-02-09 12:00:00.000+11:00,0.02,mg/L,0.01,,,,,,,,
RLW,Nitrite + Nitrate as N,2024-02-09 12:00:00.000+11:00,0.02,mg/L,0.01,,,,,,,,
RLM,Nitrite + Nitrate as N,2024-02-09 12:00:00.000+11:00,0.03,mg/L,0.01,,,,,,,,
RLW,Nitrite as N,2024-02-09 12:00:00.000+11:00,,mg/L,0.01,,,,,,,,
RLM,Nitrite as N,2024-02-09 12:00:00.000+11:00,,mg/L,0.01,,,,,,,,
RLE,Nitrite as N,2024-02-09 12:00:00.000+11:00,,mg/L,0.01,,,,,,,,
RLE,Total Kjeldahl Nitrogen as N,2024-02-09 12:00:00.000+11:00,0.6,mg/L,0.1,,,,,,,,
RLM,Total Kjeldahl Nitrogen as N,2024-02-09 12:00:00.000+11:00,0.6,mg/L,0.1,,,,,,,,
RLW,Total Kjeldahl Nitrogen as N,2024-02-09 12:00:00.000+11:00,0.6,mg/L,0.1,,,,,,,,
RLE,Total Nitrogen as N,2024-02-09 12:00:00.000+11:00,0.6,mg/L,0.1,,,,,,,,
RLW,Total Nitrogen as N,2024-02-09 12:00:00.000+11:00,0.6,mg/L,0.1,,,,,,,,
RLM,Total Nitrogen as N,2024-02-09 12:00:00.000+11:00,0.6,mg/L,0.1,,,,,,,,
RLW,Total Phosphorus as P,2024-02-09 12:00:00.000+10:00,0.02,mg/L,0.01,,,,,,,,
RLM,Total Phosphorus as P,2024-02-09 12:00:00.000+10:00,0.07,mg/L,0.01,,,,,,,,
RLE,Total Phosphorus as P,2024-02-09 12:00:00.000+10:00,0.03,mg/L,0.01,,,,,,,,
RLM,Total suspended solids,2024-02-09 12:00:00.000+11:00,8,mg/L,5,,,,,,,,
RLE,Total suspended solids,2024-02-09 12:00:00.000+11:00,5,mg/L,5,,,,,,,,
RLW,Total suspended solids,2024-02-09 12:00:00.000+11:00,,mg/L,5,,,,,,,,
RLW,Ammonia as N,2024-02-05 12:00:00.000+10:00,0.02,mg/L,0.01,,,,,,,,
RLE,Ammonia as N,2024-02-05 12:00:00.000+10:00,0.07,mg/L,0.01,,,,,,,,
RLM,Ammonia as N,2024-02-05 12:00:00.000+10:00,0.01,mg/L,0.01,,,,,,,,
RLM,Dissolved Reactive Phosphorus as P,2024-02-05 12:00:00.000+10:00,,mg/L,0.01,,,,,,,,
RLE,Dissolved Reactive Phosphorus as P,2024-02-05 12:00:00.000+10:00,,mg/L,0.01,,,,,,,,
RLW,Dissolved Reactive Phosphorus as P,2024-02-05 12:00:00.000+10:00,,mg/L,0.01,,,,,,,,
RLE,Nitrate as N,2024-02-05 12:00:00.000+10:00,,mg/L,0.01,,,,,,,,
RLW,Nitrate as N,2024-02-05 12:00:00.000+10:00,,mg/L,0.01,,,,,,,,
RLM,Nitrate as N,2024-02-05 12:00:00.000+10:00,,mg/L,0.01,,,,,,,,
RLE,Nitrite + Nitrate as N,2024-02-05 12:00:00.000+10:00,,mg/L,0.01,,,,,,,,
RLW,Nitrite + Nitrate as N,2024-02-05 12:00:00.000+10:00,,mg/L,0.01,,,,,,,,
RLM,Nitrite + Nitrate as N,2024-02-05 12:00:00.000+10:00,,mg/L,0.01,,,,,,,,
RLM,Nitrite as N,2024-02-05 12:00:00.000+10:00,,mg/L,0.01,,,,,,,,
RLW,Nitrite as N,2024-02-05 12:00:00.000+10:00,,mg/L,0.01,,,,,,,,
RLE,Nitrite as N,2024-02-05 12:00:00.000+10:00,,mg/L,0.01,,,,,,,,
RLM,Total Kjeldahl Nitrogen as N,2024-02-05 12:00:00.000+10:00,0.6,mg/L,0.1,,,,,,,,
RLE,Total Kjeldahl Nitrogen as N,2024-02-05 12:00:00.000+10:00,0.6,mg/L,0.1,,,,,,,,
RLW,Total Kjeldahl Nitrogen as N,2024-02-05 12:00:00.000+10:00,0.6,mg/L,0.1,,,,,,,,
RLE,Total Nitrogen as N,2024-02-05 12:00:00.000+10:00,0.6,mg/L,0.1,,,,,,,,
RLM,Total Nitrogen as N,2024-02-05 12:00:00.000+10:00,0.6,mg/L,0.1,,,,,,,,
RLW,Total Nitrogen as N,2024-02-05 12:00:00.000+10:00,0.6,mg/L,0.1,,,,,,,,
RLM,Total Phosphorus as P,2024-02-05 12:00:00.000+10:00,0.03,mg/L,0.01,,,,,,,,
RLW,Total Phosphorus as P,2024-02-05 12:00:00.000+10:00,0.04,mg/L,0.01,,,,,,,,
RLE,Total Phosphorus as P,2024-02-05 12:00:00.000+10:00,0.03,mg/L,0.01,,,,,,,,
RLE,Total suspended solids,2024-02-05 12:00:00.000+10:00,,mg/L,5,,,,,,,,
RLM,Total suspended solids,2024-02-05 12:00:00.000+10:00,,mg/L,5,,,,,,,,
RLW,Total suspended solids,2024-02-05 12:00:00.000+10:00,,mg/L,5,,,,,,,,
RLW,Chlorophyll - a,2024-02-05 07:50:00.000+10:00,11.9,mg/m^3,,,,,,,,,
RLW,Chrysosporum bergii_Biovolume,2024-02-05 07:50:00.000+10:00,0.051,mm3/l,,,,,,,,,
RLW,Chrysosporum bergii_Cell count,2024-02-05 07:50:00.000+10:00,1450,cells/ml,,,,,,,,,
RLW,Coccoid Blue Green Picoplankton_Biovolume,2024-02-05 07:50:00.000+10:00,0.075,mm3/l,,,,,,,,,
RLW,Coccoid Blue Green Picoplankton_Cell count,2024-02-05 07:50:00.000+10:00,167557,cells/ml,,,,,,,,,
RLW,Cyanobacteria Biovolume,2024-02-05 07:50:00.000+10:00,4.77,mm3/l,,,,,,,,,
RLW,Dolichospermum cf planctonicum/smithii_Biovolume,2024-02-05 07:50:00.000+10:00,0.126,mm3/l,,,,,,,,,
RLW,Dolichospermum cf planctonicum/smithii_Cell count,2024-02-05 07:50:00.000+10:00,498,cells/ml,,,,,,,,,
RLW,Enterococci,2024-02-05 07:50:00.000+10:00,1,cfu/100ml,,,,,,,,,
RLW,Microcystis_Biovolume,2024-02-05 07:50:00.000+10:00,0.115,mm3/l,,,,,,,,,
RLW,Microcystis_Cell count,2024-02-05 07:50:00.000+10:00,4158,cells/ml,,,,,,,,,
RLW,Non toxic Aphanizomenonaceae_Biovolume,2024-02-05 07:50:00.000+10:00,0.148,mm3/l,,,,,,,,,
RLW,Non toxic Aphanizomenonaceae_Cell count,2024-02-05 07:50:00.000+10:00,3344,cells/ml,,,,,,,,,
RLW,Potentially Toxic Cyanobacteria,2024-02-05 07:50:00.000+10:00,144800,cells/ml,,,,,,,,,
RLW,Potentially Toxic Cyanobacteria Biovolume,2024-02-05 07:50:00.000+10:00,4.37,mm3/l,,,,,,,,,
RLW,Raphidiopsis raciborskii_Biovolume,2024-02-05 07:50:00.000+10:00,4.007,mm3/l,,,,,,,,,
RLW,Raphidiopsis raciborskii_Cell count,2024-02-05 07:50:00.000+10:00,136610,cells/ml,,,,,,,,,
RLW,Total Cyanobacteria,2024-02-05 07:50:00.000+10:00,317600,cells/ml,,,,,,,,,
RLW,Umezakia ovalisporum_Biovolume,2024-02-05 07:50:00.000+10:00,0.252,mm3/l,,,,,,,,,
RLW,Umezakia ovalisporum_Cell count,2024-02-05 07:50:00.000+10:00,4001,cells/ml,,,,,,,,,
RLM,Chlorophyll - a,2024-02-05 07:45:00.000+10:00,13.4,mg/m^3,,,,,,,,,
RLM,Coccoid Blue Green Picoplankton_Biovolume,2024-02-05 07:45:00.000+10:00,0.101,mm3/l,,,,,,,,,
RLM,Coccoid Blue Green Picoplankton_Cell count,2024-02-05 07:45:00.000+10:00,223736,cells/ml,,,,,,,,,
RLM,Cuspidothrix issatschenkoi_Biovolume,2024-02-05 07:45:00.000+10:00,0.022,mm3/l,,,,,,,,,
RLM,Cuspidothrix issatschenkoi_Cell count,2024-02-05 07:45:00.000+10:00,408,cells/ml,,,,,,,,,
RLM,Cyanobacteria Biovolume,2024-02-05 07:45:00.000+10:00,7.49,mm3/l,,,,,,,,,
RLM,Dolichospermum cf planctonicum/smithii_Biovolume,2024-02-05 07:45:00.000+10:00,0.091,mm3/l,,,,,,,,,
RLM,Dolichospermum cf planctonicum/smithii_Cell count,2024-02-05 07:45:00.000+10:00,362,cells/ml,,,,,,,,,
RLM,Enterococci,2024-02-05 07:45:00.000+10:00,1,cfu/100ml,,,,,,,,,
RLM,Merismopedia_Biovolume,2024-02-05 07:45:00.000+10:00,0.009,mm3/l,,,,,,,,,
RLM,Merismopedia_Cell count,2024-02-05 07:45:00.000+10:00,1089,cells/ml,,,,,,,,,
RLM,Microcystis_Biovolume,2024-02-05 07:45:00.000+10:00,0.905,mm3/l,,,,,,,,,
RLM,Microcystis_Cell count,2024-02-05 07:45:00.000+10:00,32553,cells/ml,,,,,,,,,
RLM,Non toxic Aphanizomenonaceae_Biovolume,2024-02-05 07:45:00.000+10:00,0.1,mm3/l,,,,,,,,,
RLM,Non toxic Aphanizomenonaceae_Cell count,2024-02-05 07:45:00.000+10:00,2266,cells/ml,,,,,,,,,
RLM,Planktolyngbya_Biovolume,2024-02-05 07:45:00.000+10:00,0.005,mm3/l,,,,,,,,,
RLM,Planktolyngbya_Cell count,2024-02-05 07:45:00.000+10:00,2177,cells/ml,,,,,,,,,
RLM,Potentially Toxic Cyanobacteria,2024-02-05 07:45:00.000+10:00,234100,cells/ml,,,,,,,,,
RLM,Potentially Toxic Cyanobacteria Biovolume,2024-02-05 07:45:00.000+10:00,7.14,mm3/l,,,,,,,,,
RLM,Pseudanabaena_Biovolume,2024-02-05 07:45:00.000+10:00,0.021,mm3/l,,,,,,,,,
RLM,Pseudanabaena_Cell count,2024-02-05 07:45:00.000+10:00,2177,cells/ml,,,,,,,,,
RLM,Raphidiopsis raciborskii_Biovolume,2024-02-05 07:45:00.000+10:00,5.629,mm3/l,,,,,,,,,
RLM,Raphidiopsis raciborskii_Cell count,2024-02-05 07:45:00.000+10:00,191906,cells/ml,,,,,,,,,
RLM,Total Cyanobacteria,2024-02-05 07:45:00.000+10:00,466300,cells/ml,,,,,,,,,
RLM,Umezakia ovalisporum_Biovolume,2024-02-05 07:45:00.000+10:00,0.609,mm3/l,,,,,,,,,
RLM,Umezakia ovalisporum_Cell count,2024-02-05 07:45:00.000+10:00,9644,cells/ml,,,,,,,,,
RLE,Aphanizomenonaceae_Biovolume,2024-02-05 07:40:00.000+10:00,0.204,mm3/l,,,,,,,,,
RLE,Aphanizomenonaceae_Cell count,2024-02-05 07:40:00.000+10:00,1971,cells/ml,,,,,,,,,
RLE,Chlorophyll - a,2024-02-05 07:40:00.000+10:00,13.2,mg/m^3,,,,,,,,,
RLE,Coccoid Blue Green Picoplankton_Biovolume,2024-02-05 07:40:00.000+10:00,0.155,mm3/l,,,,,,,,,
RLE,Coccoid Blue Green Picoplankton_Cell count,2024-02-05 07:40:00.000+10:00,343987,cells/ml,,,,,,,,,
RLE,Cyanobacteria Biovolume,2024-02-05 07:40:00.000+10:00,4.03,mm3/l,,,,,,,,,
RLE,Enterococci,2024-02-05 07:40:00.000+10:00,2,cfu/100ml,,,,,,,,,
RLE,Microcystis_Biovolume,2024-02-05 07:40:00.000+10:00,0.044,mm3/l,,,,,,,,,
RLE,Microcystis_Cell count,2024-02-05 07:40:00.000+10:00,1592,cells/ml,,,,,,,,,
RLE,Non toxic Aphanizomenonaceae_Biovolume,2024-02-05 07:40:00.000+10:00,0.046,mm3/l,,,,,,,,,
RLE,Non toxic Aphanizomenonaceae_Cell count,2024-02-05 07:40:00.000+10:00,1055,cells/ml,,,,,,,,,
RLE,Potentially Toxic Cyanobacteria,2024-02-05 07:40:00.000+10:00,124400,cells/ml,,,,,,,,,
RLE,Potentially Toxic Cyanobacteria Biovolume,2024-02-05 07:40:00.000+10:00,3.83,mm3/l,,,,,,,,,
RLE,Raphidiopsis raciborskii_Biovolume,2024-02-05 07:40:00.000+10:00,3.514,mm3/l,,,,,,,,,
RLE,Raphidiopsis raciborskii_Cell count,2024-02-05 07:40:00.000+10:00,119789,cells/ml,,,,,,,,,
RLE,Total Cyanobacteria,2024-02-05 07:40:00.000+10:00,469400,cells/ml,,,,,,,,,
RLE,Umezakia ovalisporum_Biovolume,2024-02-05 07:40:00.000+10:00,0.064,mm3/l,,,,,,,,,
RLE,Umezakia ovalisporum_Cell count,2024-02-05 07:40:00.000+10:00,1019,cells/ml,,,,,,,,,
RLW,Ammonia as N,2024-01-22 12:00:00.000+10:00,0.05,mg/L,0.01,,,,,,,,
RLE,Ammonia as N,2024-01-22 12:00:00.000+10:00,0.01,mg/L,0.01,,,,,,,,
RLM,Ammonia as N,2024-01-22 12:00:00.000+10:00,0.02,mg/L,0.01,,,,,,,,
RLW,Dissolved Reactive Phosphorus as P,2024-01-22 12:00:00.000+10:00,,mg/L,0.01,,,,,,,,
RLM,Dissolved Reactive Phosphorus as P,2024-01-22 12:00:00.000+10:00,,mg/L,0.01,,,,,,,,
RLE,Dissolved Reactive Phosphorus as P,2024-01-22 12:00:00.000+10:00,,mg/L,0.01,,,,,,,,
RLW,Nitrate as N,2024-01-22 12:00:00.000+10:00,,mg/L,0.01,,,,,,,,
RLM,Nitrate as N,2024-01-22 12:00:00.000+10:00,,mg/L,0.01,,,,,,,,
RLE,Nitrate as N,2024-01-22 12:00:00.000+10:00,,mg/L,0.01,,,,,,,,
RLE,Nitrite + Nitrate as N,2024-01-22 12:00:00.000+10:00,,mg/L,0.01,,,,,,,,
RLM,Nitrite + Nitrate as N,2024-01-22 12:00:00.000+10:00,,mg/L,0.01,,,,,,,,
RLW,Nitrite + Nitrate as N,2024-01-22 12:00:00.000+10:00,,mg/L,0.01,,,,,,,,
RLW,Nitrite as N,2024-01-22 12:00:00.000+10:00,,mg/L,0.01,,,,,,,,
RLM,Nitrite as N,2024-01-22 12:00:00.000+10:00,,mg/L,0.01,,,,,,,,
RLE,Nitrite as N,2024-01-22 12:00:00.000+10:00,,mg/L,0.01,,,,,,,,
RLM,Total Kjeldahl Nitrogen as N,2024-01-22 12:00:00.000+10:00,0.5,mg/L,0.1,,,,,,,,
RLW,Total Kjeldahl Nitrogen as N,2024-01-22 12:00:00.000+10:00,0.5,mg/L,0.1,,,,,,,,
RLE,Total Kjeldahl Nitrogen as N,2024-01-22 12:00:00.000+10:00,0.8,mg/L,0.1,,,,,,,,
RLE,Total Nitrogen as N,2024-01-22 12:00:00.000+10:00,0.8,mg/L,0.1,,,,,,,,
RLW,Total Nitrogen as N,2024-01-22 12:00:00.000+10:00,0.5,mg/L,0.1,,,,,,,,
RLM,Total Nitrogen as N,2024-01-22 12:00:00.000+10:00,0.5,mg/L,0.1,,,,,,,,
RLW,Total Phosphorus as P,2024-01-22 12:00:00.000+10:00,0.03,mg/L,0.01,,,,,,,,
RLM,Total Phosphorus as P,2024-01-22 12:00:00.000+10:00,0.02,mg/L,0.01,,,,,,,,
RLE,Total Phosphorus as P,2024-01-22 12:00:00.000+10:00,0.02,mg/L,0.01,,,,,,,,
RLE,Total suspended solids,2024-01-22 12:00:00.000+10:00,,mg/L,5,,,,,,,,
RLW,Total suspended solids,2024-01-22 12:00:00.000+10:00,,mg/L,5,,,,,,,,
RLM,Total suspended solids,2024-01-22 12:00:00.000+10:00,,mg/L,5,,,,,,,,
RLW,Aphanizomenon gracile_Biovolume,2024-01-22 08:10:00.000+10:00,0.051,mm3/l,,,,,,,,,
RLW,Aphanizomenon gracile_Cell count,2024-01-22 08:10:00.000+10:00,1019,cells/ml,,,,,,,,,
RLW,Chlorophyll - a,2024-01-22 08:10:00.000+10:00,0.4,mg/m^3,,,,,,,,,
RLW,Chrysosporum bergii_Biovolume,2024-01-22 08:10:00.000+10:00,0.031,mm3/l,,,,,,,,,
RLW,Chrysosporum bergii_Cell count,2024-01-22 08:10:00.000+10:00,884,cells/ml,,,,,,,,,
RLW,Coccoid Blue Green Picoplankton_Biovolume,2024-01-22 08:10:00.000+10:00,0.016,mm3/l,,,,,,,,,
RLW,Coccoid Blue Green Picoplankton_Cell count,2024-01-22 08:10:00.000+10:00,36527,cells/ml,,,,,,,,,
RLW,Cuspidothrix issatschenkoi_Biovolume,2024-01-22 08:10:00.000+10:00,0.17,mm3/l,,,,,,,,,
RLW,Cuspidothrix issatschenkoi_Cell count,2024-01-22 08:10:00.000+10:00,3143,cells/ml,,,,,,,,,
RLW,Cyanobacteria Biovolume,2024-01-22 08:10:00.000+10:00,2.17,mm3/l,,,,,,,,,
RLW,Dolichospermum cf planctonicum/smithii_Biovolume,2024-01-22 08:10:00.000+10:00,0.094,mm3/l,,,,,,,,,
RLW,Dolichospermum cf planctonicum/smithii_Cell count,2024-01-22 08:10:00.000+10:00,374,cells/ml,,,,,,,,,
RLW,Enterococci,2024-01-22 08:10:00.000+10:00,2,cfu/100ml,,,,,,,,,
RLW,Non toxic Aphanizomenonaceae_Biovolume,2024-01-22 08:10:00.000+10:00,0.51,mm3/l,,,,,,,,,
RLW,Non toxic Aphanizomenonaceae_Cell count,2024-01-22 08:10:00.000+10:00,11469,cells/ml,,,,,,,,,
RLW,Potentially Toxic Cyanobacteria,2024-01-22 08:10:00.000+10:00,36700,cells/ml,,,,,,,,,
RLW,Potentially Toxic Cyanobacteria Biovolume,2024-01-22 08:10:00.000+10:00,1.29,mm3/l,,,,,,,,,
RLW,Raphidiopsis raciborskii_Biovolume,2024-01-22 08:10:00.000+10:00,0.887,mm3/l,,,,,,,,,
RLW,Raphidiopsis raciborskii_Cell count,2024-01-22 08:10:00.000+10:00,30244,cells/ml,,,,,,,,,
RLW,Total Cyanobacteria,2024-01-22 08:10:00.000+10:00,90120,cells/ml,,,,,,,,,
RLW,Umezakia ovalisporum_Biovolume,2024-01-22 08:10:00.000+10:00,0.407,mm3/l,,,,,,,,,
RLW,Umezakia ovalisporum_Cell count,2024-01-22 08:10:00.000+10:00,6457,cells/ml,,,,,,,,,
RLM,Aphanizomenon gracile_Biovolume,2024-01-22 08:00:00.000+10:00,0.001,mm3/l,,,,,,,,,
RLM,Aphanizomenon gracile_Cell count,2024-01-22 08:00:00.000+10:00,39,cells/ml,,,,,,,,,
RLM,Aphanizomenonaceae_Biovolume,2024-01-22 08:00:00.000+10:00,0.104,mm3/l,,,,,,,,,
RLM,Aphanizomenonaceae_Cell count,2024-01-22 08:00:00.000+10:00,1006,cells/ml,,,,,,,,,
RLM,Chlorophyll - a,2024-01-22 08:00:00.000+10:00,11.3,mg/m^3,,,,,,,,,
RLM,Chrysosporum bergii_Biovolume,2024-01-22 08:00:00.000+10:00,0.021,mm3/l,,,,,,,,,
RLM,Chrysosporum bergii_Cell count,2024-01-22 08:00:00.000+10:00,621,cells/ml,,,,,,,,,
RLM,Coccoid Blue Green Picoplankton_Biovolume,2024-01-22 08:00:00.000+10:00,0.017,mm3/l,,,,,,,,,
RLM,Coccoid Blue Green Picoplankton_Cell count,2024-01-22 08:00:00.000+10:00,39664,cells/ml,,,,,,,,,
RLM,Cuspidothrix issatschenkoi_Biovolume,2024-01-22 08:00:00.000+10:00,0.104,mm3/l,,,,,,,,,
RLM,Cuspidothrix issatschenkoi_Cell count,2024-01-22 08:00:00.000+10:00,1922,cells/ml,,,,,,,,,
RLM,Cyanobacteria Biovolume,2024-01-22 08:00:00.000+10:00,2.47,mm3/l,,,,,,,,,
RLM,Enterococci,2024-01-22 08:00:00.000+10:00,1,cfu/100ml,,,,,,,,,
RLM,Microcystis_Biovolume,2024-01-22 08:00:00.000+10:00,0.056,mm3/l,,,,,,,,,
RLM,Microcystis_Cell count,2024-01-22 08:00:00.000+10:00,2041,cells/ml,,,,,,,,,
RLM,Non toxic Aphanizomenonaceae_Biovolume,2024-01-22 08:00:00.000+10:00,0.762,mm3/l,,,,,,,,,
RLM,Non toxic Aphanizomenonaceae_Cell count,2024-01-22 08:00:00.000+10:00,17152,cells/ml,,,,,,,,,
RLM,Potentially Toxic Cyanobacteria,2024-01-22 08:00:00.000+10:00,43020,cells/ml,,,,,,,,,
RLM,Potentially Toxic Cyanobacteria Biovolume,2024-01-22 08:00:00.000+10:00,1.54,mm3/l,,,,,,,,,
RLM,Raphidiopsis raciborskii_Biovolume,2024-01-22 08:00:00.000+10:00,0.993,mm3/l,,,,,,,,,
RLM,Raphidiopsis raciborskii_Cell count,2024-01-22 08:00:00.000+10:00,33870,cells/ml,,,,,,,,,
RLM,Sphaerospermopsis aphanizomenoides_Biovolume,2024-01-22 08:00:00.000+10:00,0.023,mm3/l,,,,,,,,,
RLM,Sphaerospermopsis aphanizomenoides_Cell count,2024-01-22 08:00:00.000+10:00,621,cells/ml,,,,,,,,,
RLM,Total Cyanobacteria,2024-01-22 08:00:00.000+10:00,103000,cells/ml,,,,,,,,,
RLM,Umezakia ovalisporum_Biovolume,2024-01-22 08:00:00.000+10:00,0.385,mm3/l,,,,,,,,,
RLM,Umezakia ovalisporum_Cell count,2024-01-22 08:00:00.000+10:00,6102,cells/ml,,,,,,,,,
RLE,Aphanizomenon gracile_Biovolume,2024-01-22 07:50:00.000+10:00,0.017,mm3/l,,,,,,,,,
RLE,Aphanizomenon gracile_Cell count,2024-01-22 07:50:00.000+10:00,340,cells/ml,,,,,,,,,
RLE,Aphanizomenonaceae_Biovolume,2024-01-22 07:50:00.000+10:00,0.486,mm3/l,,,,,,,,,
RLE,Aphanizomenonaceae_Cell count,2024-01-22 07:50:00.000+10:00,4679,cells/ml,,,,,,,,,
RLE,Chlorophyll - a,2024-01-22 07:50:00.000+10:00,11.8,mg/m^3,,,,,,,,,
RLE,Coccoid Blue Green Picoplankton_Biovolume,2024-01-22 07:50:00.000+10:00,0.019,mm3/l,,,,,,,,,
RLE,Coccoid Blue Green Picoplankton_Cell count,2024-01-22 07:50:00.000+10:00,44230,cells/ml,,,,,,,,,
RLE,Cuspidothrix issatschenkoi_Biovolume,2024-01-22 07:50:00.000+10:00,0.025,mm3/l,,,,,,,,,
RLE,Cuspidothrix issatschenkoi_Cell count,2024-01-22 07:50:00.000+10:00,476,cells/ml,,,,,,,,,
RLE,Cyanobacteria Biovolume,2024-01-22 07:50:00.000+10:00,2,mm3/l,,,,,,,,,
RLE,Enterococci,2024-01-22 07:50:00.000+10:00,1,cfu/100ml,,,,,,,,,
RLE,Microcystis_Biovolume,2024-01-22 07:50:00.000+10:00,0.003,mm3/l,,,,,,,,,
RLE,Microcystis_Cell count,2024-01-22 07:50:00.000+10:00,136,cells/ml,,,,,,,,,
RLE,Non toxic Aphanizomenonaceae_Biovolume,2024-01-22 07:50:00.000+10:00,0.696,mm3/l,,,,,,,,,
RLE,Non toxic Aphanizomenonaceae_Cell count,2024-01-22 07:50:00.000+10:00,15669,cells/ml,,,,,,,,,
RLE,Potentially Toxic Cyanobacteria,2024-01-22 07:50:00.000+10:00,28550,cells/ml,,,,,,,,,
RLE,Potentially Toxic Cyanobacteria Biovolume,2024-01-22 07:50:00.000+10:00,1.21,mm3/l,,,,,,,,,
RLE,Pseudanabaena_Biovolume,2024-01-22 07:50:00.000+10:00,0.024,mm3/l,,,,,,,,,
RLE,Pseudanabaena_Cell count,2024-01-22 07:50:00.000+10:00,2450,cells/ml,,,,,,,,,
RLE,Raphidiopsis raciborskii_Biovolume,2024-01-22 07:50:00.000+10:00,0.676,mm3/l,,,,,,,,,
RLE,Raphidiopsis raciborskii_Cell count,2024-01-22 07:50:00.000+10:00,23054,cells/ml,,,,,,,,,
RLE,Sphaerospermopsis aphanizomenoides_Biovolume,2024-01-22 07:50:00.000+10:00,0.015,mm3/l,,,,,,,,,
RLE,Sphaerospermopsis aphanizomenoides_Cell count,2024-01-22 07:50:00.000+10:00,408,cells/ml,,,,,,,,,
RLE,Total Cyanobacteria,2024-01-22 07:50:00.000+10:00,92120,cells/ml,,,,,,,,,
RLE,Umezakia ovalisporum_Biovolume,2024-01-22 07:50:00.000+10:00,0.042,mm3/l,,,,,,,,,
RLE,Umezakia ovalisporum_Cell count,2024-01-22 07:50:00.000+10:00,680,cells/ml,,,,,,,,,
RLE,Ammonia as N,2024-01-08 12:00:00.000+10:00,0.04,mg/L,0.01,,,,,,,,
RLM,Ammonia as N,2024-01-08 12:00:00.000+10:00,0.02,mg/L,0.01,,,,,,,,
RLW,Ammonia as N,2024-01-08 12:00:00.000+10:00,0.02,mg/L,0.01,,,,,,,,
RLE,Dissolved Reactive Phosphorus as P,2024-01-08 12:00:00.000+10:00,,mg/L,0.01,,,,,,,,
RLW,Dissolved Reactive Phosphorus as P,2024-01-08 12:00:00.000+10:00,,mg/L,0.01,,,,,,,,
RLM,Dissolved Reactive Phosphorus as P,2024-01-08 12:00:00.000+10:00,,mg/L,0.01,,,,,,,,
RLE,Nitrate as N,2024-01-08 12:00:00.000+10:00,,mg/L,0.01,,,,,,,,
RLW,Nitrate as N,2024-01-08 12:00:00.000+10:00,,mg/L,0.01,,,,,,,,
RLM,Nitrate as N,2024-01-08 12:00:00.000+10:00,,mg/L,0.01,,,,,,,,
RLM,Nitrite + Nitrate as N,2024-01-08 12:00:00.000+10:00,,mg/L,0.01,,,,,,,,
RLW,Nitrite + Nitrate as N,2024-01-08 12:00:00.000+10:00,,mg/L,0.01,,,,,,,,
RLE,Nitrite + Nitrate as N,2024-01-08 12:00:00.000+10:00,,mg/L,0.01,,,,,,,,
RLW,Nitrite as N,2024-01-08 12:00:00.000+10:00,,mg/L,0.01,,,,,,,,
RLM,Nitrite as N,2024-01-08 12:00:00.000+10:00,,mg/L,0.01,,,,,,,,
RLE,Nitrite as N,2024-01-08 12:00:00.000+10:00,,mg/L,0.01,,,,,,,,
RLW,Total Kjeldahl Nitrogen as N,2024-01-08 12:00:00.000+10:00,0.5,mg/L,0.1,,,,,,,,
RLE,Total Kjeldahl Nitrogen as N,2024-01-08 12:00:00.000+10:00,0.5,mg/L,0.1,,,,,,,,
RLM,Total Kjeldahl Nitrogen as N,2024-01-08 12:00:00.000+10:00,0.5,mg/L,0.1,,,,,,,,
RLE,Total Nitrogen as N,2024-01-08 12:00:00.000+10:00,0.5,mg/L,0.1,,,,,,,,
RLM,Total Nitrogen as N,2024-01-08 12:00:00.000+10:00,0.5,mg/L,0.1,,,,,,,,
RLW,Total Nitrogen as N,2024-01-08 12:00:00.000+10:00,0.5,mg/L,0.1,,,,,,,,
RLM,Total Phosphorus as P,2024-01-08 12:00:00.000+10:00,,mg/L,0.01,,,,,,,,
RLE,Total Phosphorus as P,2024-01-08 12:00:00.000+10:00,,mg/L,0.01,,,,,,,,
RLW,Total Phosphorus as P,2024-01-08 12:00:00.000+10:00,,mg/L,0.01,,,,,,,,
RLW,Total suspended solids,2024-01-08 12:00:00.000+10:00,,mg/L,5,,,,,,,,
RLM,Total suspended solids,2024-01-08 12:00:00.000+10:00,,mg/L,5,,,,,,,,
RLE,Total suspended solids,2024-01-08 12:00:00.000+10:00,,mg/L,5,,,,,,,,
RLW,Chlorophyll - a,2024-01-08 07:55:00.000+10:00,6.8,mg/m^3,,,,,,,,,
RLW,Coccoid Blue Green Picoplankton_Biovolume,2024-01-08 07:55:00.000+10:00,0.391,mm3/l,,,,,,,,,
RLW,Coccoid Blue Green Picoplankton_Cell count,2024-01-08 07:55:00.000+10:00,866202,cells/ml,,,,,,,,,
RLW,Cuspidothrix issatschenkoi_Biovolume,2024-01-08 07:55:00.000+10:00,0.06,mm3/l,,,,,,,,,
RLW,Cuspidothrix issatschenkoi_Cell count,2024-01-08 07:55:00.000+10:00,1121,cells/ml,,,,,,,,,
RLW,Cyanobacteria Biovolume,2024-01-08 07:55:00.000+10:00,0.769,mm3/l,,,,,,,,,
RLW,Enterococci,2024-01-08 07:55:00.000+10:00,1,cfu/100ml,,,,,,,,,
RLW,Microcystis_Biovolume,2024-01-08 07:55:00.000+10:00,0.027,mm3/l,,,,,,,,,
RLW,Microcystis_Cell count,2024-01-08 07:55:00.000+10:00,973,cells/ml,,,,,,,,,
RLW,Non toxic Aphanizomenonaceae_Biovolume,2024-01-08 07:55:00.000+10:00,0.231,mm3/l,,,,,,,,,
RLW,Non toxic Aphanizomenonaceae_Cell count,2024-01-08 07:55:00.000+10:00,5199,cells/ml,,,,,,,,,
RLW,Potentially Toxic Cyanobacteria,2024-01-08 07:55:00.000+10:00,2200,cells/ml,,,,,,,,,
RLW,Potentially Toxic Cyanobacteria Biovolume,2024-01-08 07:55:00.000+10:00,0.062,mm3/l,,,,,,,,,
RLW,Pseudanabaena_Biovolume,2024-01-08 07:55:00.000+10:00,0.025,mm3/l,,,,,,,,,
RLW,Pseudanabaena_Cell count,2024-01-08 07:55:00.000+10:00,2540,cells/ml,,,,,,,,,
RLW,Raphidiopsis raciborskii_Biovolume,2024-01-08 07:55:00.000+10:00,0.035,mm3/l,,,,,,,,,
RLW,Raphidiopsis raciborskii_Cell count,2024-01-08 07:55:00.000+10:00,1225,cells/ml,,,,,,,,,
RLW,Total Cyanobacteria,2024-01-08 07:55:00.000+10:00,877300,cells/ml,,,,,,,,,
RLM,Chlorophyll - a,2024-01-08 07:50:00.000+10:00,6.3,mg/m^3,,,,,,,,,
RLM,Chrysosporum bergii_Biovolume,2024-01-08 07:50:00.000+10:00,0.023,mm3/l,,,,,,,,,
RLM,Chrysosporum bergii_Cell count,2024-01-08 07:50:00.000+10:00,680,cells/ml,,,,,,,,,
RLM,Coccoid Blue Green Picoplankton_Biovolume,2024-01-08 07:50:00.000+10:00,0.24,mm3/l,,,,,,,,,
RLM,Coccoid Blue Green Picoplankton_Cell count,2024-01-08 07:50:00.000+10:00,531577,cells/ml,,,,,,,,,
RLM,Cuspidothrix issatschenkoi_Biovolume,2024-01-08 07:50:00.000+10:00,0.095,mm3/l,,,,,,,,,
RLM,Cuspidothrix issatschenkoi_Cell count,2024-01-08 07:50:00.000+10:00,1753,cells/ml,,,,,,,,,
RLM,Cyanobacteria Biovolume,2024-01-08 07:50:00.000+10:00,0.763,mm3/l,,,,,,,,,
RLM,Enterococci,2024-01-08 07:50:00.000+10:00,1,cfu/100ml,,,,,,,,,
RLM,Microcystis_Biovolume,2024-01-08 07:50:00.000+10:00,0.134,mm3/l,,,,,,,,,
RLM,Microcystis_Cell count,2024-01-08 07:50:00.000+10:00,4818,cells/ml,,,,,,,,,
RLM,Non toxic Aphanizomenonaceae_Biovolume,2024-01-08 07:50:00.000+10:00,0.219,mm3/l,,,,,,,,,
RLM,Non toxic Aphanizomenonaceae_Cell count,2024-01-08 07:50:00.000+10:00,4934,cells/ml,,,,,,,,,
RLM,Potentially Toxic Cyanobacteria,2024-01-08 07:50:00.000+10:00,5910,cells/ml,,,,,,,,,
RLM,Potentially Toxic Cyanobacteria Biovolume,2024-01-08 07:50:00.000+10:00,0.165,mm3/l,,,,,,,,,
RLM,Pseudanabaena_Biovolume,2024-01-08 07:50:00.000+10:00,0.021,mm3/l,,,,,,,,,
RLM,Pseudanabaena_Cell count,2024-01-08 07:50:00.000+10:00,2177,cells/ml,,,,,,,,,
RLM,Raphidiopsis raciborskii_Biovolume,2024-01-08 07:50:00.000+10:00,0.031,mm3/l,,,,,,,,,
RLM,Raphidiopsis raciborskii_Cell count,2024-01-08 07:50:00.000+10:00,1089,cells/ml,,,,,,,,,
RLM,Total Cyanobacteria,2024-01-08 07:50:00.000+10:00,547000,cells/ml,,,,,,,,,
RLE,Chlorophyll - a,2024-01-08 07:45:00.000+10:00,5.2,mg/m^3,,,,,,,,,
RLE,Coccoid Blue Green Picoplankton_Biovolume,2024-01-08 07:45:00.000+10:00,0.304,mm3/l,,,,,,,,,
RLE,Coccoid Blue Green Picoplankton_Cell count,2024-01-08 07:45:00.000+10:00,674039,cells/ml,,,,,,,,,
RLE,Cuspidothrix issatschenkoi_Biovolume,2024-01-08 07:45:00.000+10:00,0.014,mm3/l,,,,,,,,,
RLE,Cuspidothrix issatschenkoi_Cell count,2024-01-08 07:45:00.000+10:00,272,cells/ml,,,,,,,,,
RLE,Cyanobacteria Biovolume,2024-01-08 07:45:00.000+10:00,0.598,mm3/l,,,,,,,,,
RLE,Enterococci,2024-01-08 07:45:00.000+10:00,1,cfu/100ml,,,,,,,,,
RLE,Microcystis_Biovolume,2024-01-08 07:45:00.000+10:00,0.088,mm3/l,,,,,,,,,
RLE,Microcystis_Cell count,2024-01-08 07:45:00.000+10:00,3185,cells/ml,,,,,,,,,
RLE,Non toxic Aphanizomenonaceae_Biovolume,2024-01-08 07:45:00.000+10:00,0.134,mm3/l,,,,,,,,,
RLE,Non toxic Aphanizomenonaceae_Cell count,2024-01-08 07:45:00.000+10:00,3021,cells/ml,,,,,,,,,
RLE,Potentially Toxic Cyanobacteria,2024-01-08 07:45:00.000+10:00,3870,cells/ml,,,,,,,,,
RLE,Potentially Toxic Cyanobacteria Biovolume,2024-01-08 07:45:00.000+10:00,0.107,mm3/l,,,,,,,,,
RLE,Pseudanabaena_Biovolume,2024-01-08 07:45:00.000+10:00,0.039,mm3/l,,,,,,,,,
RLE,Pseudanabaena_Cell count,2024-01-08 07:45:00.000+10:00,3992,cells/ml,,,,,,,,,
RLE,Raphidiopsis raciborskii_Biovolume,2024-01-08 07:45:00.000+10:00,0.019,mm3/l,,,,,,,,,
RLE,Raphidiopsis raciborskii_Cell count,2024-01-08 07:45:00.000+10:00,680,cells/ml,,,,,,,,,
RLE,Total Cyanobacteria,2024-01-08 07:45:00.000+10:00,685200,cells/ml,,,,,,,,,
RLM,Ammonia as N,2023-12-27 12:00:00.000+10:00,0.04,mg/L,0.01,,,,,,,,
RLE,Ammonia as N,2023-12-27 12:00:00.000+10:00,0.03,mg/L,0.01,,,,,,,,
RLW,Ammonia as N,2023-12-27 12:00:00.000+10:00,0.01,mg/L,0.01,,,,,,,,
RLE,Dissolved Reactive Phosphorus as P,2023-12-27 12:00:00.000+10:00,,mg/L,0.01,,,,,,,,
RLW,Dissolved Reactive Phosphorus as P,2023-12-27 12:00:00.000+10:00,,mg/L,0.01,,,,,,,,
RLM,Dissolved Reactive Phosphorus as P,2023-12-27 12:00:00.000+10:00,,mg/L,0.01,,,,,,,,
RLM,Nitrate as N,2023-12-27 12:00:00.000+10:00,,mg/L,0.01,,,,,,,,
RLE,Nitrate as N,2023-12-27 12:00:00.000+10:00,,mg/L,0.01,,,,,,,,
RLW,Nitrate as N,2023-12-27 12:00:00.000+10:00,,mg/L,0.01,,,,,,,,
RLE,Nitrite + Nitrate as N,2023-12-27 12:00:00.000+10:00,,mg/L,0.01,,,,,,,,
RLM,Nitrite + Nitrate as N,2023-12-27 12:00:00.000+10:00,,mg/L,0.01,,,,,,,,
RLW,Nitrite + Nitrate as N,2023-12-27 12:00:00.000+10:00,,mg/L,0.01,,,,,,,,
RLW,Nitrite as N,2023-12-27 12:00:00.000+10:00,,mg/L,0.01,,,,,,,,
RLM,Nitrite as N,2023-12-27 12:00:00.000+10:00,,mg/L,0.01,,,,,,,,
RLE,Nitrite as N,2023-12-27 12:00:00.000+10:00,,mg/L,0.01,,,,,,,,
RLM,Total Kjeldahl Nitrogen as N,2023-12-27 12:00:00.000+10:00,0.5,mg/L,0.1,,,,,,,,
RLE,Total Kjeldahl Nitrogen as N,2023-12-27 12:00:00.000+10:00,0.5,mg/L,0.1,,,,,,,,
RLW,Total Kjeldahl Nitrogen as N,2023-12-27 12:00:00.000+10:00,0.4,mg/L,0.1,,,,,,,,
RLM,Total Nitrogen as N,2023-12-27 12:00:00.000+10:00,0.5,mg/L,0.1,,,,,,,,
RLW,Total Nitrogen as N,2023-12-27 12:00:00.000+10:00,0.4,mg/L,0.1,,,,,,,,
RLE,Total Nitrogen as N,2023-12-27 12:00:00.000+10:00,0.5,mg/L,0.1,,,,,,,,
RLW,Total Phosphorus as P,2023-12-27 12:00:00.000+10:00,0.02,mg/L,0.01,,,,,,,,
RLM,Total Phosphorus as P,2023-12-27 12:00:00.000+10:00,0.02,mg/L,0.01,,,,,,,,
RLE,Total Phosphorus as P,2023-12-27 12:00:00.000+10:00,0.02,mg/L,0.01,,,,,,,,
RLM,Total suspended solids,2023-12-27 12:00:00.000+10:00,5,mg/L,5,,,,,,,,
RLE,Total suspended solids,2023-12-27 12:00:00.000+10:00,7,mg/L,5,,,,,,,,
RLW,Total suspended solids,2023-12-27 12:00:00.000+10:00,5,mg/L,5,,,,,,,,
RLW,Chlorophyll - a,2023-12-27 09:25:00.000+10:00,5.1,mg/m^3,,,,,,,,,
RLW,Coccoid Blue Green Picoplankton_Biovolume,2023-12-27 09:25:00.000+10:00,0.242,mm3/l,,,,,,,,,
RLW,Coccoid Blue Green Picoplankton_Cell count,2023-12-27 09:25:00.000+10:00,536640,cells/ml,,,,,,,,,
RLW,Cyanobacteria Biovolume,2023-12-27 09:25:00.000+10:00,0.289,mm3/l,,,,,,,,,
RLW,Enterococci,2023-12-27 09:25:00.000+10:00,1,cfu/100ml,,,,,,,,,
RLW,Microcystis_Biovolume,2023-12-27 09:25:00.000+10:00,0.047,mm3/l,,,,,,,,,
RLW,Microcystis_Cell count,2023-12-27 09:25:00.000+10:00,1701,cells/ml,,,,,,,,,
RLW,Potentially Toxic Cyanobacteria,2023-12-27 09:25:00.000+10:00,1700,cells/ml,,,,,,,,,
RLW,Potentially Toxic Cyanobacteria Biovolume,2023-12-27 09:25:00.000+10:00,0.047,mm3/l,,,,,,,,,
RLW,Total Cyanobacteria,2023-12-27 09:25:00.000+10:00,538300,cells/ml,,,,,,,,,
RLM,Chlorophyll - a,2023-12-27 09:20:00.000+10:00,4.8,mg/m^3,,,,,,,,,
RLM,Coccoid Blue Green Picoplankton_Biovolume,2023-12-27 09:20:00.000+10:00,0.189,mm3/l,,,,,,,,,
RLM,Coccoid Blue Green Picoplankton_Cell count,2023-12-27 09:20:00.000+10:00,420689,cells/ml,,,,,,,,,
RLM,Cyanobacteria Biovolume,2023-12-27 09:20:00.000+10:00,0.226,mm3/l,,,,,,,,,
RLM,Enterococci,2023-12-27 09:20:00.000+10:00,4,cfu/100ml,,,,,,,,,
RLM,Microcystis_Biovolume,2023-12-27 09:20:00.000+10:00,0.037,mm3/l,,,,,,,,,
RLM,Microcystis_Cell count,2023-12-27 09:20:00.000+10:00,1361,cells/ml,,,,,,,,,
RLM,Potentially Toxic Cyanobacteria,2023-12-27 09:20:00.000+10:00,1360,cells/ml,,,,,,,,,
RLM,Potentially Toxic Cyanobacteria Biovolume,2023-12-27 09:20:00.000+10:00,0.037,mm3/l,,,,,,,,,
RLM,Total Cyanobacteria,2023-12-27 09:20:00.000+10:00,422100,cells/ml,,,,,,,,,
RLE,Chlorophyll - a,2023-12-27 09:15:00.000+10:00,5.3,mg/m^3,,,,,,,,,
RLE,Coccoid Blue Green Picoplankton_Biovolume,2023-12-27 09:15:00.000+10:00,0.422,mm3/l,,,,,,,,,
RLE,Coccoid Blue Green Picoplankton_Cell count,2023-12-27 09:15:00.000+10:00,936262,cells/ml,,,,,,,,,
RLE,Cuspidothrix issatschenkoi_Biovolume,2023-12-27 09:15:00.000+10:00,0.038,mm3/l,,,,,,,,,
RLE,Cuspidothrix issatschenkoi_Cell count,2023-12-27 09:15:00.000+10:00,714,cells/ml,,,,,,,,,
RLE,Cyanobacteria Biovolume,2023-12-27 09:15:00.000+10:00,0.605,mm3/l,,,,,,,,,
RLE,Enterococci,2023-12-27 09:15:00.000+10:00,3,cfu/100ml,,,,,,,,,
RLE,Merismopedia_Biovolume,2023-12-27 09:15:00.000+10:00,0.048,mm3/l,,,,,,,,,
RLE,Merismopedia_Cell count,2023-12-27 09:15:00.000+10:00,5807,cells/ml,,,,,,,,,
RLE,Microcystis_Biovolume,2023-12-27 09:15:00.000+10:00,0.097,mm3/l,,,,,,,,,
RLE,Microcystis_Cell count,2023-12-27 09:15:00.000+10:00,3511,cells/ml,,,,,,,,,
RLE,Potentially Toxic Cyanobacteria,2023-12-27 09:15:00.000+10:00,3510,cells/ml,,,,,,,,,
RLE,Potentially Toxic Cyanobacteria Biovolume,2023-12-27 09:15:00.000+10:00,0.097,mm3/l,,,,,,,,,
RLE,Total Cyanobacteria,2023-12-27 09:15:00.000+10:00,946300,cells/ml,,,,,,,,,
RLW,Ammonia as N,2023-12-11 12:00:00.000+10:00,0.06,mg/L,0.01,,,,,,,,
RLM,Ammonia as N,2023-12-11 12:00:00.000+10:00,0.06,mg/L,0.01,,,,,,,,
RLE,Ammonia as N,2023-12-11 12:00:00.000+10:00,0.03,mg/L,0.01,,,,,,,,
RLM,Dissolved Reactive Phosphorus as P,2023-12-11 12:00:00.000+10:00,,mg/L,0.01,,,,,,,,
RLW,Dissolved Reactive Phosphorus as P,2023-12-11 12:00:00.000+10:00,,mg/L,0.01,,,,,,,,
RLE,Dissolved Reactive Phosphorus as P,2023-12-11 12:00:00.000+10:00,0.02,mg/L,0.01,,,,,,,,
RLE,Nitrate as N,2023-12-11 12:00:00.000+10:00,,mg/L,0.01,,,,,,,,
RLW,Nitrate as N,2023-12-11 12:00:00.000+10:00,,mg/L,0.01,,,,,,,,
RLM,Nitrate as N,2023-12-11 12:00:00.000+10:00,,mg/L,0.01,,,,,,,,
RLE,Nitrite + Nitrate as N,2023-12-11 12:00:00.000+10:00,,mg/L,0.01,,,,,,,,
RLW,Nitrite + Nitrate as N,2023-12-11 12:00:00.000+10:00,,mg/L,0.01,,,,,,,,
RLM,Nitrite + Nitrate as N,2023-12-11 12:00:00.000+10:00,,mg/L,0.01,,,,,,,,
RLW,Nitrite as N,2023-12-11 12:00:00.000+10:00,,mg/L,0.01,,,,,,,,
RLM,Nitrite as N,2023-12-11 12:00:00.000+10:00,,mg/L,0.01,,,,,,,,
RLE,Nitrite as N,2023-12-11 12:00:00.000+10:00,,mg/L,0.01,,,,,,,,
RLM,Total Kjeldahl Nitrogen as N,2023-12-11 12:00:00.000+10:00,0.5,mg/L,0.1,,,,,,,,
RLW,Total Kjeldahl Nitrogen as N,2023-12-11 12:00:00.000+10:00,0.5,mg/L,0.1,,,,,,,,
RLE,Total Kjeldahl Nitrogen as N,2023-12-11 12:00:00.000+10:00,0.4,mg/L,0.1,,,,,,,,
RLE,Total Nitrogen as N,2023-12-11 12:00:00.000+10:00,0.4,mg/L,0.1,,,,,,,,
RLM,Total Nitrogen as N,2023-12-11 12:00:00.000+10:00,0.5,mg/L,0.1,,,,,,,,
RLW,Total Nitrogen as N,2023-12-11 12:00:00.000+10:00,0.5,mg/L,0.1,,,,,,,,
RLW,Total Phosphorus as P,2023-12-11 12:00:00.000+10:00,0.03,mg/L,0.01,,,,,,,,
RLE,Total Phosphorus as P,2023-12-11 12:00:00.000+10:00,0.02,mg/L,0.01,,,,,,,,
RLM,Total Phosphorus as P,2023-12-11 12:00:00.000+10:00,0.03,mg/L,0.01,,,,,,,,
RLE,Total suspended solids,2023-12-11 12:00:00.000+10:00,,mg/L,5,,,,,,,,
RLM,Total suspended solids,2023-12-11 12:00:00.000+10:00,,mg/L,5,,,,,,,,
RLW,Total suspended solids,2023-12-11 12:00:00.000+10:00,,mg/L,5,,,,,,,,
RLW,Chlorophyll - a,2023-12-11 08:10:00.000+10:00,3.6,mg/m^3,,,,,,,,,
RLW,Coccoid Blue Green Picoplankton_Biovolume,2023-12-11 08:10:00.000+10:00,0.049,mm3/l,,,,,,,,,
RLW,Coccoid Blue Green Picoplankton_Cell count,2023-12-11 08:10:00.000+10:00,110330,cells/ml,,,,,,,,,
RLW,Cyanobacteria Biovolume,2023-12-11 08:10:00.000+10:00,0.071,mm3/l,,,,,,,,,
RLW,Enterococci,2023-12-11 08:10:00.000+10:00,1,cfu/100ml,,,,,,,,,
RLW,Microcystis_Biovolume,2023-12-11 08:10:00.000+10:00,0.022,mm3/l,,,,,,,,,
RLW,Microcystis_Cell count,2023-12-11 08:10:00.000+10:00,823,cells/ml,,,,,,,,,
RLW,Potentially Toxic Cyanobacteria,2023-12-11 08:10:00.000+10:00,823,cells/ml,,,,,,,,,
RLW,Potentially Toxic Cyanobacteria Biovolume,2023-12-11 08:10:00.000+10:00,0.022,mm3/l,,,,,,,,,
RLW,Total Cyanobacteria,2023-12-11 08:10:00.000+10:00,111200,cells/ml,,,,,,,,,
RLM,Chlorophyll - a,2023-12-11 08:05:00.000+10:00,3.7,mg/m^3,,,,,,,,,
RLM,Coccoid Blue Green Picoplankton_Biovolume,2023-12-11 08:05:00.000+10:00,0.073,mm3/l,,,,,,,,,
RLM,Coccoid Blue Green Picoplankton_Cell count,2023-12-11 08:05:00.000+10:00,163819,cells/ml,,,,,,,,,
RLM,Cyanobacteria Biovolume,2023-12-11 08:05:00.000+10:00,0.094,mm3/l,,,,,,,,,
RLM,Enterococci,2023-12-11 08:05:00.000+10:00,1,cfu/100ml,,,,,,,,,
RLM,Microcystis_Biovolume,2023-12-11 08:05:00.000+10:00,0.021,mm3/l,,,,,,,,,
RLM,Microcystis_Cell count,2023-12-11 08:05:00.000+10:00,762,cells/ml,,,,,,,,,
RLM,Potentially Toxic Cyanobacteria,2023-12-11 08:05:00.000+10:00,762,cells/ml,,,,,,,,,
RLM,Potentially Toxic Cyanobacteria Biovolume,2023-12-11 08:05:00.000+10:00,0.021,mm3/l,,,,,,,,,
RLM,Total Cyanobacteria,2023-12-11 08:05:00.000+10:00,164600,cells/ml,,,,,,,,,
RLE,Chlorophyll - a,2023-12-11 08:00:00.000+10:00,3.5,mg/m^3,,,,,,,,,
RLE,Coccoid Blue Green Picoplankton_Biovolume,2023-12-11 08:00:00.000+10:00,0.055,mm3/l,,,,,,,,,
RLE,Coccoid Blue Green Picoplankton_Cell count,2023-12-11 08:00:00.000+10:00,122619,cells/ml,,,,,,,,,
RLE,Cyanobacteria Biovolume,2023-12-11 08:00:00.000+10:00,0.092,mm3/l,,,,,,,,,
RLE,Enterococci,2023-12-11 08:00:00.000+10:00,1,cfu/100ml,,,,,,,,,
RLE,Microcystis_Biovolume,2023-12-11 08:00:00.000+10:00,0.037,mm3/l,,,,,,,,,
RLE,Microcystis_Cell count,2023-12-11 08:00:00.000+10:00,1334,cells/ml,,,,,,,,,
RLE,Potentially Toxic Cyanobacteria,2023-12-11 08:00:00.000+10:00,1330,cells/ml,,,,,,,,,
RLE,Potentially Toxic Cyanobacteria Biovolume,2023-12-11 08:00:00.000+10:00,0.037,mm3/l,,,,,,,,,
RLE,Total Cyanobacteria,2023-12-11 08:00:00.000+10:00,124000,cells/ml,,,,,,,,,
RLM,Ammonia as N,2023-11-27 12:00:00.000+10:00,,mg/L,0.01,,,,,,,,
RLW,Ammonia as N,2023-11-27 12:00:00.000+10:00,0.02,mg/L,0.01,,,,,,,,
RLE,Ammonia as N,2023-11-27 12:00:00.000+10:00,0.04,mg/L,0.01,,,,,,,,
RLW,Dissolved Reactive Phosphorus as P,2023-11-27 12:00:00.000+10:00,,mg/L,0.01,,,,,,,,
RLE,Dissolved Reactive Phosphorus as P,2023-11-27 12:00:00.000+10:00,,mg/L,0.01,,,,,,,,
RLM,Dissolved Reactive Phosphorus as P,2023-11-27 12:00:00.000+10:00,,mg/L,0.01,,,,,,,,
RLE,Nitrate as N,2023-11-27 12:00:00.000+10:00,,mg/L,0.01,,,,,,,,
RLM,Nitrate as N,2023-11-27 12:00:00.000+10:00,,mg/L,0.01,,,,,,,,
RLW,Nitrate as N,2023-11-27 12:00:00.000+10:00,,mg/L,0.01,,,,,,,,
RLM,Nitrite + Nitrate as N,2023-11-27 12:00:00.000+10:00,,mg/L,0.01,,,,,,,,
RLE,Nitrite + Nitrate as N,2023-11-27 12:00:00.000+10:00,,mg/L,0.01,,,,,,,,
RLW,Nitrite + Nitrate as N,2023-11-27 12:00:00.000+10:00,,mg/L,0.01,,,,,,,,
RLM,Nitrite as N,2023-11-27 12:00:00.000+10:00,,mg/L,0.01,,,,,,,,
RLE,Nitrite as N,2023-11-27 12:00:00.000+10:00,,mg/L,0.01,,,,,,,,
RLW,Nitrite as N,2023-11-27 12:00:00.000+10:00,,mg/L,0.01,,,,,,,,
RLE,Total Kjeldahl Nitrogen as N,2023-11-27 12:00:00.000+10:00,0.4,mg/L,0.1,,,,,,,,
RLM,Total Kjeldahl Nitrogen as N,2023-11-27 12:00:00.000+10:00,0.4,mg/L,0.1,,,,,,,,
RLW,Total Kjeldahl Nitrogen as N,2023-11-27 12:00:00.000+10:00,0.4,mg/L,0.1,,,,,,,,
RLW,Total Nitrogen as N,2023-11-27 12:00:00.000+10:00,0.4,mg/L,0.1,,,,,,,,
RLM,Total Nitrogen as N,2023-11-27 12:00:00.000+10:00,0.4,mg/L,0.1,,,,,,,,
RLE,Total Nitrogen as N,2023-11-27 12:00:00.000+10:00,0.4,mg/L,0.1,,,,,,,,
RLM,Total Phosphorus as P,2023-11-27 12:00:00.000+10:00,,mg/L,0.01,,,,,,,,
RLE,Total Phosphorus as P,2023-11-27 12:00:00.000+10:00,,mg/L,0.01,,,,,,,,
RLW,Total Phosphorus as P,2023-11-27 12:00:00.000+10:00,,mg/L,0.01,,,,,,,,
RLM,Total suspended solids,2023-11-27 12:00:00.000+10:00,,mg/L,5,,,,,,,,
RLW,Total suspended solids,2023-11-27 12:00:00.000+10:00,,mg/L,5,,,,,,,,
RLE,Total suspended solids,2023-11-27 12:00:00.000+10:00,,mg/L,5,,,,,,,,
RLW,Chlorophyll - a,2023-11-27 07:31:00.000+10:00,3.9,mg/m^3,,,,,,,,,
RLW,Coccoid Blue Green Picoplankton_Biovolume,2023-11-27 07:31:00.000+10:00,0.118,mm3/l,,,,,,,,,
RLW,Coccoid Blue Green Picoplankton_Cell count,2023-11-27 07:31:00.000+10:00,263261,cells/ml,,,,,,,,,
RLW,Cyanobacteria Biovolume,2023-11-27 07:31:00.000+10:00,0.19,mm3/l,,,,,,,,,
RLW,Enterococci,2023-11-27 07:31:00.000+10:00,1,cfu/100ml,,,,,,,,,
RLW,Microcystis_Biovolume,2023-11-27 07:31:00.000+10:00,0.072,mm3/l,,,,,,,,,
RLW,Microcystis_Cell count,2023-11-27 07:31:00.000+10:00,2613,cells/ml,,,,,,,,,
RLW,Potentially Toxic Cyanobacteria,2023-11-27 07:31:00.000+10:00,2610,cells/ml,,,,,,,,,
RLW,Potentially Toxic Cyanobacteria Biovolume,2023-11-27 07:31:00.000+10:00,0.072,mm3/l,,,,,,,,,
RLW,Total Cyanobacteria,2023-11-27 07:31:00.000+10:00,265900,cells/ml,,,,,,,,,
RLM,Chlorophyll - a,2023-11-27 07:23:00.000+10:00,3.2,mg/m^3,,,,,,,,,
RLM,Coccoid Blue Green Picoplankton_Biovolume,2023-11-27 07:23:00.000+10:00,0.164,mm3/l,,,,,,,,,
RLM,Coccoid Blue Green Picoplankton_Cell count,2023-11-27 07:23:00.000+10:00,364584,cells/ml,,,,,,,,,
RLM,Cyanobacteria Biovolume,2023-11-27 07:23:00.000+10:00,0.198,mm3/l,,,,,,,,,
RLM,Enterococci,2023-11-27 07:23:00.000+10:00,4,cfu/100ml,,,,,,,,,
RLM,Microcystis_Biovolume,2023-11-27 07:23:00.000+10:00,0.034,mm3/l,,,,,,,,,
RLM,Microcystis_Cell count,2023-11-27 07:23:00.000+10:00,1244,cells/ml,,,,,,,,,
RLM,Potentially Toxic Cyanobacteria,2023-11-27 07:23:00.000+10:00,1240,cells/ml,,,,,,,,,
RLM,Potentially Toxic Cyanobacteria Biovolume,2023-11-27 07:23:00.000+10:00,0.034,mm3/l,,,,,,,,,
RLM,Total Cyanobacteria,2023-11-27 07:23:00.000+10:00,365800,cells/ml,,,,,,,,,
RLE,Chlorophyll - a,2023-11-27 07:16:00.000+10:00,3.9,mg/m^3,,,,,,,,,
RLE,Coccoid Blue Green Picoplankton_Biovolume,2023-11-27 07:16:00.000+10:00,0.126,mm3/l,,,,,,,,,
RLE,Coccoid Blue Green Picoplankton_Cell count,2023-11-27 07:16:00.000+10:00,280683,cells/ml,,,,,,,,,
RLE,Cyanobacteria Biovolume,2023-11-27 07:16:00.000+10:00,0.147,mm3/l,,,,,,,,,
RLE,Enterococci,2023-11-27 07:16:00.000+10:00,1,cfu/100ml,,,,,,,,,
RLE,Microcystis_Biovolume,2023-11-27 07:16:00.000+10:00,0.021,mm3/l,,,,,,,,,
RLE,Microcystis_Cell count,2023-11-27 07:16:00.000+10:00,760,cells/ml,,,,,,,,,
RLE,Potentially Toxic Cyanobacteria,2023-11-27 07:16:00.000+10:00,760,cells/ml,,,,,,,,,
RLE,Potentially Toxic Cyanobacteria Biovolume,2023-11-27 07:16:00.000+10:00,0.021,mm3/l,,,,,,,,,
RLE,Total Cyanobacteria,2023-11-27 07:16:00.000+10:00,281400,cells/ml,,,,,,,,,
RLM,Ammonia as N,2023-11-13 12:00:00.000+10:00,,mg/L,0.01,,,,,,,,
RLE,Ammonia as N,2023-11-13 12:00:00.000+10:00,,mg/L,0.01,,,,,,,,
RLW,Ammonia as N,2023-11-13 12:00:00.000+10:00,0.06,mg/L,0.01,,,,,,,,
RLW,Dissolved Reactive Phosphorus as P,2023-11-13 12:00:00.000+10:00,,mg/L,0.01,,,,,,,,
RLM,Dissolved Reactive Phosphorus as P,2023-11-13 12:00:00.000+10:00,,mg/L,0.01,,,,,,,,
RLE,Dissolved Reactive Phosphorus as P,2023-11-13 12:00:00.000+10:00,,mg/L,0.01,,,,,,,,
RLW,Nitrate as N,2023-11-13 12:00:00.000+10:00,,mg/L,0.01,,,,,,,,
RLE,Nitrate as N,2023-11-13 12:00:00.000+10:00,,mg/L,0.01,,,,,,,,
RLM,Nitrate as N,2023-11-13 12:00:00.000+10:00,,mg/L,0.01,,,,,,,,
RLE,Nitrite + Nitrate as N,2023-11-13 12:00:00.000+10:00,,mg/L,0.01,,,,,,,,
RLW,Nitrite + Nitrate as N,2023-11-13 12:00:00.000+10:00,,mg/L,0.01,,,,,,,,
RLM,Nitrite + Nitrate as N,2023-11-13 12:00:00.000+10:00,,mg/L,0.01,,,,,,,,
RLW,Nitrite as N,2023-11-13 12:00:00.000+10:00,,mg/L,0.01,,,,,,,,
RLM,Nitrite as N,2023-11-13 12:00:00.000+10:00,,mg/L,0.01,,,,,,,,
RLE,Nitrite as N,2023-11-13 12:00:00.000+10:00,,mg/L,0.01,,,,,,,,
RLE,Total Kjeldahl Nitrogen as N,2023-11-13 12:00:00.000+10:00,0.5,mg/L,0.1,,,,,,,,
RLM,Total Kjeldahl Nitrogen as N,2023-11-13 12:00:00.000+10:00,0.4,mg/L,0.1,,,,,,,,
RLW,Total Kjeldahl Nitrogen as N,2023-11-13 12:00:00.000+10:00,0.5,mg/L,0.1,,,,,,,,
RLE,Total Nitrogen as N,2023-11-13 12:00:00.000+10:00,0.5,mg/L,0.1,,,,,,,,
RLM,Total Nitrogen as N,2023-11-13 12:00:00.000+10:00,0.4,mg/L,0.1,,,,,,,,
RLW,Total Nitrogen as N,2023-11-13 12:00:00.000+10:00,0.5,mg/L,0.1,,,,,,,,
RLW,Total Phosphorus as P,2023-11-13 12:00:00.000+10:00,0.03,mg/L,0.01,,,,,,,,
RLM,Total Phosphorus as P,2023-11-13 12:00:00.000+10:00,0.03,mg/L,0.01,,,,,,,,
RLE,Total Phosphorus as P,2023-11-13 12:00:00.000+10:00,0.04,mg/L,0.01,,,,,,,,
RLE,Total suspended solids,2023-11-13 12:00:00.000+10:00,7,mg/L,5,,,,,,,,
RLM,Total suspended solids,2023-11-13 12:00:00.000+10:00,6,mg/L,5,,,,,,,,
RLW,Total suspended solids,2023-11-13 12:00:00.000+10:00,6,mg/L,5,,,,,,,,
RLW,Chlorophyll - a,2023-11-13 08:00:00.000+10:00,3.5,mg/m^3,,,,,,,,,
RLW,Coccoid Blue Green Picoplankton_Biovolume,2023-11-13 08:00:00.000+10:00,0.604,mm3/l,,,,,,,,,
RLW,Coccoid Blue Green Picoplankton_Cell count,2023-11-13 08:00:00.000+10:00,1339480,cells/ml,,,,,,,,,
RLW,Cyanobacteria Biovolume,2023-11-13 08:00:00.000+10:00,0.629,mm3/l,,,,,,,,,
RLW,Enterococci,2023-11-13 08:00:00.000+10:00,1,cfu/100ml,,,,,,,,,
RLW,Microcystis_Biovolume,2023-11-13 08:00:00.000+10:00,0.025,mm3/l,,,,,,,,,
RLW,Microcystis_Cell count,2023-11-13 08:00:00.000+10:00,913,cells/ml,,,,,,,,,
RLW,Potentially Toxic Cyanobacteria,2023-11-13 08:00:00.000+10:00,913,cells/ml,,,,,,,,,
RLW,Potentially Toxic Cyanobacteria Biovolume,2023-11-13 08:00:00.000+10:00,0.025,mm3/l,,,,,,,,,
RLW,Total Cyanobacteria,2023-11-13 08:00:00.000+10:00,1340000,cells/ml,,,,,,,,,
RLM,Chlorophyll - a,2023-11-13 07:50:00.000+10:00,3.4,mg/m^3,,,,,,,,,
RLM,Coccoid Blue Green Picoplankton_Biovolume,2023-11-13 07:50:00.000+10:00,0.381,mm3/l,,,,,,,,,
RLM,Coccoid Blue Green Picoplankton_Cell count,2023-11-13 07:50:00.000+10:00,845533,cells/ml,,,,,,,,,
RLM,Cyanobacteria Biovolume,2023-11-13 07:50:00.000+10:00,0.402,mm3/l,,,,,,,,,
RLM,Enterococci,2023-11-13 07:50:00.000+10:00,1,cfu/100ml,,,,,,,,,
RLM,Microcystis_Biovolume,2023-11-13 07:50:00.000+10:00,0.021,mm3/l,,,,,,,,,
RLM,Microcystis_Cell count,2023-11-13 07:50:00.000+10:00,774,cells/ml,,,,,,,,,
RLM,Potentially Toxic Cyanobacteria,2023-11-13 07:50:00.000+10:00,774,cells/ml,,,,,,,,,
RLM,Potentially Toxic Cyanobacteria Biovolume,2023-11-13 07:50:00.000+10:00,0.021,mm3/l,,,,,,,,,
RLM,Total Cyanobacteria,2023-11-13 07:50:00.000+10:00,846300,cells/ml,,,,,,,,,
RLE,Chlorophyll - a,2023-11-13 07:40:00.000+10:00,3.5,mg/m^3,,,,,,,,,
RLE,Coccoid Blue Green Picoplankton_Biovolume,2023-11-13 07:40:00.000+10:00,0.216,mm3/l,,,,,,,,,
RLE,Coccoid Blue Green Picoplankton_Cell count,2023-11-13 07:40:00.000+10:00,478848,cells/ml,,,,,,,,,
RLE,Cyanobacteria Biovolume,2023-11-13 07:40:00.000+10:00,0.298,mm3/l,,,,,,,,,
RLE,Enterococci,2023-11-13 07:40:00.000+10:00,1,cfu/100ml,,,,,,,,,
RLE,Microcystis_Biovolume,2023-11-13 07:40:00.000+10:00,0.082,mm3/l,,,,,,,,,
RLE,Microcystis_Cell count,2023-11-13 07:40:00.000+10:00,2973,cells/ml,,,,,,,,,
RLE,Potentially Toxic Cyanobacteria,2023-11-13 07:40:00.000+10:00,2970,cells/ml,,,,,,,,,
RLE,Potentially Toxic Cyanobacteria Biovolume,2023-11-13 07:40:00.000+10:00,0.082,mm3/l,,,,,,,,,
RLE,Total Cyanobacteria,2023-11-13 07:40:00.000+10:00,481800,cells/ml,,,,,,,,,
RLM,Ammonia as N,2023-10-31 12:00:00.000+10:00,0.04,mg/L,0.01,,,,,,,,
RLW,Ammonia as N,2023-10-31 12:00:00.000+10:00,,mg/L,0.01,,,,,,,,
RLE,Ammonia as N,2023-10-31 12:00:00.000+10:00,,mg/L,0.01,,,,,,,,
RLW,Dissolved Reactive Phosphorus as P,2023-10-31 12:00:00.000+10:00,,mg/L,0.01,,,,,,,,
RLE,Dissolved Reactive Phosphorus as P,2023-10-31 12:00:00.000+10:00,,mg/L,0.01,,,,,,,,
RLM,Dissolved Reactive Phosphorus as P,2023-10-31 12:00:00.000+10:00,,mg/L,0.01,,,,,,,,
RLM,Nitrate as N,2023-10-31 12:00:00.000+10:00,,mg/L,0.01,,,,,,,,
RLW,Nitrate as N,2023-10-31 12:00:00.000+10:00,0.02,mg/L,0.01,,,,,,,,
RLE,Nitrate as N,2023-10-31 12:00:00.000+10:00,,mg/L,0.01,,,,,,,,
RLM,Nitrite + Nitrate as N,2023-10-31 12:00:00.000+10:00,,mg/L,0.01,,,,,,,,
RLW,Nitrite + Nitrate as N,2023-10-31 12:00:00.000+10:00,0.02,mg/L,0.01,,,,,,,,
RLE,Nitrite + Nitrate as N,2023-10-31 12:00:00.000+10:00,,mg/L,0.01,,,,,,,,
RLM,Nitrite as N,2023-10-31 12:00:00.000+10:00,,mg/L,0.01,,,,,,,,
RLE,Nitrite as N,2023-10-31 12:00:00.000+10:00,,mg/L,0.01,,,,,,,,
RLW,Nitrite as N,2023-10-31 12:00:00.000+10:00,,mg/L,0.01,,,,,,,,
RLW,Total Kjeldahl Nitrogen as N,2023-10-31 12:00:00.000+10:00,0.4,mg/L,0.1,,,,,,,,
RLE,Total Kjeldahl Nitrogen as N,2023-10-31 12:00:00.000+10:00,0.3,mg/L,0.1,,,,,,,,
RLM,Total Kjeldahl Nitrogen as N,2023-10-31 12:00:00.000+10:00,0.3,mg/L,0.1,,,,,,,,
RLW,Total Nitrogen as N,2023-10-31 12:00:00.000+10:00,0.4,mg/L,0.1,,,,,,,,
RLM,Total Nitrogen as N,2023-10-31 12:00:00.000+10:00,0.3,mg/L,0.1,,,,,,,,
RLE,Total Nitrogen as N,2023-10-31 12:00:00.000+10:00,0.3,mg/L,0.1,,,,,,,,
RLE,Total Phosphorus as P,2023-10-31 12:00:00.000+10:00,0.02,mg/L,0.01,,,,,,,,
RLM,Total Phosphorus as P,2023-10-31 12:00:00.000+10:00,0.02,mg/L,0.01,,,,,,,,
RLW,Total Phosphorus as P,2023-10-31 12:00:00.000+10:00,0.03,mg/L,0.01,,,,,,,,
RLW,Total suspended solids,2023-10-31 12:00:00.000+10:00,6,mg/L,5,,,,,,,,
RLE,Total suspended solids,2023-10-31 12:00:00.000+10:00,9,mg/L,5,,,,,,,,
RLM,Total suspended solids,2023-10-31 12:00:00.000+10:00,8,mg/L,5,,,,,,,,
RLW,Chlorophyll - a,2023-10-31 09:35:00.000+10:00,5,mg/m^3,,,,,,,,,
RLW,Coccoid Blue Green Picoplankton_Biovolume,2023-10-31 09:35:00.000+10:00,0.006,mm3/l,,,,,,,,,
RLW,Coccoid Blue Green Picoplankton_Cell count,2023-10-31 09:35:00.000+10:00,14380,cells/ml,,,,,,,,,
RLW,Cyanobacteria Biovolume,2023-10-31 09:35:00.000+10:00,0.12,mm3/l,,,,,,,,,
RLW,Enterococci,2023-10-31 09:35:00.000+10:00,1,cfu/100ml,,,,,,,,,
RLW,Microcystis_Biovolume,2023-10-31 09:35:00.000+10:00,0.114,mm3/l,,,,,,,,,
RLW,Microcystis_Cell count,2023-10-31 09:35:00.000+10:00,4107,cells/ml,,,,,,,,,
RLW,Potentially Toxic Cyanobacteria,2023-10-31 09:35:00.000+10:00,4110,cells/ml,,,,,,,,,
RLW,Potentially Toxic Cyanobacteria Biovolume,2023-10-31 09:35:00.000+10:00,0.114,mm3/l,,,,,,,,,
RLW,Total Cyanobacteria,2023-10-31 09:35:00.000+10:00,18490,cells/ml,,,,,,,,,
RLM,Chlorophyll - a,2023-10-31 09:25:00.000+10:00,3.4,mg/m^3,,,,,,,,,
RLM,Coccoid Blue Green Picoplankton_Biovolume,2023-10-31 09:25:00.000+10:00,0.011,mm3/l,,,,,,,,,
RLM,Coccoid Blue Green Picoplankton_Cell count,2023-10-31 09:25:00.000+10:00,24805,cells/ml,,,,,,,,,
RLM,Cyanobacteria Biovolume,2023-10-31 09:25:00.000+10:00,0.161,mm3/l,,,,,,,,,
RLM,Enterococci,2023-10-31 09:25:00.000+10:00,5,cfu/100ml,,,,,,,,,
RLM,Microcystis_Biovolume,2023-10-31 09:25:00.000+10:00,0.15,mm3/l,,,,,,,,,
RLM,Microcystis_Cell count,2023-10-31 09:25:00.000+10:00,5392,cells/ml,,,,,,,,,
RLM,Potentially Toxic Cyanobacteria,2023-10-31 09:25:00.000+10:00,5390,cells/ml,,,,,,,,,
RLM,Potentially Toxic Cyanobacteria Biovolume,2023-10-31 09:25:00.000+10:00,0.15,mm3/l,,,,,,,,,
RLM,Total Cyanobacteria,2023-10-31 09:25:00.000+10:00,30200,cells/ml,,,,,,,,,
RLE,Aphanizomenonaceae_Biovolume,2023-10-31 09:15:00.000+10:00,0.014,mm3/l,,,,,,,,,
RLE,Aphanizomenonaceae_Cell count,2023-10-31 09:15:00.000+10:00,138,cells/ml,,,,,,,,,
RLE,Chlorophyll - a,2023-10-31 09:15:00.000+10:00,4,mg/m^3,,,,,,,,,
RLE,Coccoid Blue Green Picoplankton_Biovolume,2023-10-31 09:15:00.000+10:00,0.005,mm3/l,,,,,,,,,
RLE,Coccoid Blue Green Picoplankton_Cell count,2023-10-31 09:15:00.000+10:00,12444,cells/ml,,,,,,,,,
RLE,Cyanobacteria Biovolume,2023-10-31 09:15:00.000+10:00,0.069,mm3/l,,,,,,,,,
RLE,Enterococci,2023-10-31 09:15:00.000+10:00,11,cfu/100ml,,,,,,,,,
RLE,Microcystis_Biovolume,2023-10-31 09:15:00.000+10:00,0.05,mm3/l,,,,,,,,,
RLE,Microcystis_Cell count,2023-10-31 09:15:00.000+10:00,1825,cells/ml,,,,,,,,,
RLE,Potentially Toxic Cyanobacteria,2023-10-31 09:15:00.000+10:00,1960,cells/ml,,,,,,,,,
RLE,Potentially Toxic Cyanobacteria Biovolume,2023-10-31 09:15:00.000+10:00,0.064,mm3/l,,,,,,,,,
RLE,Total Cyanobacteria,2023-10-31 09:15:00.000+10:00,14410,cells/ml,,,,,,,,,
RLE,Ammonia as N,2023-10-16 12:00:00.000+10:00,,mg/L,0.01,,,,,,,,
RLW,Ammonia as N,2023-10-16 12:00:00.000+10:00,0.05,mg/L,0.01,,,,,,,,
RLM,Ammonia as N,2023-10-16 12:00:00.000+10:00,,mg/L,0.01,,,,,,,,
RLE,Dissolved Reactive Phosphorus as P,2023-10-16 12:00:00.000+10:00,,mg/L,0.01,,,,,,,,
RLM,Dissolved Reactive Phosphorus as P,2023-10-16 12:00:00.000+10:00,,mg/L,0.01,,,,,,,,
RLW,Dissolved Reactive Phosphorus as P,2023-10-16 12:00:00.000+10:00,,mg/L,0.01,,,,,,,,
RLM,Nitrate as N,2023-10-16 12:00:00.000+10:00,,mg/L,0.01,,,,,,,,
RLE,Nitrate as N,2023-10-16 12:00:00.000+10:00,,mg/L,0.01,,,,,,,,
RLW,Nitrate as N,2023-10-16 12:00:00.000+10:00,,mg/L,0.01,,,,,,,,
RLM,Nitrite + Nitrate as N,2023-10-16 12:00:00.000+10:00,,mg/L,0.01,,,,,,,,
RLW,Nitrite + Nitrate as N,2023-10-16 12:00:00.000+10:00,,mg/L,0.01,,,,,,,,
RLE,Nitrite + Nitrate as N,2023-10-16 12:00:00.000+10:00,,mg/L,0.01,,,,,,,,
RLM,Nitrite as N,2023-10-16 12:00:00.000+10:00,,mg/L,0.01,,,,,,,,
RLE,Nitrite as N,2023-10-16 12:00:00.000+10:00,,mg/L,0.01,,,,,,,,
RLW,Nitrite as N,2023-10-16 12:00:00.000+10:00,,mg/L,0.01,,,,,,,,
RLE,Total Kjeldahl Nitrogen as N,2023-10-16 12:00:00.000+10:00,0.4,mg/L,0.1,,,,,,,,
RLW,Total Kjeldahl Nitrogen as N,2023-10-16 12:00:00.000+10:00,0.4,mg/L,0.1,,,,,,,,
RLM,Total Kjeldahl Nitrogen as N,2023-10-16 12:00:00.000+10:00,0.4,mg/L,0.1,,,,,,,,
RLE,Total Nitrogen as N,2023-10-16 12:00:00.000+10:00,0.4,mg/L,0.1,,,,,,,,
RLM,Total Nitrogen as N,2023-10-16 12:00:00.000+10:00,0.4,mg/L,0.1,,,,,,,,
RLW,Total Nitrogen as N,2023-10-16 12:00:00.000+10:00,0.4,mg/L,0.1,,,,,,,,
RLM,Total Phosphorus as P,2023-10-16 12:00:00.000+10:00,,mg/L,0.01,,,,,,,,
RLW,Total Phosphorus as P,2023-10-16 12:00:00.000+10:00,0.01,mg/L,0.01,,,,,,,,
RLE,Total Phosphorus as P,2023-10-16 12:00:00.000+10:00,0.02,mg/L,0.01,,,,,,,,
RLW,Total suspended solids,2023-10-16 12:00:00.000+10:00,,mg/L,5,,,,,,,,
RLM,Total suspended solids,2023-10-16 12:00:00.000+10:00,6,mg/L,5,,,,,,,,
RLE,Total suspended solids,2023-10-16 12:00:00.000+10:00,9,mg/L,5,,,,,,,,
RLW,Chlorophyll - a,2023-10-16 09:20:00.000+10:00,4.6,mg/m^3,,,,,,,,,
RLW,Coccoid Blue Green Picoplankton_Biovolume,2023-10-16 09:20:00.000+10:00,0.003,mm3/l,,,,,,,,,
RLW,Coccoid Blue Green Picoplankton_Cell count,2023-10-16 09:20:00.000+10:00,7854,cells/ml,,,,,,,,,
RLW,Cyanobacteria Biovolume,2023-10-16 09:20:00.000+10:00,0.063,mm3/l,,,,,,,,,
RLW,Enterococci,2023-10-16 09:20:00.000+10:00,1,cfu/100ml,,,,,,,,,
RLW,Microcystis_Biovolume,2023-10-16 09:20:00.000+10:00,0.032,mm3/l,,,,,,,,,
RLW,Microcystis_Cell count,2023-10-16 09:20:00.000+10:00,1161,cells/ml,,,,,,,,,
RLW,Phormidium species 1_Biovolume,2023-10-16 09:20:00.000+10:00,0.028,mm3/l,,,,,,,,,
RLW,Phormidium species 1_Cell count,2023-10-16 09:20:00.000+10:00,1388,cells/ml,,,,,,,,,
RLW,Potentially Toxic Cyanobacteria,2023-10-16 09:20:00.000+10:00,2550,cells/ml,,,,,,,,,
RLW,Potentially Toxic Cyanobacteria Biovolume,2023-10-16 09:20:00.000+10:00,0.06,mm3/l,,,,,,,,,
RLW,Total Cyanobacteria,2023-10-16 09:20:00.000+10:00,10400,cells/ml,,,,,,,,,
RLM,Chlorophyll - a,2023-10-16 09:10:00.000+10:00,6.6,mg/m^3,,,,,,,,,
RLM,Coccoid Blue Green Picoplankton_Biovolume,2023-10-16 09:10:00.000+10:00,0.006,mm3/l,,,,,,,,,
RLM,Coccoid Blue Green Picoplankton_Cell count,2023-10-16 09:10:00.000+10:00,13937,cells/ml,,,,,,,,,
RLM,Cyanobacteria Biovolume,2023-10-16 09:10:00.000+10:00,0.058,mm3/l,,,,,,,,,
RLM,Enterococci,2023-10-16 09:10:00.000+10:00,2,cfu/100ml,,,,,,,,,
RLM,Microcystis_Biovolume,2023-10-16 09:10:00.000+10:00,0.052,mm3/l,,,,,,,,,
RLM,Microcystis_Cell count,2023-10-16 09:10:00.000+10:00,1901,cells/ml,,,,,,,,,
RLM,Potentially Toxic Cyanobacteria,2023-10-16 09:10:00.000+10:00,1900,cells/ml,,,,,,,,,
RLM,Potentially Toxic Cyanobacteria Biovolume,2023-10-16 09:10:00.000+10:00,0.052,mm3/l,,,,,,,,,
RLM,Pseudanabaena_Biovolume,2023-10-16 09:10:00.000+10:00,0,mm3/l,,,,,,,,,
RLM,Pseudanabaena_Cell count,2023-10-16 09:10:00.000+10:00,52,cells/ml,,,,,,,,,
RLM,Total Cyanobacteria,2023-10-16 09:10:00.000+10:00,15890,cells/ml,,,,,,,,,
RLE,Chlorophyll - a,2023-10-16 09:00:00.000+10:00,8.6,mg/m^3,,,,,,,,,
RLE,Coccoid Blue Green Picoplankton_Biovolume,2023-10-16 09:00:00.000+10:00,0.003,mm3/l,,,,,,,,,
RLE,Coccoid Blue Green Picoplankton_Cell count,2023-10-16 09:00:00.000+10:00,8420,cells/ml,,,,,,,,,
RLE,Cyanobacteria Biovolume,2023-10-16 09:00:00.000+10:00,0.04,mm3/l,,,,,,,,,
RLE,Enterococci,2023-10-16 09:00:00.000+10:00,1,cfu/100ml,,,,,,,,,
RLE,Merismopedia_Biovolume,2023-10-16 09:00:00.000+10:00,0.002,mm3/l,,,,,,,,,
RLE,Merismopedia_Cell count,2023-10-16 09:00:00.000+10:00,277,cells/ml,,,,,,,,,
RLE,Microcystis_Biovolume,2023-10-16 09:00:00.000+10:00,0.035,mm3/l,,,,,,,,,
RLE,Microcystis_Cell count,2023-10-16 09:00:00.000+10:00,1293,cells/ml,,,,,,,,,
RLE,Potentially Toxic Cyanobacteria,2023-10-16 09:00:00.000+10:00,1290,cells/ml,,,,,,,,,
RLE,Potentially Toxic Cyanobacteria Biovolume,2023-10-16 09:00:00.000+10:00,0.035,mm3/l,,,,,,,,,
RLE,Total Cyanobacteria,2023-10-16 09:00:00.000+10:00,9990,cells/ml,,,,,,,,,
RLE,Ammonia as N,2023-10-03 12:00:00.000+10:00,0.04,mg/L,0.01,,,,,,,,
RLW,Ammonia as N,2023-10-03 12:00:00.000+10:00,0.02,mg/L,0.01,,,,,,,,
RLM,Ammonia as N,2023-10-03 12:00:00.000+10:00,0.08,mg/L,0.01,,,,,,,,
RLE,Dissolved Reactive Phosphorus as P,2023-10-03 12:00:00.000+10:00,,mg/L,0.01,,,,,,,,
RLM,Dissolved Reactive Phosphorus as P,2023-10-03 12:00:00.000+10:00,,mg/L,0.01,,,,,,,,
RLW,Dissolved Reactive Phosphorus as P,2023-10-03 12:00:00.000+10:00,,mg/L,0.01,,,,,,,,
RLW,Nitrate as N,2023-10-03 12:00:00.000+10:00,,mg/L,0.01,,,,,,,,
RLM,Nitrate as N,2023-10-03 12:00:00.000+10:00,,mg/L,0.01,,,,,,,,
RLE,Nitrate as N,2023-10-03 12:00:00.000+10:00,,mg/L,0.01,,,,,,,,
RLW,Nitrite + Nitrate as N,2023-10-03 12:00:00.000+10:00,,mg/L,0.01,,,,,,,,
RLM,Nitrite + Nitrate as N,2023-10-03 12:00:00.000+10:00,,mg/L,0.01,,,,,,,,
RLE,Nitrite + Nitrate as N,2023-10-03 12:00:00.000+10:00,,mg/L,0.01,,,,,,,,
RLM,Nitrite as N,2023-10-03 12:00:00.000+10:00,,mg/L,0.01,,,,,,,,
RLW,Nitrite as N,2023-10-03 12:00:00.000+10:00,,mg/L,0.01,,,,,,,,
RLE,Nitrite as N,2023-10-03 12:00:00.000+10:00,,mg/L,0.01,,,,,,,,
RLM,Total Kjeldahl Nitrogen as N,2023-10-03 12:00:00.000+10:00,0.5,mg/L,0.1,,,,,,,,
RLW,Total Kjeldahl Nitrogen as N,2023-10-03 12:00:00.000+10:00,0.4,mg/L,0.1,,,,,,,,
RLE,Total Kjeldahl Nitrogen as N,2023-10-03 12:00:00.000+10:00,0.5,mg/L,0.1,,,,,,,,
RLE,Total Nitrogen as N,2023-10-03 12:00:00.000+10:00,0.5,mg/L,0.1,,,,,,,,
RLW,Total Nitrogen as N,2023-10-03 12:00:00.000+10:00,0.4,mg/L,0.1,,,,,,,,
RLM,Total Nitrogen as N,2023-10-03 12:00:00.000+10:00,0.5,mg/L,0.1,,,,,,,,
RLM,Total Phosphorus as P,2023-10-03 12:00:00.000+10:00,,mg/L,0.01,,,,,,,,
RLE,Total Phosphorus as P,2023-10-03 12:00:00.000+10:00,,mg/L,0.01,,,,,,,,
RLW,Total Phosphorus as P,2023-10-03 12:00:00.000+10:00,,mg/L,0.01,,,,,,,,
RLW,Total suspended solids,2023-10-03 12:00:00.000+10:00,,mg/L,5,,,,,,,,
RLM,Total suspended solids,2023-10-03 12:00:00.000+10:00,,mg/L,5,,,,,,,,
RLE,Total suspended solids,2023-10-03 12:00:00.000+10:00,,mg/L,5,,,,,,,,
RLW,Chlorophyll - a,2023-10-03 09:30:00.000+10:00,3.5,mg/m^3,,,,,,,,,
RLW,Cyanobacteria Biovolume,2023-10-03 09:30:00.000+10:00,0.057,mm3/l,,,,,,,,,
RLW,Enterococci,2023-10-03 09:30:00.000+10:00,1,cfu/100ml,,,,,,,,,
RLW,Microcystis_Biovolume,2023-10-03 09:30:00.000+10:00,0.057,mm3/l,,,,,,,,,
RLW,Microcystis_Cell count,2023-10-03 09:30:00.000+10:00,2067,cells/ml,,,,,,,,,
RLW,Potentially Toxic Cyanobacteria,2023-10-03 09:30:00.000+10:00,2070,cells/ml,,,,,,,,,
RLW,Potentially Toxic Cyanobacteria Biovolume,2023-10-03 09:30:00.000+10:00,0.057,mm3/l,,,,,,,,,
RLW,Total Cyanobacteria,2023-10-03 09:30:00.000+10:00,2070,cells/ml,,,,,,,,,
RLM,Chlorophyll - a,2023-10-03 09:20:00.000+10:00,2.2,mg/m^3,,,,,,,,,
RLM,Cyanobacteria Biovolume,2023-10-03 09:20:00.000+10:00,0.137,mm3/l,,,,,,,,,
RLM,Enterococci,2023-10-03 09:20:00.000+10:00,1,cfu/100ml,,,,,,,,,
RLM,Microcystis_Biovolume,2023-10-03 09:20:00.000+10:00,0.137,mm3/l,,,,,,,,,
RLM,Microcystis_Cell count,2023-10-03 09:20:00.000+10:00,4943,cells/ml,,,,,,,,,
RLM,Potentially Toxic Cyanobacteria,2023-10-03 09:20:00.000+10:00,4940,cells/ml,,,,,,,,,
RLM,Potentially Toxic Cyanobacteria Biovolume,2023-10-03 09:20:00.000+10:00,0.137,mm3/l,,,,,,,,,
RLM,Total Cyanobacteria,2023-10-03 09:20:00.000+10:00,4940,cells/ml,,,,,,,,,
RLE,Chlorophyll - a,2023-10-03 09:05:00.000+10:00,2.1,mg/m^3,,,,,,,,,
RLE,Coccoid Blue Green Picoplankton_Biovolume,2023-10-03 09:05:00.000+10:00,0,mm3/l,,,,,,,,,
RLE,Coccoid Blue Green Picoplankton_Cell count,2023-10-03 09:05:00.000+10:00,553,cells/ml,,,,,,,,,
RLE,Cyanobacteria Biovolume,2023-10-03 09:05:00.000+10:00,0.069,mm3/l,,,,,,,,,
RLE,Enterococci,2023-10-03 09:05:00.000+10:00,1,cfu/100ml,,,,,,,,,
RLE,Microcystis_Biovolume,2023-10-03 09:05:00.000+10:00,0.069,mm3/l,,,,,,,,,
RLE,Microcystis_Cell count,2023-10-03 09:05:00.000+10:00,2516,cells/ml,,,,,,,,,
RLE,Potentially Toxic Cyanobacteria,2023-10-03 09:05:00.000+10:00,2520,cells/ml,,,,,,,,,
RLE,Potentially Toxic Cyanobacteria Biovolume,2023-10-03 09:05:00.000+10:00,0.069,mm3/l,,,,,,,,,
RLE,Total Cyanobacteria,2023-10-03 09:05:00.000+10:00,3070,cells/ml,,,,,,,,,
RLM,Ammonia as N,2023-09-18 12:00:00.000+10:00,0.02,mg/L,0.01,,,,,,,,
RLE,Ammonia as N,2023-09-18 12:00:00.000+10:00,0.06,mg/L,0.01,,,,,,,,
RLW,Ammonia as N,2023-09-18 12:00:00.000+10:00,0.04,mg/L,0.01,,,,,,,,
RLE,Dissolved Reactive Phosphorus as P,2023-09-18 12:00:00.000+10:00,,mg/L,0.01,,,,,,,,
RLM,Dissolved Reactive Phosphorus as P,2023-09-18 12:00:00.000+10:00,,mg/L,0.01,,,,,,,,
RLW,Dissolved Reactive Phosphorus as P,2023-09-18 12:00:00.000+10:00,,mg/L,0.01,,,,,,,,
RLM,Nitrate as N,2023-09-18 12:00:00.000+10:00,0.05,mg/L,0.01,,,,,,,,
RLW,Nitrate as N,2023-09-18 12:00:00.000+10:00,,mg/L,0.01,,,,,,,,
RLE,Nitrate as N,2023-09-18 12:00:00.000+10:00,0.02,mg/L,0.01,,,,,,,,
RLW,Nitrite + Nitrate as N,2023-09-18 12:00:00.000+10:00,,mg/L,0.01,,,,,,,,
RLM,Nitrite + Nitrate as N,2023-09-18 12:00:00.000+10:00,0.05,mg/L,0.01,,,,,,,,
RLE,Nitrite + Nitrate as N,2023-09-18 12:00:00.000+10:00,0.03,mg/L,0.01,,,,,,,,
RLW,Nitrite as N,2023-09-18 12:00:00.000+10:00,,mg/L,0.01,,,,,,,,
RLE,Nitrite as N,2023-09-18 12:00:00.000+10:00,0.01,mg/L,0.01,,,,,,,,
RLM,Nitrite as N,2023-09-18 12:00:00.000+10:00,,mg/L,0.01,,,,,,,,
RLM,Total Kjeldahl Nitrogen as N,2023-09-18 12:00:00.000+10:00,0.5,mg/L,0.1,,,,,,,,
RLW,Total Kjeldahl Nitrogen as N,2023-09-18 12:00:00.000+10:00,0.5,mg/L,0.1,,,,,,,,
RLE,Total Kjeldahl Nitrogen as N,2023-09-18 12:00:00.000+10:00,0.5,mg/L,0.1,,,,,,,,
RLE,Total Nitrogen as N,2023-09-18 12:00:00.000+10:00,0.5,mg/L,0.1,,,,,,,,
RLW,Total Nitrogen as N,2023-09-18 12:00:00.000+10:00,0.5,mg/L,0.1,,,,,,,,
RLM,Total Nitrogen as N,2023-09-18 12:00:00.000+10:00,0.6,mg/L,0.1,,,,,,,,
RLW,Total Phosphorus as P,2023-09-18 12:00:00.000+10:00,,mg/L,0.01,,,,,,,,
RLE,Total Phosphorus as P,2023-09-18 12:00:00.000+10:00,,mg/L,0.01,,,,,,,,
RLM,Total Phosphorus as P,2023-09-18 12:00:00.000+10:00,,mg/L,0.01,,,,,,,,
RLE,Total suspended solids,2023-09-18 12:00:00.000+10:00,,mg/L,5,,,,,,,,
RLW,Total suspended solids,2023-09-18 12:00:00.000+10:00,,mg/L,5,,,,,,,,
RLM,Total suspended solids,2023-09-18 12:00:00.000+10:00,,mg/L,5,,,,,,,,
RLW,Chlorophyll - a,2023-09-18 09:05:00.000+10:00,1.7,mg/m^3,,,,,,,,,
RLW,Cyanobacteria Biovolume,2023-09-18 09:05:00.000+10:00,0.073,mm3/l,,,,,,,,,
RLW,Enterococci,2023-09-18 09:05:00.000+10:00,2,cfu/100ml,,,,,,,,,
RLW,Microcystis_Biovolume,2023-09-18 09:05:00.000+10:00,0.073,mm3/l,,,,,,,,,
RLW,Microcystis_Cell count,2023-09-18 09:05:00.000+10:00,2655,cells/ml,,,,,,,,,
RLW,Potentially Toxic Cyanobacteria,2023-09-18 09:05:00.000+10:00,2660,cells/ml,,,,,,,,,
RLW,Potentially Toxic Cyanobacteria Biovolume,2023-09-18 09:05:00.000+10:00,0.073,mm3/l,,,,,,,,,
RLW,Total Cyanobacteria,2023-09-18 09:05:00.000+10:00,2660,cells/ml,,,,,,,,,
RLM,Chlorophyll - a,2023-09-18 09:00:00.000+10:00,2,mg/m^3,,,,,,,,,
RLM,Coccoid Blue Green Picoplankton_Biovolume,2023-09-18 09:00:00.000+10:00,0,mm3/l,,,,,,,,,
RLM,Coccoid Blue Green Picoplankton_Cell count,2023-09-18 09:00:00.000+10:00,830,cells/ml,,,,,,,,,
RLM,Cyanobacteria Biovolume,2023-09-18 09:00:00.000+10:00,0.053,mm3/l,,,,,,,,,
RLM,Enterococci,2023-09-18 09:00:00.000+10:00,1,cfu/100ml,,,,,,,,,
RLM,Microcystis_Biovolume,2023-09-18 09:00:00.000+10:00,0.053,mm3/l,,,,,,,,,
RLM,Microcystis_Cell count,2023-09-18 09:00:00.000+10:00,1936,cells/ml,,,,,,,,,
RLM,Potentially Toxic Cyanobacteria,2023-09-18 09:00:00.000+10:00,1940,cells/ml,,,,,,,,,
RLM,Potentially Toxic Cyanobacteria Biovolume,2023-09-18 09:00:00.000+10:00,0.053,mm3/l,,,,,,,,,
RLM,Total Cyanobacteria,2023-09-18 09:00:00.000+10:00,2770,cells/ml,,,,,,,,,
RLE,Chlorophyll - a,2023-09-18 08:55:00.000+10:00,4.3,mg/m^3,,,,,,,,,
RLE,Coccoid Blue Green Picoplankton_Biovolume,2023-09-18 08:55:00.000+10:00,0,mm3/l,,,,,,,,,
RLE,Coccoid Blue Green Picoplankton_Cell count,2023-09-18 08:55:00.000+10:00,622,cells/ml,,,,,,,,,
RLE,Cyanobacteria Biovolume,2023-09-18 08:55:00.000+10:00,0.053,mm3/l,,,,,,,,,
RLE,Enterococci,2023-09-18 08:55:00.000+10:00,1,cfu/100ml,,,,,,,,,
RLE,Microcystis_Biovolume,2023-09-18 08:55:00.000+10:00,0.053,mm3/l,,,,,,,,,
RLE,Microcystis_Cell count,2023-09-18 08:55:00.000+10:00,1908,cells/ml,,,,,,,,,
RLE,Potentially Toxic Cyanobacteria,2023-09-18 08:55:00.000+10:00,1910,cells/ml,,,,,,,,,
RLE,Potentially Toxic Cyanobacteria Biovolume,2023-09-18 08:55:00.000+10:00,0.053,mm3/l,,,,,,,,,
RLE,Total Cyanobacteria,2023-09-18 08:55:00.000+10:00,2530,cells/ml,,,,,,,,,
RLM,Ammonia as N,2023-09-04 12:00:00.000+10:00,0.04,mg/L,0.01,,,,,,,,
RLE,Ammonia as N,2023-09-04 12:00:00.000+10:00,0.11,mg/L,0.01,,,,,,,,
RLW,Ammonia as N,2023-09-04 12:00:00.000+10:00,0.12,mg/L,0.01,,,,,,,,
RLW,Dissolved Reactive Phosphorus as P,2023-09-04 12:00:00.000+10:00,,mg/L,0.01,,,,,,,,
RLM,Dissolved Reactive Phosphorus as P,2023-09-04 12:00:00.000+10:00,,mg/L,0.01,,,,,,,,
RLE,Dissolved Reactive Phosphorus as P,2023-09-04 12:00:00.000+10:00,,mg/L,0.01,,,,,,,,
RLM,Nitrate as N,2023-09-04 12:00:00.000+10:00,,mg/L,0.01,,,,,,,,
RLW,Nitrate as N,2023-09-04 12:00:00.000+10:00,0.01,mg/L,0.01,,,,,,,,
RLE,Nitrate as N,2023-09-04 12:00:00.000+10:00,0.01,mg/L,0.01,,,,,,,,
RLM,Nitrite + Nitrate as N,2023-09-04 12:00:00.000+10:00,,mg/L,0.01,,,,,,,,
RLW,Nitrite + Nitrate as N,2023-09-04 12:00:00.000+10:00,0.01,mg/L,0.01,,,,,,,,
RLE,Nitrite + Nitrate as N,2023-09-04 12:00:00.000+10:00,0.01,mg/L,0.01,,,,,,,,
RLM,Nitrite as N,2023-09-04 12:00:00.000+10:00,,mg/L,0.01,,,,,,,,
RLW,Nitrite as N,2023-09-04 12:00:00.000+10:00,,mg/L,0.01,,,,,,,,
RLE,Nitrite as N,2023-09-04 12:00:00.000+10:00,,mg/L,0.01,,,,,,,,
RLE,Total Kjeldahl Nitrogen as N,2023-09-04 12:00:00.000+10:00,0.5,mg/L,0.1,,,,,,,,
RLM,Total Kjeldahl Nitrogen as N,2023-09-04 12:00:00.000+10:00,0.4,mg/L,0.1,,,,,,,,
RLW,Total Kjeldahl Nitrogen as N,2023-09-04 12:00:00.000+10:00,0.5,mg/L,0.1,,,,,,,,
RLW,Total Nitrogen as N,2023-09-04 12:00:00.000+10:00,0.5,mg/L,0.1,,,,,,,,
RLE,Total Nitrogen as N,2023-09-04 12:00:00.000+10:00,0.5,mg/L,0.1,,,,,,,,
RLM,Total Nitrogen as N,2023-09-04 12:00:00.000+10:00,0.4,mg/L,0.1,,,,,,,,
RLE,Total Phosphorus as P,2023-09-04 12:00:00.000+10:00,0.02,mg/L,0.01,,,,,,,,
RLM,Total Phosphorus as P,2023-09-04 12:00:00.000+10:00,0.02,mg/L,0.01,,,,,,,,
RLW,Total Phosphorus as P,2023-09-04 12:00:00.000+10:00,0.02,mg/L,0.01,,,,,,,,
RLW,Total suspended solids,2023-09-04 12:00:00.000+10:00,,mg/L,5,,,,,,,,
RLM,Total suspended solids,2023-09-04 12:00:00.000+10:00,,mg/L,5,,,,,,,,
RLE,Total suspended solids,2023-09-04 12:00:00.000+10:00,,mg/L,5,,,,,,,,
RLW,Chlorophyll - a,2023-09-04 09:30:00.000+10:00,2.2,mg/m^3,,,,,,,,,
RLW,Coccoid Blue Green Picoplankton_Biovolume,2023-09-04 09:30:00.000+10:00,0,mm3/l,,,,,,,,,
RLW,Coccoid Blue Green Picoplankton_Cell count,2023-09-04 09:30:00.000+10:00,968,cells/ml,,,,,,,,,
RLW,Cyanobacteria Biovolume,2023-09-04 09:30:00.000+10:00,0.009,mm3/l,,,,,,,,,
RLW,Enterococci,2023-09-04 09:30:00.000+10:00,1,cfu/100ml,,,,,,,,,
RLW,Microcystis_Biovolume,2023-09-04 09:30:00.000+10:00,0.009,mm3/l,,,,,,,,,
RLW,Microcystis_Cell count,2023-09-04 09:30:00.000+10:00,332,cells/ml,,,,,,,,,
RLW,Potentially Toxic Cyanobacteria,2023-09-04 09:30:00.000+10:00,332,cells/ml,,,,,,,,,
RLW,Potentially Toxic Cyanobacteria Biovolume,2023-09-04 09:30:00.000+10:00,0.009,mm3/l,,,,,,,,,
RLW,Total Cyanobacteria,2023-09-04 09:30:00.000+10:00,1300,cells/ml,,,,,,,,,
RLM,Chlorophyll - a,2023-09-04 09:20:00.000+10:00,3,mg/m^3,,,,,,,,,
RLM,Cyanobacteria Biovolume,2023-09-04 09:20:00.000+10:00,0.142,mm3/l,,,,,,,,,
RLM,Enterococci,2023-09-04 09:20:00.000+10:00,1,cfu/100ml,,,,,,,,,
RLM,Microcystis_Biovolume,2023-09-04 09:20:00.000+10:00,0.142,mm3/l,,,,,,,,,
RLM,Microcystis_Cell count,2023-09-04 09:20:00.000+10:00,5130,cells/ml,,,,,,,,,
RLM,Potentially Toxic Cyanobacteria,2023-09-04 09:20:00.000+10:00,5130,cells/ml,,,,,,,,,
RLM,Potentially Toxic Cyanobacteria Biovolume,2023-09-04 09:20:00.000+10:00,0.142,mm3/l,,,,,,,,,
RLM,Total Cyanobacteria,2023-09-04 09:20:00.000+10:00,5130,cells/ml,,,,,,,,,
RLE,Chlorophyll - a,2023-09-04 09:10:00.000+10:00,2.5,mg/m^3,,,,,,,,,
RLE,Cyanobacteria Biovolume,2023-09-04 09:10:00.000+10:00,0.024,mm3/l,,,,,,,,,
RLE,Enterococci,2023-09-04 09:10:00.000+10:00,1,cfu/100ml,,,,,,,,,
RLE,Microcystis_Biovolume,2023-09-04 09:10:00.000+10:00,0.024,mm3/l,,,,,,,,,
RLE,Microcystis_Cell count,2023-09-04 09:10:00.000+10:00,871,cells/ml,,,,,,,,,
RLE,Potentially Toxic Cyanobacteria,2023-09-04 09:10:00.000+10:00,871,cells/ml,,,,,,,,,
RLE,Potentially Toxic Cyanobacteria Biovolume,2023-09-04 09:10:00.000+10:00,0.024,mm3/l,,,,,,,,,
RLE,Total Cyanobacteria,2023-09-04 09:10:00.000+10:00,871,cells/ml,,,,,,,,,
RLW,Ammonia as N,2023-08-01 12:00:00.000+10:00,0.11,mg/L,0.01,,,,,,,,
RLE,Ammonia as N,2023-08-01 12:00:00.000+10:00,0.02,mg/L,0.01,,,,,,,,
RLM,Ammonia as N,2023-08-01 12:00:00.000+10:00,0.09,mg/L,0.01,,,,,,,,
RLW,Dissolved Reactive Phosphorus as P,2023-08-01 12:00:00.000+10:00,,mg/L,0.01,,,,,,,,
RLM,Dissolved Reactive Phosphorus as P,2023-08-01 12:00:00.000+10:00,,mg/L,0.01,,,,,,,,
RLE,Dissolved Reactive Phosphorus as P,2023-08-01 12:00:00.000+10:00,,mg/L,0.01,,,,,,,,
RLM,Nitrate as N,2023-08-01 12:00:00.000+10:00,,mg/L,0.01,,,,,,,,
RLW,Nitrate as N,2023-08-01 12:00:00.000+10:00,,mg/L,0.01,,,,,,,,
RLE,Nitrate as N,2023-08-01 12:00:00.000+10:00,,mg/L,0.01,,,,,,,,
RLE,Nitrite + Nitrate as N,2023-08-01 12:00:00.000+10:00,,mg/L,0.01,,,,,,,,
RLW,Nitrite + Nitrate as N,2023-08-01 12:00:00.000+10:00,,mg/L,0.01,,,,,,,,
RLM,Nitrite + Nitrate as N,2023-08-01 12:00:00.000+10:00,,mg/L,0.01,,,,,,,,
RLW,Nitrite as N,2023-08-01 12:00:00.000+10:00,,mg/L,0.01,,,,,,,,
RLE,Nitrite as N,2023-08-01 12:00:00.000+10:00,,mg/L,0.01,,,,,,,,
RLM,Nitrite as N,2023-08-01 12:00:00.000+10:00,,mg/L,0.01,,,,,,,,
RLE,Total Kjeldahl Nitrogen as N,2023-08-01 12:00:00.000+10:00,0.5,mg/L,0.1,,,,,,,,
RLM,Total Kjeldahl Nitrogen as N,2023-08-01 12:00:00.000+10:00,0.5,mg/L,0.1,,,,,,,,
RLW,Total Kjeldahl Nitrogen as N,2023-08-01 12:00:00.000+10:00,0.5,mg/L,0.1,,,,,,,,
RLM,Total Nitrogen as N,2023-08-01 12:00:00.000+10:00,0.5,mg/L,0.1,,,,,,,,
RLE,Total Nitrogen as N,2023-08-01 12:00:00.000+10:00,0.5,mg/L,0.1,,,,,,,,
RLW,Total Nitrogen as N,2023-08-01 12:00:00.000+10:00,0.5,mg/L,0.1,,,,,,,,
RLM,Total Phosphorus as P,2023-08-01 12:00:00.000+10:00,0.01,mg/L,0.01,,,,,,,,
RLE,Total Phosphorus as P,2023-08-01 12:00:00.000+10:00,0.02,mg/L,0.01,,,,,,,,
RLW,Total Phosphorus as P,2023-08-01 12:00:00.000+10:00,0.04,mg/L,0.01,,,,,,,,
RLE,Total suspended solids,2023-08-01 12:00:00.000+10:00,6,mg/L,5,,,,,,,,
RLM,Total suspended solids,2023-08-01 12:00:00.000+10:00,,mg/L,5,,,,,,,,
RLW,Total suspended solids,2023-08-01 12:00:00.000+10:00,,mg/L,5,,,,,,,,
RLW,Chlorophyll - a,2023-08-01 09:30:00.000+10:00,7.7,mg/m^3,,,,,,,,,
RLW,Coccoid Blue Green Picoplankton_Biovolume,2023-08-01 09:30:00.000+10:00,0.021,mm3/l,,,,,,,,,
RLW,Coccoid Blue Green Picoplankton_Cell count,2023-08-01 09:30:00.000+10:00,47702,cells/ml,,,,,,,,,
RLW,Cyanobacteria Biovolume,2023-08-01 09:30:00.000+10:00,0.023,mm3/l,,,,,,,,,
RLW,Enterococci,2023-08-01 09:30:00.000+10:00,1,cfu/100ml,,,,,,,,,
RLW,Potentially Toxic Cyanobacteria,2023-08-01 09:30:00.000+10:00,0,cells/ml,,,,,,,,,
RLW,Potentially Toxic Cyanobacteria Biovolume,2023-08-01 09:30:00.000+10:00,0,mm3/l,,,,,,,,,
RLW,Pseudanabaena_Biovolume,2023-08-01 09:30:00.000+10:00,0.002,mm3/l,,,,,,,,,
RLW,Pseudanabaena_Cell count,2023-08-01 09:30:00.000+10:00,260,cells/ml,,,,,,,,,
RLW,Total Cyanobacteria,2023-08-01 09:30:00.000+10:00,47960,cells/ml,,,,,,,,,
RLM,Chlorophyll - a,2023-08-01 09:20:00.000+10:00,8.5,mg/m^3,,,,,,,,,
RLM,Coccoid Blue Green Picoplankton_Biovolume,2023-08-01 09:20:00.000+10:00,0.01,mm3/l,,,,,,,,,
RLM,Coccoid Blue Green Picoplankton_Cell count,2023-08-01 09:20:00.000+10:00,22717,cells/ml,,,,,,,,,
RLM,Cyanobacteria Biovolume,2023-08-01 09:20:00.000+10:00,0.028,mm3/l,,,,,,,,,
RLM,Enterococci,2023-08-01 09:20:00.000+10:00,2,cfu/100ml,,,,,,,,,
RLM,Microcystis_Biovolume,2023-08-01 09:20:00.000+10:00,0.018,mm3/l,,,,,,,,,
RLM,Microcystis_Cell count,2023-08-01 09:20:00.000+10:00,678,cells/ml,,,,,,,,,
RLM,Potentially Toxic Cyanobacteria,2023-08-01 09:20:00.000+10:00,678,cells/ml,,,,,,,,,
RLM,Potentially Toxic Cyanobacteria Biovolume,2023-08-01 09:20:00.000+10:00,0.018,mm3/l,,,,,,,,,
RLM,Total Cyanobacteria,2023-08-01 09:20:00.000+10:00,23400,cells/ml,,,,,,,,,
RLE,Chlorophyll - a,2023-08-01 09:10:00.000+10:00,10,mg/m^3,,,,,,,,,
RLE,Coccoid Blue Green Picoplankton_Biovolume,2023-08-01 09:10:00.000+10:00,0.01,mm3/l,,,,,,,,,
RLE,Coccoid Blue Green Picoplankton_Cell count,2023-08-01 09:10:00.000+10:00,24266,cells/ml,,,,,,,,,
RLE,Cyanobacteria Biovolume,2023-08-01 09:10:00.000+10:00,0.053,mm3/l,,,,,,,,,
RLE,Enterococci,2023-08-01 09:10:00.000+10:00,1,cfu/100ml,,,,,,,,,
RLE,Microcystis_Biovolume,2023-08-01 09:10:00.000+10:00,0.043,mm3/l,,,,,,,,,
RLE,Microcystis_Cell count,2023-08-01 09:10:00.000+10:00,1556,cells/ml,,,,,,,,,
RLE,Potentially Toxic Cyanobacteria,2023-08-01 09:10:00.000+10:00,1560,cells/ml,,,,,,,,,
RLE,Potentially Toxic Cyanobacteria Biovolume,2023-08-01 09:10:00.000+10:00,0.043,mm3/l,,,,,,,,,
RLE,Total Cyanobacteria,2023-08-01 09:10:00.000+10:00,25820,cells/ml,,,,,,,,,
RLE,Ammonia as N,2023-07-03 12:00:00.000+10:00,0.03,mg/L,0.01,,,,,,,,
RLM,Ammonia as N,2023-07-03 12:00:00.000+10:00,0.05,mg/L,0.01,,,,,,,,
RLW,Ammonia as N,2023-07-03 12:00:00.000+10:00,0.03,mg/L,0.01,,,,,,,,
RLE,Dissolved Reactive Phosphorus as P,2023-07-03 12:00:00.000+10:00,,mg/L,0.01,,,,,,,,
RLM,Dissolved Reactive Phosphorus as P,2023-07-03 12:00:00.000+10:00,,mg/L,0.01,,,,,,,,
RLW,Dissolved Reactive Phosphorus as P,2023-07-03 12:00:00.000+10:00,,mg/L,0.01,,,,,,,,
RLE,Nitrate as N,2023-07-03 12:00:00.000+10:00,0.03,mg/L,0.01,,,,,,,,
RLM,Nitrate as N,2023-07-03 12:00:00.000+10:00,0.02,mg/L,0.01,,,,,,,,
RLW,Nitrate as N,2023-07-03 12:00:00.000+10:00,,mg/L,0.01,,,,,,,,
RLW,Nitrite + Nitrate as N,2023-07-03 12:00:00.000+10:00,,mg/L,0.01,,,,,,,,
RLE,Nitrite + Nitrate as N,2023-07-03 12:00:00.000+10:00,0.03,mg/L,0.01,,,,,,,,
RLM,Nitrite + Nitrate as N,2023-07-03 12:00:00.000+10:00,0.02,mg/L,0.01,,,,,,,,
RLW,Nitrite as N,2023-07-03 12:00:00.000+10:00,,mg/L,0.01,,,,,,,,
RLM,Nitrite as N,2023-07-03 12:00:00.000+10:00,,mg/L,0.01,,,,,,,,
RLE,Nitrite as N,2023-07-03 12:00:00.000+10:00,,mg/L,0.01,,,,,,,,
RLE,Total Kjeldahl Nitrogen as N,2023-07-03 12:00:00.000+10:00,0.5,mg/L,0.1,,,,,,,,
RLM,Total Kjeldahl Nitrogen as N,2023-07-03 12:00:00.000+10:00,0.6,mg/L,0.1,,,,,,,,
RLW,Total Kjeldahl Nitrogen as N,2023-07-03 12:00:00.000+10:00,0.5,mg/L,0.1,,,,,,,,
RLM,Total Nitrogen as N,2023-07-03 12:00:00.000+10:00,0.6,mg/L,0.1,,,,,,,,
RLW,Total Nitrogen as N,2023-07-03 12:00:00.000+10:00,0.5,mg/L,0.1,,,,,,,,
RLE,Total Nitrogen as N,2023-07-03 12:00:00.000+10:00,0.5,mg/L,0.1,,,,,,,,
RLE,Total Phosphorus as P,2023-07-03 12:00:00.000+10:00,0.02,mg/L,0.01,,,,,,,,
RLM,Total Phosphorus as P,2023-07-03 12:00:00.000+10:00,0.03,mg/L,0.01,,,,,,,,
RLW,Total Phosphorus as P,2023-07-03 12:00:00.000+10:00,0.02,mg/L,0.01,,,,,,,,
RLW,Total suspended solids,2023-07-03 12:00:00.000+10:00,7,mg/L,5,,,,,,,,
RLE,Total suspended solids,2023-07-03 12:00:00.000+10:00,8,mg/L,5,,,,,,,,
RLM,Total suspended solids,2023-07-03 12:00:00.000+10:00,8,mg/L,5,,,,,,,,
RLW,Chlorophyll - a,2023-07-03 09:40:00.000+10:00,11.1,mg/m^3,,,,,,,,,
RLW,Coccoid Blue Green Picoplankton_Biovolume,2023-07-03 09:40:00.000+10:00,0.012,mm3/l,,,,,,,,,
RLW,Coccoid Blue Green Picoplankton_Cell count,2023-07-03 09:40:00.000+10:00,26644,cells/ml,,,,,,,,,
RLW,Cyanobacteria Biovolume,2023-07-03 09:40:00.000+10:00,0.058,mm3/l,,,,,,,,,
RLW,Enterococci,2023-07-03 09:40:00.000+10:00,1,cfu/100ml,,,,,,,,,
RLW,Microcystis_Biovolume,2023-07-03 09:40:00.000+10:00,0.046,mm3/l,,,,,,,,,
RLW,Microcystis_Cell count,2023-07-03 09:40:00.000+10:00,1659,cells/ml,,,,,,,,,
RLW,Potentially Toxic Cyanobacteria,2023-07-03 09:40:00.000+10:00,1660,cells/ml,,,,,,,,,
RLW,Potentially Toxic Cyanobacteria Biovolume,2023-07-03 09:40:00.000+10:00,0.046,mm3/l,,,,,,,,,
RLW,Total Cyanobacteria,2023-07-03 09:40:00.000+10:00,28300,cells/ml,,,,,,,,,
RLM,Chlorophyll - a,2023-07-03 09:30:00.000+10:00,10.4,mg/m^3,,,,,,,,,
RLM,Coccoid Blue Green Picoplankton_Biovolume,2023-07-03 09:30:00.000+10:00,0.018,mm3/l,,,,,,,,,
RLM,Coccoid Blue Green Picoplankton_Cell count,2023-07-03 09:30:00.000+10:00,41812,cells/ml,,,,,,,,,
RLM,Cuspidothrix issatschenkoi_Biovolume,2023-07-03 09:30:00.000+10:00,0.029,mm3/l,,,,,,,,,
RLM,Cuspidothrix issatschenkoi_Cell count,2023-07-03 09:30:00.000+10:00,538,cells/ml,,,,,,,,,
RLM,Cyanobacteria Biovolume,2023-07-03 09:30:00.000+10:00,0.449,mm3/l,,,,,,,,,
RLM,Enterococci,2023-07-03 09:30:00.000+10:00,1,cfu/100ml,,,,,,,,,
RLM,Microcystis_Biovolume,2023-07-03 09:30:00.000+10:00,0.402,mm3/l,,,,,,,,,
RLM,Microcystis_Cell count,2023-07-03 09:30:00.000+10:00,14454,cells/ml,,,,,,,,,
RLM,Potentially Toxic Cyanobacteria,2023-07-03 09:30:00.000+10:00,14450,cells/ml,,,,,,,,,
RLM,Potentially Toxic Cyanobacteria Biovolume,2023-07-03 09:30:00.000+10:00,0.402,mm3/l,,,,,,,,,
RLM,Total Cyanobacteria,2023-07-03 09:30:00.000+10:00,56800,cells/ml,,,,,,,,,
RLE,Chlorophyll - a,2023-07-03 09:20:00.000+10:00,9.6,mg/m^3,,,,,,,,,
RLE,Coccoid Blue Green Picoplankton_Biovolume,2023-07-03 09:20:00.000+10:00,0.031,mm3/l,,,,,,,,,
RLE,Coccoid Blue Green Picoplankton_Cell count,2023-07-03 09:20:00.000+10:00,70579,cells/ml,,,,,,,,,
RLE,Cyanobacteria Biovolume,2023-07-03 09:20:00.000+10:00,0.077,mm3/l,,,,,,,,,
RLE,Enterococci,2023-07-03 09:20:00.000+10:00,1,cfu/100ml,,,,,,,,,
RLE,Microcystis_Biovolume,2023-07-03 09:20:00.000+10:00,0.046,mm3/l,,,,,,,,,
RLE,Microcystis_Cell count,2023-07-03 09:20:00.000+10:00,1659,cells/ml,,,,,,,,,
RLE,Potentially Toxic Cyanobacteria,2023-07-03 09:20:00.000+10:00,1660,cells/ml,,,,,,,,,
RLE,Potentially Toxic Cyanobacteria Biovolume,2023-07-03 09:20:00.000+10:00,0.046,mm3/l,,,,,,,,,
RLE,Total Cyanobacteria,2023-07-03 09:20:00.000+10:00,72240,cells/ml,,,,,,,,,
RLM,Ammonia as N,2023-06-05 12:00:00.000+10:00,,mg/L,0.01,,,,,,,,
RLE,Ammonia as N,2023-06-05 12:00:00.000+10:00,,mg/L,0.01,,,,,,,,
RLW,Ammonia as N,2023-06-05 12:00:00.000+10:00,,mg/L,0.01,,,,,,,,
RLW,Dissolved Reactive Phosphorus as P,2023-06-05 12:00:00.000+10:00,,mg/L,0.01,,,,,,,,
RLE,Dissolved Reactive Phosphorus as P,2023-06-05 12:00:00.000+10:00,,mg/L,0.01,,,,,,,,
RLM,Dissolved Reactive Phosphorus as P,2023-06-05 12:00:00.000+10:00,,mg/L,0.01,,,,,,,,
RLE,Nitrate as N,2023-06-05 12:00:00.000+10:00,,mg/L,0.01,,,,,,,,
RLW,Nitrate as N,2023-06-05 12:00:00.000+10:00,,mg/L,0.01,,,,,,,,
RLM,Nitrate as N,2023-06-05 12:00:00.000+10:00,,mg/L,0.01,,,,,,,,
RLM,Nitrite + Nitrate as N,2023-06-05 12:00:00.000+10:00,,mg/L,0.01,,,,,,,,
RLE,Nitrite + Nitrate as N,2023-06-05 12:00:00.000+10:00,,mg/L,0.01,,,,,,,,
RLW,Nitrite + Nitrate as N,2023-06-05 12:00:00.000+10:00,,mg/L,0.01,,,,,,,,
RLM,Nitrite as N,2023-06-05 12:00:00.000+10:00,,mg/L,0.01,,,,,,,,
RLE,Nitrite as N,2023-06-05 12:00:00.000+10:00,,mg/L,0.01,,,,,,,,
RLW,Nitrite as N,2023-06-05 12:00:00.000+10:00,,mg/L,0.01,,,,,,,,
RLW,Total Kjeldahl Nitrogen as N,2023-06-05 12:00:00.000+10:00,0.3,mg/L,0.1,,,,,,,,
RLE,Total Kjeldahl Nitrogen as N,2023-06-05 12:00:00.000+10:00,0.4,mg/L,0.1,,,,,,,,
RLM,Total Kjeldahl Nitrogen as N,2023-06-05 12:00:00.000+10:00,0.5,mg/L,0.1,,,,,,,,
RLE,Total Nitrogen as N,2023-06-05 12:00:00.000+10:00,0.4,mg/L,0.1,,,,,,,,
RLM,Total Nitrogen as N,2023-06-05 12:00:00.000+10:00,0.5,mg/L,0.1,,,,,,,,
RLW,Total Nitrogen as N,2023-06-05 12:00:00.000+10:00,0.3,mg/L,0.1,,,,,,,,
RLE,Total Phosphorus as P,2023-06-05 12:00:00.000+10:00,0.02,mg/L,0.01,,,,,,,,
RLM,Total Phosphorus as P,2023-06-05 12:00:00.000+10:00,0.02,mg/L,0.01,,,,,,,,
RLW,Total Phosphorus as P,2023-06-05 12:00:00.000+10:00,,mg/L,0.01,,,,,,,,
RLW,Total suspended solids,2023-06-05 12:00:00.000+10:00,,mg/L,5,,,,,,,,
RLE,Total suspended solids,2023-06-05 12:00:00.000+10:00,6,mg/L,5,,,,,,,,
RLM,Total suspended solids,2023-06-05 12:00:00.000+10:00,,mg/L,5,,,,,,,,
RLW,Chlorophyll - a,2023-06-05 09:20:00.000+10:00,13.7,mg/m^3,,,,,,,,,
RLW,Coccoid Blue Green Picoplankton_Biovolume,2023-06-05 09:20:00.000+10:00,0.002,mm3/l,,,,,,,,,
RLW,Coccoid Blue Green Picoplankton_Cell count,2023-06-05 09:20:00.000+10:00,6084,cells/ml,,,,,,,,,
RLW,Cuspidothrix issatschenkoi_Biovolume,2023-06-05 09:20:00.000+10:00,0.033,mm3/l,,,,,,,,,
RLW,Cuspidothrix issatschenkoi_Cell count,2023-06-05 09:20:00.000+10:00,624,cells/ml,,,,,,,,,
RLW,Cyanobacteria Biovolume,2023-06-05 09:20:00.000+10:00,0.044,mm3/l,,,,,,,,,
RLW,Enterococci,2023-06-05 09:20:00.000+10:00,1,cfu/100ml,,,,,,,,,
RLW,Microcystis_Biovolume,2023-06-05 09:20:00.000+10:00,0.009,mm3/l,,,,,,,,,
RLW,Microcystis_Cell count,2023-06-05 09:20:00.000+10:00,332,cells/ml,,,,,,,,,
RLW,Potentially Toxic Cyanobacteria,2023-06-05 09:20:00.000+10:00,332,cells/ml,,,,,,,,,
RLW,Potentially Toxic Cyanobacteria Biovolume,2023-06-05 09:20:00.000+10:00,0.009,mm3/l,,,,,,,,,
RLW,Total Cyanobacteria,2023-06-05 09:20:00.000+10:00,7040,cells/ml,,,,,,,,,
RLM,Chlorophyll - a,2023-06-05 09:10:00.000+10:00,11,mg/m^3,,,,,,,,,
RLM,Coccoid Blue Green Picoplankton_Biovolume,2023-06-05 09:10:00.000+10:00,0.001,mm3/l,,,,,,,,,
RLM,Coccoid Blue Green Picoplankton_Cell count,2023-06-05 09:10:00.000+10:00,3180,cells/ml,,,,,,,,,
RLM,Cuspidothrix issatschenkoi_Biovolume,2023-06-05 09:10:00.000+10:00,0.047,mm3/l,,,,,,,,,
RLM,Cuspidothrix issatschenkoi_Cell count,2023-06-05 09:10:00.000+10:00,867,cells/ml,,,,,,,,,
RLM,Cyanobacteria Biovolume,2023-06-05 09:10:00.000+10:00,0.073,mm3/l,,,,,,,,,
RLM,Enterococci,2023-06-05 09:10:00.000+10:00,1,cfu/100ml,,,,,,,,,
RLM,Microcystis_Biovolume,2023-06-05 09:10:00.000+10:00,0.025,mm3/l,,,,,,,,,
RLM,Microcystis_Cell count,2023-06-05 09:10:00.000+10:00,913,cells/ml,,,,,,,,,
RLM,Potentially Toxic Cyanobacteria,2023-06-05 09:10:00.000+10:00,913,cells/ml,,,,,,,,,
RLM,Potentially Toxic Cyanobacteria Biovolume,2023-06-05 09:10:00.000+10:00,0.025,mm3/l,,,,,,,,,
RLM,Total Cyanobacteria,2023-06-05 09:10:00.000+10:00,4960,cells/ml,,,,,,,,,
RLE,Chlorophyll - a,2023-06-05 09:05:00.000+10:00,26.3,mg/m^3,,,,,,,,,
RLE,Coccoid Blue Green Picoplankton_Biovolume,2023-06-05 09:05:00.000+10:00,0,mm3/l,,,,,,,,,
RLE,Coccoid Blue Green Picoplankton_Cell count,2023-06-05 09:05:00.000+10:00,553,cells/ml,,,,,,,,,
RLE,Cuspidothrix issatschenkoi_Biovolume,2023-06-05 09:05:00.000+10:00,0.151,mm3/l,,,,,,,,,
RLE,Cuspidothrix issatschenkoi_Cell count,2023-06-05 09:05:00.000+10:00,2789,cells/ml,,,,,,,,,
RLE,Cyanobacteria Biovolume,2023-06-05 09:05:00.000+10:00,0.196,mm3/l,,,,,,,,,
RLE,Enterococci,2023-06-05 09:05:00.000+10:00,1,cfu/100ml,,,,,,,,,
RLE,Microcystis_Biovolume,2023-06-05 09:05:00.000+10:00,0.045,mm3/l,,,,,,,,,
RLE,Microcystis_Cell count,2023-06-05 09:05:00.000+10:00,1618,cells/ml,,,,,,,,,
RLE,Potentially Toxic Cyanobacteria,2023-06-05 09:05:00.000+10:00,1620,cells/ml,,,,,,,,,
RLE,Potentially Toxic Cyanobacteria Biovolume,2023-06-05 09:05:00.000+10:00,0.045,mm3/l,,,,,,,,,
RLE,Total Cyanobacteria,2023-06-05 09:05:00.000+10:00,4960,cells/ml,,,,,,,,,
RLM,Ammonia as N,2023-05-03 12:00:00.000+10:00,0.03,mg/L,0.01,,,,,,,,
RLW,Ammonia as N,2023-05-03 12:00:00.000+10:00,0.06,mg/L,0.01,,,,,,,,
RLE,Ammonia as N,2023-05-03 12:00:00.000+10:00,,mg/L,0.01,,,,,,,,
RLM,Chlorophyll - a,2023-05-03 12:00:00.000+10:00,27.6,mg/m^3,,,,,,,,,
RLE,Chlorophyll - a,2023-05-03 12:00:00.000+10:00,23.8,mg/m^3,,,,,,,,,
RLW,Chlorophyll - a,2023-05-03 12:00:00.000+10:00,18.7,mg/m^3,,,,,,,,,
RLE,Coccoid Blue Green Picoplankton_Biovolume,2023-05-03 12:00:00.000+10:00,0.015,mm3/l,,,,,,,,,
RLM,Coccoid Blue Green Picoplankton_Biovolume,2023-05-03 12:00:00.000+10:00,0.015,mm3/l,,,,,,,,,
RLW,Coccoid Blue Green Picoplankton_Biovolume,2023-05-03 12:00:00.000+10:00,0.017,mm3/l,,,,,,,,,
RLM,Coccoid Blue Green Picoplankton_Cell count,2023-05-03 12:00:00.000+10:00,35258,cells/ml,,,,,,,,,
RLE,Coccoid Blue Green Picoplankton_Cell count,2023-05-03 12:00:00.000+10:00,33226,cells/ml,,,,,,,,,
RLW,Coccoid Blue Green Picoplankton_Cell count,2023-05-03 12:00:00.000+10:00,38473,cells/ml,,,,,,,,,
RLW,Cuspidothrix issatschenkoi_Biovolume,2023-05-03 12:00:00.000+10:00,0.009,mm3/l,,,,,,,,,
RLW,Cuspidothrix issatschenkoi_Cell count,2023-05-03 12:00:00.000+10:00,173,cells/ml,,,,,,,,,
RLW,Cyanobacteria Biovolume,2023-05-03 12:00:00.000+10:00,0.068,mm3/l,,,,,,,,,
RLE,Cyanobacteria Biovolume,2023-05-03 12:00:00.000+10:00,0.079,mm3/l,,,,,,,,,
RLM,Cyanobacteria Biovolume,2023-05-03 12:00:00.000+10:00,0.221,mm3/l,,,,,,,,,
RLM,Dissolved Reactive Phosphorus as P,2023-05-03 12:00:00.000+10:00,,mg/L,0.01,,,,,,,,
RLE,Dissolved Reactive Phosphorus as P,2023-05-03 12:00:00.000+10:00,,mg/L,0.01,,,,,,,,
RLW,Dissolved Reactive Phosphorus as P,2023-05-03 12:00:00.000+10:00,,mg/L,0.01,,,,,,,,
RLM,Dolichospermum cf planctonicum/smithii_Biovolume,2023-05-03 12:00:00.000+10:00,0.175,mm3/l,,,,,,,,,
RLM,Dolichospermum cf planctonicum/smithii_Cell count,2023-05-03 12:00:00.000+10:00,694,cells/ml,,,,,,,,,
RLE,Enterococci,2023-05-03 12:00:00.000+10:00,1,cfu/100ml,,,,,,,,,
RLW,Enterococci,2023-05-03 12:00:00.000+10:00,2,cfu/100ml,,,,,,,,,
RLM,Enterococci,2023-05-03 12:00:00.000+10:00,4,cfu/100ml,,,,,,,,,
RLE,Merismopedia_Biovolume,2023-05-03 12:00:00.000+10:00,0.004,mm3/l,,,,,,,,,
RLE,Merismopedia_Cell count,2023-05-03 12:00:00.000+10:00,553,cells/ml,,,,,,,,,
RLW,Microcystis species 2_Biovolume,2023-05-03 12:00:00.000+10:00,0.017,mm3/l,,,,,,,,,
RLW,Microcystis species 2_Cell count,2023-05-03 12:00:00.000+10:00,207,cells/ml,,,,,,,,,
RLW,Microcystis_Biovolume,2023-05-03 12:00:00.000+10:00,0.025,mm3/l,,,,,,,,,
RLM,Microcystis_Biovolume,2023-05-03 12:00:00.000+10:00,0.031,mm3/l,,,,,,,,,
RLE,Microcystis_Biovolume,2023-05-03 12:00:00.000+10:00,0.011,mm3/l,,,,,,,,,
RLW,Microcystis_Cell count,2023-05-03 12:00:00.000+10:00,913,cells/ml,,,,,,,,,
RLE,Microcystis_Cell count,2023-05-03 12:00:00.000+10:00,415,cells/ml,,,,,,,,,
RLM,Microcystis_Cell count,2023-05-03 12:00:00.000+10:00,1141,cells/ml,,,,,,,,,
RLW,Nitrate as N,2023-05-03 12:00:00.000+10:00,,mg/L,0.01,,,,,,,,
RLE,Nitrate as N,2023-05-03 12:00:00.000+10:00,,mg/L,0.01,,,,,,,,
RLM,Nitrate as N,2023-05-03 12:00:00.000+10:00,,mg/L,0.01,,,,,,,,
RLE,Nitrite + Nitrate as N,2023-05-03 12:00:00.000+10:00,,mg/L,0.01,,,,,,,,
RLW,Nitrite + Nitrate as N,2023-05-03 12:00:00.000+10:00,,mg/L,0.01,,,,,,,,
RLM,Nitrite + Nitrate as N,2023-05-03 12:00:00.000+10:00,,mg/L,0.01,,,,,,,,
RLM,Nitrite as N,2023-05-03 12:00:00.000+10:00,,mg/L,0.01,,,,,,,,
RLW,Nitrite as N,2023-05-03 12:00:00.000+10:00,,mg/L,0.01,,,,,,,,
RLE,Nitrite as N,2023-05-03 12:00:00.000+10:00,,mg/L,0.01,,,,,,,,
RLE,Potentially Toxic Cyanobacteria,2023-05-03 12:00:00.000+10:00,415,cells/ml,,,,,,,,,
RLW,Potentially Toxic Cyanobacteria,2023-05-03 12:00:00.000+10:00,1120,cells/ml,,,,,,,,,
RLM,Potentially Toxic Cyanobacteria,2023-05-03 12:00:00.000+10:00,1140,cells/ml,,,,,,,,,
RLW,Potentially Toxic Cyanobacteria Biovolume,2023-05-03 12:00:00.000+10:00,0.042,mm3/l,,,,,,,,,
RLM,Potentially Toxic Cyanobacteria Biovolume,2023-05-03 12:00:00.000+10:00,0.031,mm3/l,,,,,,,,,
RLE,Potentially Toxic Cyanobacteria Biovolume,2023-05-03 12:00:00.000+10:00,0.011,mm3/l,,,,,,,,,
RLE,Snowella_Biovolume,2023-05-03 12:00:00.000+10:00,0.008,mm3/l,,,,,,,,,
RLE,Snowella_Cell count,2023-05-03 12:00:00.000+10:00,1055,cells/ml,,,,,,,,,
RLE,Total Cyanobacteria,2023-05-03 12:00:00.000+10:00,37520,cells/ml,,,,,,,,,
RLM,Total Cyanobacteria,2023-05-03 12:00:00.000+10:00,37090,cells/ml,,,,,,,,,
RLW,Total Cyanobacteria,2023-05-03 12:00:00.000+10:00,39770,cells/ml,,,,,,,,,
RLE,Total Kjeldahl Nitrogen as N,2023-05-03 12:00:00.000+10:00,0.7,mg/L,0.1,,,,,,,,
RLW,Total Kjeldahl Nitrogen as N,2023-05-03 12:00:00.000+10:00,0.5,mg/L,0.1,,,,,,,,
RLM,Total Kjeldahl Nitrogen as N,2023-05-03 12:00:00.000+10:00,0.5,mg/L,0.1,,,,,,,,
RLE,Total Nitrogen as N,2023-05-03 12:00:00.000+10:00,0.7,mg/L,0.1,,,,,,,,
RLW,Total Nitrogen as N,2023-05-03 12:00:00.000+10:00,0.5,mg/L,0.1,,,,,,,,
RLM,Total Nitrogen as N,2023-05-03 12:00:00.000+10:00,0.5,mg/L,0.1,,,,,,,,
RLW,Total Phosphorus as P,2023-05-03 12:00:00.000+10:00,0.02,mg/L,0.01,,,,,,,,
RLE,Total Phosphorus as P,2023-05-03 12:00:00.000+10:00,0.04,mg/L,0.01,,,,,,,,
RLM,Total Phosphorus as P,2023-05-03 12:00:00.000+10:00,0.04,mg/L,0.01,,,,,,,,
RLE,Total suspended solids,2023-05-03 12:00:00.000+10:00,5,mg/L,5,,,,,,,,
RLM,Total suspended solids,2023-05-03 12:00:00.000+10:00,,mg/L,5,,,,,,,,
RLW,Total suspended solids,2023-05-03 12:00:00.000+10:00,,mg/L,5,,,,,,,,
RLE,Woronichinia_Biovolume,2023-05-03 12:00:00.000+10:00,0.041,mm3/l,,,,,,,,,
RLE,Woronichinia_Cell count,2023-05-03 12:00:00.000+10:00,2272,cells/ml,,,,,,,,,
RLE,Ammonia as N,2023-04-17 12:00:00.000+10:00,0.02,mg/L,0.01,,,,,,,,
RLW,Ammonia as N,2023-04-17 12:00:00.000+10:00,0.02,mg/L,0.01,,,,,,,,
RLM,Ammonia as N,2023-04-17 12:00:00.000+10:00,0.04,mg/L,0.01,,,,,,,,
RLW,Dissolved Reactive Phosphorus as P,2023-04-17 12:00:00.000+10:00,,mg/L,0.01,,,,,,,,
RLM,Dissolved Reactive Phosphorus as P,2023-04-17 12:00:00.000+10:00,,mg/L,0.01,,,,,,,,
RLE,Dissolved Reactive Phosphorus as P,2023-04-17 12:00:00.000+10:00,,mg/L,0.01,,,,,,,,
RLE,Nitrate as N,2023-04-17 12:00:00.000+10:00,0.04,mg/L,0.01,,,,,,,,
RLW,Nitrate as N,2023-04-17 12:00:00.000+10:00,,mg/L,0.01,,,,,,,,
RLM,Nitrate as N,2023-04-17 12:00:00.000+10:00,,mg/L,0.01,,,,,,,,
RLW,Nitrite + Nitrate as N,2023-04-17 12:00:00.000+10:00,,mg/L,0.01,,,,,,,,
RLM,Nitrite + Nitrate as N,2023-04-17 12:00:00.000+10:00,,mg/L,0.01,,,,,,,,
RLE,Nitrite + Nitrate as N,2023-04-17 12:00:00.000+10:00,0.04,mg/L,0.01,,,,,,,,
RLW,Nitrite as N,2023-04-17 12:00:00.000+10:00,,mg/L,0.01,,,,,,,,
RLM,Nitrite as N,2023-04-17 12:00:00.000+10:00,,mg/L,0.01,,,,,,,,
RLE,Nitrite as N,2023-04-17 12:00:00.000+10:00,,mg/L,0.01,,,,,,,,
RLM,Total Kjeldahl Nitrogen as N,2023-04-17 12:00:00.000+10:00,0.5,mg/L,0.1,,,,,,,,
RLE,Total Kjeldahl Nitrogen as N,2023-04-17 12:00:00.000+10:00,0.6,mg/L,0.1,,,,,,,,
RLW,Total Kjeldahl Nitrogen as N,2023-04-17 12:00:00.000+10:00,0.5,mg/L,0.1,,,,,,,,
RLE,Total Nitrogen as N,2023-04-17 12:00:00.000+10:00,0.6,mg/L,0.1,,,,,,,,
RLW,Total Nitrogen as N,2023-04-17 12:00:00.000+10:00,0.5,mg/L,0.1,,,,,,,,
RLM,Total Nitrogen as N,2023-04-17 12:00:00.000+10:00,0.5,mg/L,0.1,,,,,,,,
RLW,Total Phosphorus as P,2023-04-17 12:00:00.000+10:00,0.04,mg/L,0.01,,,,,,,,
RLM,Total Phosphorus as P,2023-04-17 12:00:00.000+10:00,0.04,mg/L,0.01,,,,,,,,
RLE,Total Phosphorus as P,2023-04-17 12:00:00.000+10:00,0.03,mg/L,0.01,,,,,,,,
RLE,Total suspended solids,2023-04-17 12:00:00.000+10:00,5,mg/L,5,,,,,,,,
RLW,Total suspended solids,2023-04-17 12:00:00.000+10:00,6,mg/L,5,,,,,,,,
RLM,Total suspended solids,2023-04-17 12:00:00.000+10:00,6,mg/L,5,,,,,,,,
RLW,Chlorophyll - a,2023-04-17 08:50:00.000+10:00,17,mg/m^3,,,,,,,,,
RLW,Coccoid Blue Green Picoplankton_Biovolume,2023-04-17 08:50:00.000+10:00,0.025,mm3/l,,,,,,,,,
RLW,Coccoid Blue Green Picoplankton_Cell count,2023-04-17 08:50:00.000+10:00,57187,cells/ml,,,,,,,,,
RLW,Cyanobacteria Biovolume,2023-04-17 08:50:00.000+10:00,0.202,mm3/l,,,,,,,,,
RLW,Enterococci,2023-04-17 08:50:00.000+10:00,10,cfu/100ml,,,,,,,,,
RLW,Merismopedia_Biovolume,2023-04-17 08:50:00.000+10:00,0.002,mm3/l,,,,,,,,,
RLW,Merismopedia_Cell count,2023-04-17 08:50:00.000+10:00,277,cells/ml,,,,,,,,,
RLW,Microcystis_Biovolume,2023-04-17 08:50:00.000+10:00,0.026,mm3/l,,,,,,,,,
RLW,Microcystis_Cell count,2023-04-17 08:50:00.000+10:00,968,cells/ml,,,,,,,,,
RLW,Phormidium species 2_Biovolume,2023-04-17 08:50:00.000+10:00,0.107,mm3/l,,,,,,,,,
RLW,Phormidium species 2_Cell count,2023-04-17 08:50:00.000+10:00,295,cells/ml,,,,,,,,,
RLW,Potentially Toxic Cyanobacteria,2023-04-17 08:50:00.000+10:00,1260,cells/ml,,,,,,,,,
RLW,Potentially Toxic Cyanobacteria Biovolume,2023-04-17 08:50:00.000+10:00,0.133,mm3/l,,,,,,,,,
RLW,Total Cyanobacteria,2023-04-17 08:50:00.000+10:00,61080,cells/ml,,,,,,,,,
RLW,Woronichinia_Biovolume,2023-04-17 08:50:00.000+10:00,0.042,mm3/l,,,,,,,,,
RLW,Woronichinia_Cell count,2023-04-17 08:50:00.000+10:00,2351,cells/ml,,,,,,,,,
RLM,Chlorophyll - a,2023-04-17 08:40:00.000+10:00,11.4,mg/m^3,,,,,,,,,
RLM,Coccoid Blue Green Picoplankton_Biovolume,2023-04-17 08:40:00.000+10:00,0.037,mm3/l,,,,,,,,,
RLM,Coccoid Blue Green Picoplankton_Cell count,2023-04-17 08:40:00.000+10:00,82297,cells/ml,,,,,,,,,
RLM,Cuspidothrix issatschenkoi_Biovolume,2023-04-17 08:40:00.000+10:00,0.058,mm3/l,,,,,,,,,
RLM,Cuspidothrix issatschenkoi_Cell count,2023-04-17 08:40:00.000+10:00,1075,cells/ml,,,,,,,,,
RLM,Cyanobacteria Biovolume,2023-04-17 08:40:00.000+10:00,0.235,mm3/l,,,,,,,,,
RLM,Enterococci,2023-04-17 08:40:00.000+10:00,3,cfu/100ml,,,,,,,,,
RLM,Merismopedia_Biovolume,2023-04-17 08:40:00.000+10:00,0.003,mm3/l,,,,,,,,,
RLM,Merismopedia_Cell count,2023-04-17 08:40:00.000+10:00,474,cells/ml,,,,,,,,,
RLM,Microcystis_Biovolume,2023-04-17 08:40:00.000+10:00,0.007,mm3/l,,,,,,,,,
RLM,Microcystis_Cell count,2023-04-17 08:40:00.000+10:00,270,cells/ml,,,,,,,,,
RLM,Potentially Toxic Cyanobacteria,2023-04-17 08:40:00.000+10:00,270,cells/ml,,,,,,,,,
RLM,Potentially Toxic Cyanobacteria Biovolume,2023-04-17 08:40:00.000+10:00,0.007,mm3/l,,,,,,,,,
RLM,Total Cyanobacteria,2023-04-17 08:40:00.000+10:00,91310,cells/ml,,,,,,,,,
RLM,Woronichinia_Biovolume,2023-04-17 08:40:00.000+10:00,0.13,mm3/l,,,,,,,,,
RLM,Woronichinia_Cell count,2023-04-17 08:40:00.000+10:00,7190,cells/ml,,,,,,,,,
RLE,Chlorophyll - a,2023-04-17 08:35:00.000+10:00,12.1,mg/m^3,,,,,,,,,
RLE,Coccoid Blue Green Picoplankton_Biovolume,2023-04-17 08:35:00.000+10:00,0.035,mm3/l,,,,,,,,,
RLE,Coccoid Blue Green Picoplankton_Cell count,2023-04-17 08:35:00.000+10:00,79500,cells/ml,,,,,,,,,
RLE,Cuspidothrix issatschenkoi_Biovolume,2023-04-17 08:35:00.000+10:00,0.047,mm3/l,,,,,,,,,
RLE,Cuspidothrix issatschenkoi_Cell count,2023-04-17 08:35:00.000+10:00,867,cells/ml,,,,,,,,,
RLE,Cyanobacteria Biovolume,2023-04-17 08:35:00.000+10:00,0.371,mm3/l,,,,,,,,,
RLE,Enterococci,2023-04-17 08:35:00.000+10:00,1,cfu/100ml,,,,,,,,,
RLE,Microcystis_Biovolume,2023-04-17 08:35:00.000+10:00,0.003,mm3/l,,,,,,,,,
RLE,Microcystis_Cell count,2023-04-17 08:35:00.000+10:00,138,cells/ml,,,,,,,,,
RLE,Potentially Toxic Cyanobacteria,2023-04-17 08:35:00.000+10:00,138,cells/ml,,,,,,,,,
RLE,Potentially Toxic Cyanobacteria Biovolume,2023-04-17 08:35:00.000+10:00,0.003,mm3/l,,,,,,,,,
RLE,Total Cyanobacteria,2023-04-17 08:35:00.000+10:00,96310,cells/ml,,,,,,,,,
RLE,Woronichinia_Biovolume,2023-04-17 08:35:00.000+10:00,0.286,mm3/l,,,,,,,,,
RLE,Woronichinia_Cell count,2023-04-17 08:35:00.000+10:00,15802,cells/ml,,,,,,,,,
RLW,Ammonia as N,2023-04-03 12:00:00.000+10:00,0.02,mg/L,0.01,,,,,,,,
RLM,Ammonia as N,2023-04-03 12:00:00.000+10:00,0.02,mg/L,0.01,,,,,,,,
RLE,Ammonia as N,2023-04-03 12:00:00.000+10:00,0.02,mg/L,0.01,,,,,,,,
RLE,Dissolved Reactive Phosphorus as P,2023-04-03 12:00:00.000+10:00,,mg/L,0.01,,,,,,,,
RLW,Dissolved Reactive Phosphorus as P,2023-04-03 12:00:00.000+10:00,,mg/L,0.01,,,,,,,,
RLM,Dissolved Reactive Phosphorus as P,2023-04-03 12:00:00.000+10:00,,mg/L,0.01,,,,,,,,
RLM,Nitrate as N,2023-04-03 12:00:00.000+10:00,,mg/L,0.01,,,,,,,,
RLW,Nitrate as N,2023-04-03 12:00:00.000+10:00,,mg/L,0.01,,,,,,,,
RLE,Nitrate as N,2023-04-03 12:00:00.000+10:00,,mg/L,0.01,,,,,,,,
RLE,Nitrite + Nitrate as N,2023-04-03 12:00:00.000+10:00,,mg/L,0.01,,,,,,,,
RLM,Nitrite + Nitrate as N,2023-04-03 12:00:00.000+10:00,,mg/L,0.01,,,,,,,,
RLW,Nitrite + Nitrate as N,2023-04-03 12:00:00.000+10:00,,mg/L,0.01,,,,,,,,
RLM,Nitrite as N,2023-04-03 12:00:00.000+10:00,,mg/L,0.01,,,,,,,,
RLW,Nitrite as N,2023-04-03 12:00:00.000+10:00,,mg/L,0.01,,,,,,,,
RLE,Nitrite as N,2023-04-03 12:00:00.000+10:00,,mg/L,0.01,,,,,,,,
RLM,Total Kjeldahl Nitrogen as N,2023-04-03 12:00:00.000+10:00,0.5,mg/L,0.1,,,,,,,,
RLE,Total Kjeldahl Nitrogen as N,2023-04-03 12:00:00.000+10:00,0.5,mg/L,0.1,,,,,,,,
RLW,Total Kjeldahl Nitrogen as N,2023-04-03 12:00:00.000+10:00,0.6,mg/L,0.1,,,,,,,,
RLM,Total Nitrogen as N,2023-04-03 12:00:00.000+10:00,0.5,mg/L,0.1,,,,,,,,
RLE,Total Nitrogen as N,2023-04-03 12:00:00.000+10:00,0.5,mg/L,0.1,,,,,,,,
RLW,Total Nitrogen as N,2023-04-03 12:00:00.000+10:00,0.6,mg/L,0.1,,,,,,,,
RLW,Total Phosphorus as P,2023-04-03 12:00:00.000+10:00,0.05,mg/L,0.01,,,,,,,,
RLE,Total Phosphorus as P,2023-04-03 12:00:00.000+10:00,0.14,mg/L,0.01,,,,,,,,
RLM,Total Phosphorus as P,2023-04-03 12:00:00.000+10:00,0.04,mg/L,0.01,,,,,,,,
RLW,Total suspended solids,2023-04-03 12:00:00.000+10:00,,mg/L,5,,,,,,,,
RLM,Total suspended solids,2023-04-03 12:00:00.000+10:00,6,mg/L,5,,,,,,,,
RLE,Total suspended solids,2023-04-03 12:00:00.000+10:00,8,mg/L,5,,,,,,,,
RLW,Blue green colonial alga_Biovolume,2023-04-03 09:10:00.000+10:00,0.119,mm3/l,,,,,,,,,
RLW,Blue green colonial alga_Cell count,2023-04-03 09:10:00.000+10:00,27170,cells/ml,,,,,,,,,
RLW,Chlorophyll - a,2023-04-03 09:10:00.000+10:00,17.1,mg/m^3,,,,,,,,,
RLW,Coccoid Blue Green Picoplankton_Biovolume,2023-04-03 09:10:00.000+10:00,0.012,mm3/l,,,,,,,,,
RLW,Coccoid Blue Green Picoplankton_Cell count,2023-04-03 09:10:00.000+10:00,27584,cells/ml,,,,,,,,,
RLW,Cuspidothrix issatschenkoi_Biovolume,2023-04-03 09:10:00.000+10:00,0.009,mm3/l,,,,,,,,,
RLW,Cuspidothrix issatschenkoi_Cell count,2023-04-03 09:10:00.000+10:00,173,cells/ml,,,,,,,,,
RLW,Cyanobacteria Biovolume,2023-04-03 09:10:00.000+10:00,0.508,mm3/l,,,,,,,,,
RLW,Enterococci,2023-04-03 09:10:00.000+10:00,1,cfu/100ml,,,,,,,,,
RLW,Microcystis_Biovolume,2023-04-03 09:10:00.000+10:00,0.016,mm3/l,,,,,,,,,
RLW,Microcystis_Cell count,2023-04-03 09:10:00.000+10:00,608,cells/ml,,,,,,,,,
RLW,Potentially Toxic Cyanobacteria,2023-04-03 09:10:00.000+10:00,2270,cells/ml,,,,,,,,,
RLW,Potentially Toxic Cyanobacteria Biovolume,2023-04-03 09:10:00.000+10:00,0.064,mm3/l,,,,,,,,,
RLW,Raphidiopsis raciborskii_Biovolume,2023-04-03 09:10:00.000+10:00,0.048,mm3/l,,,,,,,,,
RLW,Raphidiopsis raciborskii_Cell count,2023-04-03 09:10:00.000+10:00,1665,cells/ml,,,,,,,,,
RLW,Snowella_Biovolume,2023-04-03 09:10:00.000+10:00,0.019,mm3/l,,,,,,,,,
RLW,Snowella_Cell count,2023-04-03 09:10:00.000+10:00,2489,cells/ml,,,,,,,,,
RLW,Total Cyanobacteria,2023-04-03 09:10:00.000+10:00,75450,cells/ml,,,,,,,,,
RLW,Woronichinia_Biovolume,2023-04-03 09:10:00.000+10:00,0.285,mm3/l,,,,,,,,,
RLW,Woronichinia_Cell count,2023-04-03 09:10:00.000+10:00,15762,cells/ml,,,,,,,,,
RLM,Aphanizomenonaceae_Biovolume,2023-04-03 09:00:00.000+10:00,0.072,mm3/l,,,,,,,,,
RLM,Aphanizomenonaceae_Cell count,2023-04-03 09:00:00.000+10:00,694,cells/ml,,,,,,,,,
RLM,Blue green colonial alga_Biovolume,2023-04-03 09:00:00.000+10:00,0.018,mm3/l,,,,,,,,,
RLM,Blue green colonial alga_Cell count,2023-04-03 09:00:00.000+10:00,4189,cells/ml,,,,,,,,,
RLM,Chlorophyll - a,2023-04-03 09:00:00.000+10:00,17.6,mg/m^3,,,,,,,,,
RLM,Coccoid Blue Green Picoplankton_Biovolume,2023-04-03 09:00:00.000+10:00,0.046,mm3/l,,,,,,,,,
RLM,Coccoid Blue Green Picoplankton_Cell count,2023-04-03 09:00:00.000+10:00,103341,cells/ml,,,,,,,,,
RLM,Cyanobacteria Biovolume,2023-04-03 09:00:00.000+10:00,0.207,mm3/l,,,,,,,,,
RLM,Enterococci,2023-04-03 09:00:00.000+10:00,3,cfu/100ml,,,,,,,,,
RLM,Merismopedia_Biovolume,2023-04-03 09:00:00.000+10:00,0.003,mm3/l,,,,,,,,,
RLM,Merismopedia_Cell count,2023-04-03 09:00:00.000+10:00,369,cells/ml,,,,,,,,,
RLM,Microcystis_Biovolume,2023-04-03 09:00:00.000+10:00,0.005,mm3/l,,,,,,,,,
RLM,Microcystis_Cell count,2023-04-03 09:00:00.000+10:00,184,cells/ml,,,,,,,,,
RLM,Phormidium species 1_Biovolume,2023-04-03 09:00:00.000+10:00,0.006,mm3/l,,,,,,,,,
RLM,Phormidium species 1_Cell count,2023-04-03 09:00:00.000+10:00,312,cells/ml,,,,,,,,,
RLM,Potentially Toxic Cyanobacteria,2023-04-03 09:00:00.000+10:00,3130,cells/ml,,,,,,,,,
RLM,Potentially Toxic Cyanobacteria Biovolume,2023-04-03 09:00:00.000+10:00,0.14,mm3/l,,,,,,,,,
RLM,Raphidiopsis raciborskii_Biovolume,2023-04-03 09:00:00.000+10:00,0.057,mm3/l,,,,,,,,,
RLM,Raphidiopsis raciborskii_Cell count,2023-04-03 09:00:00.000+10:00,1943,cells/ml,,,,,,,,,
RLM,Total Cyanobacteria,2023-04-03 09:00:00.000+10:00,111000,cells/ml,,,,,,,,,
RLE,Aphanizomenonaceae_Biovolume,2023-04-03 08:50:00.000+10:00,0.037,mm3/l,,,,,,,,,
RLE,Aphanizomenonaceae_Cell count,2023-04-03 08:50:00.000+10:00,364,cells/ml,,,,,,,,,
RLE,Blue green colonial alga_Biovolume,2023-04-03 08:50:00.000+10:00,0.094,mm3/l,,,,,,,,,
RLE,Blue green colonial alga_Cell count,2023-04-03 08:50:00.000+10:00,21385,cells/ml,,,,,,,,,
RLE,Chlorophyll - a,2023-04-03 08:50:00.000+10:00,13.6,mg/m^3,,,,,,,,,
RLE,Coccoid Blue Green Picoplankton_Biovolume,2023-04-03 08:50:00.000+10:00,0.024,mm3/l,,,,,,,,,
RLE,Coccoid Blue Green Picoplankton_Cell count,2023-04-03 08:50:00.000+10:00,54146,cells/ml,,,,,,,,,
RLE,Cuspidothrix issatschenkoi_Biovolume,2023-04-03 08:50:00.000+10:00,0.028,mm3/l,,,,,,,,,
RLE,Cuspidothrix issatschenkoi_Cell count,2023-04-03 08:50:00.000+10:00,520,cells/ml,,,,,,,,,
RLE,Cyanobacteria Biovolume,2023-04-03 08:50:00.000+10:00,0.498,mm3/l,,,,,,,,,
RLE,Enterococci,2023-04-03 08:50:00.000+10:00,1,cfu/100ml,,,,,,,,,
RLE,Microcystis_Biovolume,2023-04-03 08:50:00.000+10:00,0.011,mm3/l,,,,,,,,,
RLE,Microcystis_Cell count,2023-04-03 08:50:00.000+10:00,415,cells/ml,,,,,,,,,
RLE,Potentially Toxic Cyanobacteria,2023-04-03 08:50:00.000+10:00,1910,cells/ml,,,,,,,,,
RLE,Potentially Toxic Cyanobacteria Biovolume,2023-04-03 08:50:00.000+10:00,0.08,mm3/l,,,,,,,,,
RLE,Radiocystis_Biovolume,2023-04-03 08:50:00.000+10:00,0.008,mm3/l,,,,,,,,,
RLE,Radiocystis_Cell count,2023-04-03 08:50:00.000+10:00,278,cells/ml,,,,,,,,,
RLE,Raphidiopsis raciborskii_Biovolume,2023-04-03 08:50:00.000+10:00,0.024,mm3/l,,,,,,,,,
RLE,Raphidiopsis raciborskii_Cell count,2023-04-03 08:50:00.000+10:00,850,cells/ml,,,,,,,,,
RLE,Total Cyanobacteria,2023-04-03 08:50:00.000+10:00,93000,cells/ml,,,,,,,,,
RLE,Woronichinia_Biovolume,2023-04-03 08:50:00.000+10:00,0.272,mm3/l,,,,,,,,,
RLE,Woronichinia_Cell count,2023-04-03 08:50:00.000+10:00,15044,cells/ml,,,,,,,,,
RLW,Ammonia as N,2023-03-20 12:00:00.000+10:00,0.02,mg/L,0.01,,,,,,,,
RLM,Ammonia as N,2023-03-20 12:00:00.000+10:00,,mg/L,0.01,,,,,,,,
RLE,Ammonia as N,2023-03-20 12:00:00.000+10:00,,mg/L,0.01,,,,,,,,
RLM,Dissolved Reactive Phosphorus as P,2023-03-20 12:00:00.000+10:00,,mg/L,0.01,,,,,,,,
RLE,Dissolved Reactive Phosphorus as P,2023-03-20 12:00:00.000+10:00,,mg/L,0.01,,,,,,,,
RLW,Dissolved Reactive Phosphorus as P,2023-03-20 12:00:00.000+10:00,,mg/L,0.01,,,,,,,,
RLE,Nitrate as N,2023-03-20 12:00:00.000+10:00,,mg/L,0.01,,,,,,,,
RLW,Nitrate as N,2023-03-20 12:00:00.000+10:00,,mg/L,0.01,,,,,,,,
RLM,Nitrate as N,2023-03-20 12:00:00.000+10:00,,mg/L,0.01,,,,,,,,
RLW,Nitrite + Nitrate as N,2023-03-20 12:00:00.000+10:00,,mg/L,0.01,,,,,,,,
RLM,Nitrite + Nitrate as N,2023-03-20 12:00:00.000+10:00,,mg/L,0.01,,,,,,,,
RLE,Nitrite + Nitrate as N,2023-03-20 12:00:00.000+10:00,,mg/L,0.01,,,,,,,,
RLE,Nitrite as N,2023-03-20 12:00:00.000+10:00,,mg/L,0.01,,,,,,,,
RLW,Nitrite as N,2023-03-20 12:00:00.000+10:00,,mg/L,0.01,,,,,,,,
RLM,Nitrite as N,2023-03-20 12:00:00.000+10:00,,mg/L,0.01,,,,,,,,
RLW,Total Kjeldahl Nitrogen as N,2023-03-20 12:00:00.000+10:00,0.6,mg/L,0.1,,,,,,,,
RLE,Total Kjeldahl Nitrogen as N,2023-03-20 12:00:00.000+10:00,0.4,mg/L,0.1,,,,,,,,
RLM,Total Kjeldahl Nitrogen as N,2023-03-20 12:00:00.000+10:00,0.5,mg/L,0.1,,,,,,,,
RLW,Total Nitrogen as N,2023-03-20 12:00:00.000+10:00,0.6,mg/L,0.1,,,,,,,,
RLM,Total Nitrogen as N,2023-03-20 12:00:00.000+10:00,0.5,mg/L,0.1,,,,,,,,
RLE,Total Nitrogen as N,2023-03-20 12:00:00.000+10:00,0.4,mg/L,0.1,,,,,,,,
RLE,Total Phosphorus as P,2023-03-20 12:00:00.000+10:00,0.01,mg/L,0.01,,,,,,,,
RLM,Total Phosphorus as P,2023-03-20 12:00:00.000+10:00,0.03,mg/L,0.01,,,,,,,,
RLW,Total Phosphorus as P,2023-03-20 12:00:00.000+10:00,0.03,mg/L,0.01,,,,,,,,
RLE,Total suspended solids,2023-03-20 12:00:00.000+10:00,,mg/L,5,,,,,,,,
RLW,Total suspended solids,2023-03-20 12:00:00.000+10:00,,mg/L,5,,,,,,,,
RLM,Total suspended solids,2023-03-20 12:00:00.000+10:00,,mg/L,5,,,,,,,,
RLW,Aphanizomenon gracile_Biovolume,2023-03-20 09:35:00.000+10:00,0.041,mm3/l,,,,,,,,,
RLW,Aphanizomenon gracile_Cell count,2023-03-20 09:35:00.000+10:00,817,cells/ml,,,,,,,,,
RLW,Aphanizomenonaceae_Biovolume,2023-03-20 09:35:00.000+10:00,0.09,mm3/l,,,,,,,,,
RLW,Aphanizomenonaceae_Cell count,2023-03-20 09:35:00.000+10:00,867,cells/ml,,,,,,,,,
RLW,Chlorophyll - a,2023-03-20 09:35:00.000+10:00,23.3,mg/m^3,,,,,,,,,
RLW,Chrysosporum ovalisporum_Biovolume,2023-03-20 09:35:00.000+10:00,0.087,mm3/l,,,,,,,,,
RLW,Chrysosporum ovalisporum_Cell count,2023-03-20 09:35:00.000+10:00,1388,cells/ml,,,,,,,,,
RLW,Coccoid Blue Green Picoplankton_Biovolume,2023-03-20 09:35:00.000+10:00,0.06,mm3/l,,,,,,,,,
RLW,Coccoid Blue Green Picoplankton_Cell count,2023-03-20 09:35:00.000+10:00,134580,cells/ml,,,,,,,,,
RLW,Cuspidothrix issatschenkoi_Biovolume,2023-03-20 09:35:00.000+10:00,0.084,mm3/l,,,,,,,,,
RLW,Cuspidothrix issatschenkoi_Cell count,2023-03-20 09:35:00.000+10:00,1561,cells/ml,,,,,,,,,
RLW,Cyanobacteria Biovolume,2023-03-20 09:35:00.000+10:00,0.46,mm3/l,,,,,,,,,
RLW,Enterococci,2023-03-20 09:35:00.000+10:00,1,cfu/100ml,,,,,,,,,
RLW,Microcystis_Biovolume,2023-03-20 09:35:00.000+10:00,0.022,mm3/l,,,,,,,,,
RLW,Microcystis_Cell count,2023-03-20 09:35:00.000+10:00,809,cells/ml,,,,,,,,,
RLW,Potentially Toxic Cyanobacteria,2023-03-20 09:35:00.000+10:00,4890,cells/ml,,,,,,,,,
RLW,Potentially Toxic Cyanobacteria Biovolume,2023-03-20 09:35:00.000+10:00,0.252,mm3/l,,,,,,,,,
RLW,Raphidiopsis raciborskii_Biovolume,2023-03-20 09:35:00.000+10:00,0.053,mm3/l,,,,,,,,,
RLW,Raphidiopsis raciborskii_Cell count,2023-03-20 09:35:00.000+10:00,1821,cells/ml,,,,,,,,,
RLW,Snowella_Biovolume,2023-03-20 09:35:00.000+10:00,0.023,mm3/l,,,,,,,,,
RLW,Snowella_Cell count,2023-03-20 09:35:00.000+10:00,3018,cells/ml,,,,,,,,,
RLW,Total Cyanobacteria,2023-03-20 09:35:00.000+10:00,144900,cells/ml,,,,,,,,,
RLM,Aphanizomenon gracile_Biovolume,2023-03-20 09:25:00.000+10:00,0.026,mm3/l,,,,,,,,,
RLM,Aphanizomenon gracile_Cell count,2023-03-20 09:25:00.000+10:00,520,cells/ml,,,,,,,,,
RLM,Chlorophyll - a,2023-03-20 09:25:00.000+10:00,17.8,mg/m^3,,,,,,,,,
RLM,Chrysosporum ovalisporum_Biovolume,2023-03-20 09:25:00.000+10:00,0.521,mm3/l,,,,,,,,,
RLM,Chrysosporum ovalisporum_Cell count,2023-03-20 09:25:00.000+10:00,8256,cells/ml,,,,,,,,,
RLM,Coccoid Blue Green Picoplankton_Biovolume,2023-03-20 09:25:00.000+10:00,0.052,mm3/l,,,,,,,,,
RLM,Coccoid Blue Green Picoplankton_Cell count,2023-03-20 09:25:00.000+10:00,115216,cells/ml,,,,,,,,,
RLM,Cuspidothrix issatschenkoi_Biovolume,2023-03-20 09:25:00.000+10:00,0.057,mm3/l,,,,,,,,,
RLM,Cuspidothrix issatschenkoi_Cell count,2023-03-20 09:25:00.000+10:00,1055,cells/ml,,,,,,,,,
RLM,Cyanobacteria Biovolume,2023-03-20 09:25:00.000+10:00,1.37,mm3/l,,,,,,,,,
RLM,Dolichospermum circinale_Biovolume,2023-03-20 09:25:00.000+10:00,0.352,mm3/l,,,,,,,,,
RLM,Dolichospermum circinale_Cell count,2023-03-20 09:25:00.000+10:00,2029,cells/ml,,,,,,,,,
RLM,Enterococci,2023-03-20 09:25:00.000+10:00,1,cfu/100ml,,,,,,,,,
RLM,Microcystis_Biovolume,2023-03-20 09:25:00.000+10:00,0.022,mm3/l,,,,,,,,,
RLM,Microcystis_Cell count,2023-03-20 09:25:00.000+10:00,809,cells/ml,,,,,,,,,
RLM,Non toxic Aphanizomenonaceae_Biovolume,2023-03-20 09:25:00.000+10:00,0.048,mm3/l,,,,,,,,,
RLM,Non toxic Aphanizomenonaceae_Cell count,2023-03-20 09:25:00.000+10:00,1093,cells/ml,,,,,,,,,
RLM,Potentially Toxic Cyanobacteria,2023-03-20 09:25:00.000+10:00,19890,cells/ml,,,,,,,,,
RLM,Potentially Toxic Cyanobacteria Biovolume,2023-03-20 09:25:00.000+10:00,1.15,mm3/l,,,,,,,,,
RLM,Raphidiopsis raciborskii_Biovolume,2023-03-20 09:25:00.000+10:00,0.257,mm3/l,,,,,,,,,
RLM,Raphidiopsis raciborskii_Cell count,2023-03-20 09:25:00.000+10:00,8793,cells/ml,,,,,,,,,
RLM,Snowella_Biovolume,2023-03-20 09:25:00.000+10:00,0.038,mm3/l,,,,,,,,,
RLM,Snowella_Cell count,2023-03-20 09:25:00.000+10:00,4878,cells/ml,,,,,,,,,
RLM,Total Cyanobacteria,2023-03-20 09:25:00.000+10:00,142600,cells/ml,,,,,,,,,
RLE,Aphanizomenon gracile_Biovolume,2023-03-20 09:15:00.000+10:00,0.04,mm3/l,,,,,,,,,
RLE,Aphanizomenon gracile_Cell count,2023-03-20 09:15:00.000+10:00,798,cells/ml,,,,,,,,,
RLE,Chlorophyll - a,2023-03-20 09:15:00.000+10:00,12.6,mg/m^3,,,,,,,,,
RLE,Chrysosporum ovalisporum_Biovolume,2023-03-20 09:15:00.000+10:00,0.128,mm3/l,,,,,,,,,
RLE,Chrysosporum ovalisporum_Cell count,2023-03-20 09:15:00.000+10:00,2029,cells/ml,,,,,,,,,
RLE,Coccoid Blue Green Picoplankton_Biovolume,2023-03-20 09:15:00.000+10:00,0.084,mm3/l,,,,,,,,,
RLE,Coccoid Blue Green Picoplankton_Cell count,2023-03-20 09:15:00.000+10:00,187122,cells/ml,,,,,,,,,
RLE,Cuspidothrix issatschenkoi_Biovolume,2023-03-20 09:15:00.000+10:00,0.007,mm3/l,,,,,,,,,
RLE,Cuspidothrix issatschenkoi_Cell count,2023-03-20 09:15:00.000+10:00,139,cells/ml,,,,,,,,,
RLE,Cyanobacteria Biovolume,2023-03-20 09:15:00.000+10:00,0.946,mm3/l,,,,,,,,,
RLE,Dolichospermum circinale_Biovolume,2023-03-20 09:15:00.000+10:00,0.271,mm3/l,,,,,,,,,
RLE,Dolichospermum circinale_Cell count,2023-03-20 09:15:00.000+10:00,1561,cells/ml,,,,,,,,,
RLE,Enterococci,2023-03-20 09:15:00.000+10:00,1,cfu/100ml,,,,,,,,,
RLE,Microcystis_Biovolume,2023-03-20 09:15:00.000+10:00,0.013,mm3/l,,,,,,,,,
RLE,Microcystis_Cell count,2023-03-20 09:15:00.000+10:00,498,cells/ml,,,,,,,,,
RLE,Non toxic Aphanizomenonaceae_Biovolume,2023-03-20 09:15:00.000+10:00,0.101,mm3/l,,,,,,,,,
RLE,Non toxic Aphanizomenonaceae_Cell count,2023-03-20 09:15:00.000+10:00,2289,cells/ml,,,,,,,,,
RLE,Potentially Toxic Cyanobacteria,2023-03-20 09:15:00.000+10:00,7920,cells/ml,,,,,,,,,
RLE,Potentially Toxic Cyanobacteria Biovolume,2023-03-20 09:15:00.000+10:00,0.524,mm3/l,,,,,,,,,
RLE,Raphidiopsis raciborskii_Biovolume,2023-03-20 09:15:00.000+10:00,0.112,mm3/l,,,,,,,,,
RLE,Raphidiopsis raciborskii_Cell count,2023-03-20 09:15:00.000+10:00,3830,cells/ml,,,,,,,,,
RLE,Snowella_Biovolume,2023-03-20 09:15:00.000+10:00,0.116,mm3/l,,,,,,,,,
RLE,Snowella_Cell count,2023-03-20 09:15:00.000+10:00,14749,cells/ml,,,,,,,,,
RLE,Sphaerospermopsis_Biovolume,2023-03-20 09:15:00.000+10:00,0.074,mm3/l,,,,,,,,,
RLE,Sphaerospermopsis_Cell count,2023-03-20 09:15:00.000+10:00,815,cells/ml,,,,,,,,,
RLE,Total Cyanobacteria,2023-03-20 09:15:00.000+10:00,213800,cells/ml,,,,,,,,,
RLW,Ammonia as N,2023-03-06 12:00:00.000+10:00,,mg/L,0.01,,,,,,,,
RLM,Ammonia as N,2023-03-06 12:00:00.000+10:00,,mg/L,0.01,,,,,,,,
RLE,Ammonia as N,2023-03-06 12:00:00.000+10:00,0.02,mg/L,0.01,,,,,,,,
RLE,Dissolved Reactive Phosphorus as P,2023-03-06 12:00:00.000+10:00,,mg/L,0.01,,,,,,,,
RLW,Dissolved Reactive Phosphorus as P,2023-03-06 12:00:00.000+10:00,,mg/L,0.01,,,,,,,,
RLM,Dissolved Reactive Phosphorus as P,2023-03-06 12:00:00.000+10:00,,mg/L,0.01,,,,,,,,
RLM,Nitrate as N,2023-03-06 12:00:00.000+10:00,,mg/L,0.01,,,,,,,,
RLE,Nitrate as N,2023-03-06 12:00:00.000+10:00,,mg/L,0.01,,,,,,,,
RLW,Nitrate as N,2023-03-06 12:00:00.000+10:00,0.05,mg/L,0.01,,,,,,,,
RLM,Nitrite + Nitrate as N,2023-03-06 12:00:00.000+10:00,,mg/L,0.01,,,,,,,,
RLE,Nitrite + Nitrate as N,2023-03-06 12:00:00.000+10:00,,mg/L,0.01,,,,,,,,
RLW,Nitrite + Nitrate as N,2023-03-06 12:00:00.000+10:00,0.05,mg/L,0.01,,,,,,,,
RLM,Nitrite as N,2023-03-06 12:00:00.000+10:00,,mg/L,0.01,,,,,,,,
RLE,Nitrite as N,2023-03-06 12:00:00.000+10:00,,mg/L,0.01,,,,,,,,
RLW,Nitrite as N,2023-03-06 12:00:00.000+10:00,,mg/L,0.01,,,,,,,,
RLW,Total Kjeldahl Nitrogen as N,2023-03-06 12:00:00.000+10:00,0.5,mg/L,0.1,,,,,,,,
RLM,Total Kjeldahl Nitrogen as N,2023-03-06 12:00:00.000+10:00,0.4,mg/L,0.1,,,,,,,,
RLE,Total Kjeldahl Nitrogen as N,2023-03-06 12:00:00.000+10:00,0.4,mg/L,0.1,,,,,,,,
RLW,Total Nitrogen as N,2023-03-06 12:00:00.000+10:00,0.6,mg/L,0.1,,,,,,,,
RLE,Total Nitrogen as N,2023-03-06 12:00:00.000+10:00,0.4,mg/L,0.1,,,,,,,,
RLM,Total Nitrogen as N,2023-03-06 12:00:00.000+10:00,0.4,mg/L,0.1,,,,,,,,
RLE,Total Phosphorus as P,2023-03-06 12:00:00.000+10:00,0.02,mg/L,0.01,,,,,,,,
RLW,Total Phosphorus as P,2023-03-06 12:00:00.000+10:00,0.02,mg/L,0.01,,,,,,,,
RLM,Total Phosphorus as P,2023-03-06 12:00:00.000+10:00,0.01,mg/L,0.01,,,,,,,,
RLM,Total suspended solids,2023-03-06 12:00:00.000+10:00,,mg/L,5,,,,,,,,
RLW,Total suspended solids,2023-03-06 12:00:00.000+10:00,,mg/L,5,,,,,,,,
RLE,Total suspended solids,2023-03-06 12:00:00.000+10:00,,mg/L,5,,,,,,,,
RLW,Chlorophyll - a,2023-03-06 09:05:00.000+10:00,7.7,mg/m^3,,,,,,,,,
RLW,Coccoid Blue Green Picoplankton_Biovolume,2023-03-06 09:05:00.000+10:00,0.073,mm3/l,,,,,,,,,
RLW,Coccoid Blue Green Picoplankton_Cell count,2023-03-06 09:05:00.000+10:00,163451,cells/ml,,,,,,,,,
RLW,Cuspidothrix issatschenkoi_Biovolume,2023-03-06 09:05:00.000+10:00,0.011,mm3/l,,,,,,,,,
RLW,Cuspidothrix issatschenkoi_Cell count,2023-03-06 09:05:00.000+10:00,208,cells/ml,,,,,,,,,
RLW,Cyanobacteria Biovolume,2023-03-06 09:05:00.000+10:00,1.05,mm3/l,,,,,,,,,
RLW,Dolichospermum circinale_Biovolume,2023-03-06 09:05:00.000+10:00,0.06,mm3/l,,,,,,,,,
RLW,Dolichospermum circinale_Cell count,2023-03-06 09:05:00.000+10:00,347,cells/ml,,,,,,,,,
RLW,Dolichospermum_Biovolume,2023-03-06 09:05:00.000+10:00,0.014,mm3/l,,,,,,,,,
RLW,Dolichospermum_Cell count,2023-03-06 09:05:00.000+10:00,87,cells/ml,,,,,,,,,
RLW,Enterococci,2023-03-06 09:05:00.000+10:00,1,cfu/100ml,,,,,,,,,
RLW,Microcystis_Biovolume,2023-03-06 09:05:00.000+10:00,0.04,mm3/l,,,,,,,,,
RLW,Microcystis_Cell count,2023-03-06 09:05:00.000+10:00,1452,cells/ml,,,,,,,,,
RLW,Non toxic Aphanizomenonaceae_Biovolume,2023-03-06 09:05:00.000+10:00,0.029,mm3/l,,,,,,,,,
RLW,Non toxic Aphanizomenonaceae_Cell count,2023-03-06 09:05:00.000+10:00,659,cells/ml,,,,,,,,,
RLW,Potentially Toxic Cyanobacteria,2023-03-06 09:05:00.000+10:00,1890,cells/ml,,,,,,,,,
RLW,Potentially Toxic Cyanobacteria Biovolume,2023-03-06 09:05:00.000+10:00,0.114,mm3/l,,,,,,,,,
RLW,Snowella_Biovolume,2023-03-06 09:05:00.000+10:00,0.823,mm3/l,,,,,,,,,
RLW,Snowella_Cell count,2023-03-06 09:05:00.000+10:00,104143,cells/ml,,,,,,,,,
RLW,Total Cyanobacteria,2023-03-06 09:05:00.000+10:00,270300,cells/ml,,,,,,,,,
RLM,Chlorophyll - a,2023-03-06 09:00:00.000+10:00,6.7,mg/m^3,,,,,,,,,
RLM,Coccoid Blue Green Picoplankton_Biovolume,2023-03-06 09:00:00.000+10:00,0.037,mm3/l,,,,,,,,,
RLM,Coccoid Blue Green Picoplankton_Cell count,2023-03-06 09:00:00.000+10:00,84122,cells/ml,,,,,,,,,
RLM,Cuspidothrix issatschenkoi_Biovolume,2023-03-06 09:00:00.000+10:00,0.04,mm3/l,,,,,,,,,
RLM,Cuspidothrix issatschenkoi_Cell count,2023-03-06 09:00:00.000+10:00,746,cells/ml,,,,,,,,,
RLM,Cyanobacteria Biovolume,2023-03-06 09:00:00.000+10:00,0.761,mm3/l,,,,,,,,,
RLM,Dolichospermum circinale_Biovolume,2023-03-06 09:00:00.000+10:00,0.054,mm3/l,,,,,,,,,
RLM,Dolichospermum circinale_Cell count,2023-03-06 09:00:00.000+10:00,312,cells/ml,,,,,,,,,
RLM,Enterococci,2023-03-06 09:00:00.000+10:00,1,cfu/100ml,,,,,,,,,
RLM,Microcystis_Biovolume,2023-03-06 09:00:00.000+10:00,0.011,mm3/l,,,,,,,,,
RLM,Microcystis_Cell count,2023-03-06 09:00:00.000+10:00,415,cells/ml,,,,,,,,,
RLM,Potentially Toxic Cyanobacteria,2023-03-06 09:00:00.000+10:00,727,cells/ml,,,,,,,,,
RLM,Potentially Toxic Cyanobacteria Biovolume,2023-03-06 09:00:00.000+10:00,0.065,mm3/l,,,,,,,,,
RLM,Snowella_Biovolume,2023-03-06 09:00:00.000+10:00,0.619,mm3/l,,,,,,,,,
RLM,Snowella_Cell count,2023-03-06 09:00:00.000+10:00,78398,cells/ml,,,,,,,,,
RLM,Total Cyanobacteria,2023-03-06 09:00:00.000+10:00,164000,cells/ml,,,,,,,,,
RLE,Chlorophyll - a,2023-03-06 08:55:00.000+10:00,5.5,mg/m^3,,,,,,,,,
RLE,Coccoid Blue Green Picoplankton_Biovolume,2023-03-06 08:55:00.000+10:00,0.059,mm3/l,,,,,,,,,
RLE,Coccoid Blue Green Picoplankton_Cell count,2023-03-06 08:55:00.000+10:00,131354,cells/ml,,,,,,,,,
RLE,Cuspidothrix issatschenkoi_Biovolume,2023-03-06 08:55:00.000+10:00,0.022,mm3/l,,,,,,,,,
RLE,Cuspidothrix issatschenkoi_Cell count,2023-03-06 08:55:00.000+10:00,416,cells/ml,,,,,,,,,
RLE,Cyanobacteria Biovolume,2023-03-06 08:55:00.000+10:00,0.826,mm3/l,,,,,,,,,
RLE,Dolichospermum circinale_Biovolume,2023-03-06 08:55:00.000+10:00,0.105,mm3/l,,,,,,,,,
RLE,Dolichospermum circinale_Cell count,2023-03-06 08:55:00.000+10:00,607,cells/ml,,,,,,,,,
RLE,Enterococci,2023-03-06 08:55:00.000+10:00,1,cfu/100ml,,,,,,,,,
RLE,Microcystis_Biovolume,2023-03-06 08:55:00.000+10:00,0.029,mm3/l,,,,,,,,,
RLE,Microcystis_Cell count,2023-03-06 08:55:00.000+10:00,1065,cells/ml,,,,,,,,,
RLE,Potentially Toxic Cyanobacteria,2023-03-06 08:55:00.000+10:00,1670,cells/ml,,,,,,,,,
RLE,Potentially Toxic Cyanobacteria Biovolume,2023-03-06 08:55:00.000+10:00,0.134,mm3/l,,,,,,,,,
RLE,Snowella_Biovolume,2023-03-06 08:55:00.000+10:00,0.611,mm3/l,,,,,,,,,
RLE,Snowella_Cell count,2023-03-06 08:55:00.000+10:00,77319,cells/ml,,,,,,,,,
RLE,Total Cyanobacteria,2023-03-06 08:55:00.000+10:00,210800,cells/ml,,,,,,,,,
RLW,Ammonia as N,2023-02-20 12:00:00.000+10:00,,mg/L,0.01,,,,,,,,
RLE,Ammonia as N,2023-02-20 12:00:00.000+10:00,0.04,mg/L,0.01,,,,,,,,
RLM,Ammonia as N,2023-02-20 12:00:00.000+10:00,,mg/L,0.01,,,,,,,,
RLW,Dissolved Reactive Phosphorus as P,2023-02-20 12:00:00.000+10:00,,mg/L,0.01,,,,,,,,
RLM,Dissolved Reactive Phosphorus as P,2023-02-20 12:00:00.000+10:00,,mg/L,0.01,,,,,,,,
RLE,Dissolved Reactive Phosphorus as P,2023-02-20 12:00:00.000+10:00,,mg/L,0.01,,,,,,,,
RLE,Nitrate as N,2023-02-20 12:00:00.000+10:00,,mg/L,0.01,,,,,,,,
RLM,Nitrate as N,2023-02-20 12:00:00.000+10:00,,mg/L,0.01,,,,,,,,
RLW,Nitrate as N,2023-02-20 12:00:00.000+10:00,0.04,mg/L,0.01,,,,,,,,
RLM,Nitrite + Nitrate as N,2023-02-20 12:00:00.000+10:00,,mg/L,0.01,,,,,,,,
RLW,Nitrite + Nitrate as N,2023-02-20 12:00:00.000+10:00,0.04,mg/L,0.01,,,,,,,,
RLE,Nitrite + Nitrate as N,2023-02-20 12:00:00.000+10:00,,mg/L,0.01,,,,,,,,
RLE,Nitrite as N,2023-02-20 12:00:00.000+10:00,,mg/L,0.01,,,,,,,,
RLW,Nitrite as N,2023-02-20 12:00:00.000+10:00,,mg/L,0.01,,,,,,,,
RLM,Nitrite as N,2023-02-20 12:00:00.000+10:00,,mg/L,0.01,,,,,,,,
RLM,Total Kjeldahl Nitrogen as N,2023-02-20 12:00:00.000+10:00,0.6,mg/L,0.1,,,,,,,,
RLE,Total Kjeldahl Nitrogen as N,2023-02-20 12:00:00.000+10:00,0.5,mg/L,0.1,,,,,,,,
RLW,Total Kjeldahl Nitrogen as N,2023-02-20 12:00:00.000+10:00,0.6,mg/L,0.1,,,,,,,,
RLM,Total Nitrogen as N,2023-02-20 12:00:00.000+10:00,0.6,mg/L,0.1,,,,,,,,
RLW,Total Nitrogen as N,2023-02-20 12:00:00.000+10:00,0.6,mg/L,0.1,,,,,,,,
RLE,Total Nitrogen as N,2023-02-20 12:00:00.000+10:00,0.5,mg/L,0.1,,,,,,,,
RLE,Total Phosphorus as P,2023-02-20 12:00:00.000+10:00,0.03,mg/L,0.01,,,,,,,,
RLW,Total Phosphorus as P,2023-02-20 12:00:00.000+10:00,0.04,mg/L,0.01,,,,,,,,
RLM,Total Phosphorus as P,2023-02-20 12:00:00.000+10:00,0.02,mg/L,0.01,,,,,,,,
RLW,Total suspended solids,2023-02-20 12:00:00.000+10:00,,mg/L,5,,,,,,,,
RLE,Total suspended solids,2023-02-20 12:00:00.000+10:00,5,mg/L,5,,,,,,,,
RLM,Total suspended solids,2023-02-20 12:00:00.000+10:00,,mg/L,5,,,,,,,,
RLW,Chlorophyll - a,2023-02-20 09:15:00.000+10:00,5,mg/m^3,,,,,,,,,
RLW,Coccoid Blue Green Picoplankton_Biovolume,2023-02-20 09:15:00.000+10:00,0.02,mm3/l,,,,,,,,,
RLW,Coccoid Blue Green Picoplankton_Cell count,2023-02-20 09:15:00.000+10:00,44785,cells/ml,,,,,,,,,
RLW,Cuspidothrix issatschenkoi_Biovolume,2023-02-20 09:15:00.000+10:00,0.037,mm3/l,,,,,,,,,
RLW,Cuspidothrix issatschenkoi_Cell count,2023-02-20 09:15:00.000+10:00,694,cells/ml,,,,,,,,,
RLW,Cyanobacteria Biovolume,2023-02-20 09:15:00.000+10:00,0.215,mm3/l,,,,,,,,,
RLW,Dolichospermum_Biovolume,2023-02-20 09:15:00.000+10:00,0.028,mm3/l,,,,,,,,,
RLW,Dolichospermum_Cell count,2023-02-20 09:15:00.000+10:00,173,cells/ml,,,,,,,,,
RLW,Enterococci,2023-02-20 09:15:00.000+10:00,2,cfu/100ml,,,,,,,,,
RLW,Microcystis_Biovolume,2023-02-20 09:15:00.000+10:00,0.021,mm3/l,,,,,,,,,
RLW,Microcystis_Cell count,2023-02-20 09:15:00.000+10:00,760,cells/ml,,,,,,,,,
RLW,Potentially Toxic Cyanobacteria,2023-02-20 09:15:00.000+10:00,933,cells/ml,,,,,,,,,
RLW,Potentially Toxic Cyanobacteria Biovolume,2023-02-20 09:15:00.000+10:00,0.049,mm3/l,,,,,,,,,
RLW,Snowella_Biovolume,2023-02-20 09:15:00.000+10:00,0.109,mm3/l,,,,,,,,,
RLW,Snowella_Cell count,2023-02-20 09:15:00.000+10:00,13913,cells/ml,,,,,,,,,
RLW,Total Cyanobacteria,2023-02-20 09:15:00.000+10:00,60330,cells/ml,,,,,,,,,
RLM,Chlorophyll - a,2023-02-20 09:10:00.000+10:00,6.1,mg/m^3,,,,,,,,,
RLM,Coccoid Blue Green Picoplankton_Biovolume,2023-02-20 09:10:00.000+10:00,0.043,mm3/l,,,,,,,,,
RLM,Coccoid Blue Green Picoplankton_Cell count,2023-02-20 09:10:00.000+10:00,95570,cells/ml,,,,,,,,,
RLM,Cyanobacteria Biovolume,2023-02-20 09:10:00.000+10:00,0.186,mm3/l,,,,,,,,,
RLM,Enterococci,2023-02-20 09:10:00.000+10:00,3,cfu/100ml,,,,,,,,,
RLM,Microcystis_Biovolume,2023-02-20 09:10:00.000+10:00,0.071,mm3/l,,,,,,,,,
RLM,Microcystis_Cell count,2023-02-20 09:10:00.000+10:00,2586,cells/ml,,,,,,,,,
RLM,Potentially Toxic Cyanobacteria,2023-02-20 09:10:00.000+10:00,2590,cells/ml,,,,,,,,,
RLM,Potentially Toxic Cyanobacteria Biovolume,2023-02-20 09:10:00.000+10:00,0.071,mm3/l,,,,,,,,,
RLM,Snowella_Biovolume,2023-02-20 09:10:00.000+10:00,0.072,mm3/l,,,,,,,,,
RLM,Snowella_Cell count,2023-02-20 09:10:00.000+10:00,9130,cells/ml,,,,,,,,,
RLM,Total Cyanobacteria,2023-02-20 09:10:00.000+10:00,107300,cells/ml,,,,,,,,,
RLE,Chlorophyll - a,2023-02-20 09:05:00.000+10:00,4.3,mg/m^3,,,,,,,,,
RLE,Coccoid Blue Green Picoplankton_Biovolume,2023-02-20 09:05:00.000+10:00,0.034,mm3/l,,,,,,,,,
RLE,Coccoid Blue Green Picoplankton_Cell count,2023-02-20 09:05:00.000+10:00,76342,cells/ml,,,,,,,,,
RLE,Cuspidothrix issatschenkoi_Biovolume,2023-02-20 09:05:00.000+10:00,0.009,mm3/l,,,,,,,,,
RLE,Cuspidothrix issatschenkoi_Cell count,2023-02-20 09:05:00.000+10:00,173,cells/ml,,,,,,,,,
RLE,Cyanobacteria Biovolume,2023-02-20 09:05:00.000+10:00,0.286,mm3/l,,,,,,,,,
RLE,Dolichospermum circinale_Biovolume,2023-02-20 09:05:00.000+10:00,0.048,mm3/l,,,,,,,,,
RLE,Dolichospermum circinale_Cell count,2023-02-20 09:05:00.000+10:00,278,cells/ml,,,,,,,,,
RLE,Enterococci,2023-02-20 09:05:00.000+10:00,5,cfu/100ml,,,,,,,,,
RLE,Merismopedia_Biovolume,2023-02-20 09:05:00.000+10:00,0.006,mm3/l,,,,,,,,,
RLE,Merismopedia_Cell count,2023-02-20 09:05:00.000+10:00,737,cells/ml,,,,,,,,,
RLE,Microcystis_Biovolume,2023-02-20 09:05:00.000+10:00,0.117,mm3/l,,,,,,,,,
RLE,Microcystis_Cell count,2023-02-20 09:05:00.000+10:00,4231,cells/ml,,,,,,,,,
RLE,Potentially Toxic Cyanobacteria,2023-02-20 09:05:00.000+10:00,5000,cells/ml,,,,,,,,,
RLE,Potentially Toxic Cyanobacteria Biovolume,2023-02-20 09:05:00.000+10:00,0.179,mm3/l,,,,,,,,,
RLE,Pseudanabaena mucicola_Biovolume,2023-02-20 09:05:00.000+10:00,0.002,mm3/l,,,,,,,,,
RLE,Pseudanabaena mucicola_Cell count,2023-02-20 09:05:00.000+10:00,184,cells/ml,,,,,,,,,
RLE,Raphidiopsis raciborskii_Biovolume,2023-02-20 09:05:00.000+10:00,0.014,mm3/l,,,,,,,,,
RLE,Raphidiopsis raciborskii_Cell count,2023-02-20 09:05:00.000+10:00,486,cells/ml,,,,,,,,,
RLE,Raphidiopsis_Biovolume,2023-02-20 09:05:00.000+10:00,0.007,mm3/l,,,,,,,,,
RLE,Raphidiopsis_Cell count,2023-02-20 09:05:00.000+10:00,104,cells/ml,,,,,,,,,
RLE,Snowella_Biovolume,2023-02-20 09:05:00.000+10:00,0.044,mm3/l,,,,,,,,,
RLE,Snowella_Cell count,2023-02-20 09:05:00.000+10:00,5590,cells/ml,,,,,,,,,
RLE,Sphaerospermopsis aphanizomenoides_Biovolume,2023-02-20 09:05:00.000+10:00,0.005,mm3/l,,,,,,,,,
RLE,Sphaerospermopsis aphanizomenoides_Cell count,2023-02-20 09:05:00.000+10:00,139,cells/ml,,,,,,,,,
RLE,Total Cyanobacteria,2023-02-20 09:05:00.000+10:00,88260,cells/ml,,,,,,,,,
RLW,Chlorophyll - a,2023-02-06 09:10:00.000+10:00,5.2,mg/m^3,,,,,,,,,
RLW,Coccoid Blue Green Picoplankton_Biovolume,2023-02-06 09:10:00.000+10:00,0.019,mm3/l,,,,,,,,,
RLW,Coccoid Blue Green Picoplankton_Cell count,2023-02-06 09:10:00.000+10:00,43651,cells/ml,,,,,,,,,
RLW,Cyanobacteria Biovolume,2023-02-06 09:10:00.000+10:00,31.64,mm3/l,,,,,,,,,
RLW,Dolichospermum_Biovolume,2023-02-06 09:10:00.000+10:00,31.612,mm3/l,,,,,,,,,
RLW,Dolichospermum_Cell count,2023-02-06 09:10:00.000+10:00,194957,cells/ml,,,,,,,,,
RLW,Enterococci,2023-02-06 09:10:00.000+10:00,1,cfu/100ml,,,,,,,,,
RLW,Microcystis_Biovolume,2023-02-06 09:10:00.000+10:00,0.005,mm3/l,,,,,,,,,
RLW,Microcystis_Cell count,2023-02-06 09:10:00.000+10:00,207,cells/ml,,,,,,,,,
RLW,Potentially Toxic Cyanobacteria,2023-02-06 09:10:00.000+10:00,195200,cells/ml,,,,,,,,,
RLW,Potentially Toxic Cyanobacteria Biovolume,2023-02-06 09:10:00.000+10:00,31.62,mm3/l,,,,,,,,,
RLW,Snowella_Biovolume,2023-02-06 09:10:00.000+10:00,0.007,mm3/l,,,,,,,,,
RLW,Snowella_Cell count,2023-02-06 09:10:00.000+10:00,968,cells/ml,,,,,,,,,
RLW,Total Cyanobacteria,2023-02-06 09:10:00.000+10:00,239800,cells/ml,,,,,,,,,
RLM,Chlorophyll - a,2023-02-06 09:05:00.000+10:00,4.8,mg/m^3,,,,,,,,,
RLM,Coccoid Blue Green Picoplankton_Biovolume,2023-02-06 09:05:00.000+10:00,0.017,mm3/l,,,,,,,,,
RLM,Coccoid Blue Green Picoplankton_Cell count,2023-02-06 09:05:00.000+10:00,37747,cells/ml,,,,,,,,,
RLM,Cyanobacteria Biovolume,2023-02-06 09:05:00.000+10:00,0.043,mm3/l,,,,,,,,,
RLM,Enterococci,2023-02-06 09:05:00.000+10:00,1,cfu/100ml,,,,,,,,,
RLM,Microcystis_Biovolume,2023-02-06 09:05:00.000+10:00,0.007,mm3/l,,,,,,,,,
RLM,Microcystis_Cell count,2023-02-06 09:05:00.000+10:00,270,cells/ml,,,,,,,,,
RLM,Potentially Toxic Cyanobacteria,2023-02-06 09:05:00.000+10:00,270,cells/ml,,,,,,,,,
RLM,Potentially Toxic Cyanobacteria Biovolume,2023-02-06 09:05:00.000+10:00,0.007,mm3/l,,,,,,,,,
RLM,Snowella_Biovolume,2023-02-06 09:05:00.000+10:00,0.019,mm3/l,,,,,,,,,
RLM,Snowella_Cell count,2023-02-06 09:05:00.000+10:00,2430,cells/ml,,,,,,,,,
RLM,Total Cyanobacteria,2023-02-06 09:05:00.000+10:00,40450,cells/ml,,,,,,,,,
RLE,Chlorophyll - a,2023-02-06 09:00:00.000+10:00,5.7,mg/m^3,,,,,,,,,
RLE,Coccoid Blue Green Picoplankton_Biovolume,2023-02-06 09:00:00.000+10:00,0.003,mm3/l,,,,,,,,,
RLE,Coccoid Blue Green Picoplankton_Cell count,2023-02-06 09:00:00.000+10:00,8144,cells/ml,,,,,,,,,
RLE,Cyanobacteria Biovolume,2023-02-06 09:00:00.000+10:00,0.194,mm3/l,,,,,,,,,
RLE,Enterococci,2023-02-06 09:00:00.000+10:00,5,cfu/100ml,,,,,,,,,
RLE,Microcystis_Biovolume,2023-02-06 09:00:00.000+10:00,0.049,mm3/l,,,,,,,,,
RLE,Microcystis_Cell count,2023-02-06 09:00:00.000+10:00,1797,cells/ml,,,,,,,,,
RLE,Potentially Toxic Cyanobacteria,2023-02-06 09:00:00.000+10:00,1800,cells/ml,,,,,,,,,
RLE,Potentially Toxic Cyanobacteria Biovolume,2023-02-06 09:00:00.000+10:00,0.049,mm3/l,,,,,,,,,
RLE,Snowella_Biovolume,2023-02-06 09:00:00.000+10:00,0.142,mm3/l,,,,,,,,,
RLE,Snowella_Cell count,2023-02-06 09:00:00.000+10:00,17968,cells/ml,,,,,,,,,
RLE,Total Cyanobacteria,2023-02-06 09:00:00.000+10:00,27910,cells/ml,,,,,,,,,
RLM,Ammonia as N,2023-01-23 12:00:00.000+10:00,0.02,mg/L,0.01,,,,,,,,
RLW,Ammonia as N,2023-01-23 12:00:00.000+10:00,0.02,mg/L,0.01,,,,,,,,
RLE,Ammonia as N,2023-01-23 12:00:00.000+10:00,0.04,mg/L,0.01,,,,,,,,
RLW,Dissolved Reactive Phosphorus as P,2023-01-23 12:00:00.000+10:00,,mg/L,0.01,,,,,,,,
RLM,Dissolved Reactive Phosphorus as P,2023-01-23 12:00:00.000+10:00,,mg/L,0.01,,,,,,,,
RLE,Dissolved Reactive Phosphorus as P,2023-01-23 12:00:00.000+10:00,,mg/L,0.01,,,,,,,,
RLW,Nitrate as N,2023-01-23 12:00:00.000+10:00,,mg/L,0.01,,,,,,,,
RLE,Nitrate as N,2023-01-23 12:00:00.000+10:00,,mg/L,0.01,,,,,,,,
RLM,Nitrate as N,2023-01-23 12:00:00.000+10:00,,mg/L,0.01,,,,,,,,
RLM,Nitrite + Nitrate as N,2023-01-23 12:00:00.000+10:00,,mg/L,0.01,,,,,,,,
RLE,Nitrite + Nitrate as N,2023-01-23 12:00:00.000+10:00,,mg/L,0.01,,,,,,,,
RLW,Nitrite + Nitrate as N,2023-01-23 12:00:00.000+10:00,,mg/L,0.01,,,,,,,,
RLM,Nitrite as N,2023-01-23 12:00:00.000+10:00,,mg/L,0.01,,,,,,,,
RLE,Nitrite as N,2023-01-23 12:00:00.000+10:00,,mg/L,0.01,,,,,,,,
RLW,Nitrite as N,2023-01-23 12:00:00.000+10:00,,mg/L,0.01,,,,,,,,
RLM,Total Kjeldahl Nitrogen as N,2023-01-23 12:00:00.000+10:00,0.5,mg/L,0.1,,,,,,,,
RLW,Total Kjeldahl Nitrogen as N,2023-01-23 12:00:00.000+10:00,0.4,mg/L,0.1,,,,,,,,
RLE,Total Kjeldahl Nitrogen as N,2023-01-23 12:00:00.000+10:00,0.6,mg/L,0.1,,,,,,,,
RLW,Total Nitrogen as N,2023-01-23 12:00:00.000+10:00,0.4,mg/L,0.1,,,,,,,,
RLM,Total Nitrogen as N,2023-01-23 12:00:00.000+10:00,0.5,mg/L,0.1,,,,,,,,
RLE,Total Nitrogen as N,2023-01-23 12:00:00.000+10:00,0.6,mg/L,0.1,,,,,,,,
RLM,Total Phosphorus as P,2023-01-23 12:00:00.000+10:00,0.03,mg/L,0.01,,,,,,,,
RLW,Total Phosphorus as P,2023-01-23 12:00:00.000+10:00,0.02,mg/L,0.01,,,,,,,,
RLE,Total Phosphorus as P,2023-01-23 12:00:00.000+10:00,0.03,mg/L,0.01,,,,,,,,
RLW,Total suspended solids,2023-01-23 12:00:00.000+10:00,,mg/L,5,,,,,,,,
RLE,Total suspended solids,2023-01-23 12:00:00.000+10:00,,mg/L,5,,,,,,,,
RLM,Total suspended solids,2023-01-23 12:00:00.000+10:00,,mg/L,5,,,,,,,,
RLW,Chlorophyll - a,2023-01-23 09:35:00.000+10:00,13.1,mg/m^3,,,,,,,,,
RLW,Coccoid Blue Green Picoplankton_Biovolume,2023-01-23 09:35:00.000+10:00,0.022,mm3/l,,,,,,,,,
RLW,Coccoid Blue Green Picoplankton_Cell count,2023-01-23 09:35:00.000+10:00,50295,cells/ml,,,,,,,,,
RLW,Cyanobacteria Biovolume,2023-01-23 09:35:00.000+10:00,0.053,mm3/l,,,,,,,,,
RLW,Enterococci,2023-01-23 09:35:00.000+10:00,4,cfu/100ml,,,,,,,,,
RLW,Merismopedia_Biovolume,2023-01-23 09:35:00.000+10:00,0.008,mm3/l,,,,,,,,,
RLW,Merismopedia_Cell count,2023-01-23 09:35:00.000+10:00,968,cells/ml,,,,,,,,,
RLW,Microcystis_Biovolume,2023-01-23 09:35:00.000+10:00,0.003,mm3/l,,,,,,,,,
RLW,Microcystis_Cell count,2023-01-23 09:35:00.000+10:00,138,cells/ml,,,,,,,,,
RLW,Potentially Toxic Cyanobacteria,2023-01-23 09:35:00.000+10:00,138,cells/ml,,,,,,,,,
RLW,Potentially Toxic Cyanobacteria Biovolume,2023-01-23 09:35:00.000+10:00,0.003,mm3/l,,,,,,,,,
RLW,Snowella_Biovolume,2023-01-23 09:35:00.000+10:00,0.02,mm3/l,,,,,,,,,
RLW,Snowella_Cell count,2023-01-23 09:35:00.000+10:00,2636,cells/ml,,,,,,,,,
RLW,Total Cyanobacteria,2023-01-23 09:35:00.000+10:00,54040,cells/ml,,,,,,,,,
RLM,Chlorophyll - a,2023-01-23 09:25:00.000+10:00,12.8,mg/m^3,,,,,,,,,
RLM,Coccoid Blue Green Picoplankton_Biovolume,2023-01-23 09:25:00.000+10:00,0.025,mm3/l,,,,,,,,,
RLM,Coccoid Blue Green Picoplankton_Cell count,2023-01-23 09:25:00.000+10:00,56966,cells/ml,,,,,,,,,
RLM,Cuspidothrix issatschenkoi_Biovolume,2023-01-23 09:25:00.000+10:00,0.033,mm3/l,,,,,,,,,
RLM,Cuspidothrix issatschenkoi_Cell count,2023-01-23 09:25:00.000+10:00,624,cells/ml,,,,,,,,,
RLM,Cyanobacteria Biovolume,2023-01-23 09:25:00.000+10:00,0.106,mm3/l,,,,,,,,,
RLM,Enterococci,2023-01-23 09:25:00.000+10:00,5,cfu/100ml,,,,,,,,,
RLM,Microcystis_Biovolume,2023-01-23 09:25:00.000+10:00,0.009,mm3/l,,,,,,,,,
RLM,Microcystis_Cell count,2023-01-23 09:25:00.000+10:00,332,cells/ml,,,,,,,,,
RLM,Potentially Toxic Cyanobacteria,2023-01-23 09:25:00.000+10:00,332,cells/ml,,,,,,,,,
RLM,Potentially Toxic Cyanobacteria Biovolume,2023-01-23 09:25:00.000+10:00,0.009,mm3/l,,,,,,,,,
RLM,Snowella_Biovolume,2023-01-23 09:25:00.000+10:00,0.039,mm3/l,,,,,,,,,
RLM,Snowella_Cell count,2023-01-23 09:25:00.000+10:00,4978,cells/ml,,,,,,,,,
RLM,Total Cyanobacteria,2023-01-23 09:25:00.000+10:00,62900,cells/ml,,,,,,,,,
RLE,Chlorophyll - a,2023-01-23 09:20:00.000+10:00,30.3,mg/m^3,,,,,,,,,
RLE,Coccoid Blue Green Picoplankton_Biovolume,2023-01-23 09:20:00.000+10:00,0.021,mm3/l,,,,,,,,,
RLE,Coccoid Blue Green Picoplankton_Cell count,2023-01-23 09:20:00.000+10:00,48442,cells/ml,,,,,,,,,
RLE,Cyanobacteria Biovolume,2023-01-23 09:20:00.000+10:00,0.069,mm3/l,,,,,,,,,
RLE,Enterococci,2023-01-23 09:20:00.000+10:00,3,cfu/100ml,,,,,,,,,
RLE,Merismopedia_Biovolume,2023-01-23 09:20:00.000+10:00,0.004,mm3/l,,,,,,,,,
RLE,Merismopedia_Cell count,2023-01-23 09:20:00.000+10:00,553,cells/ml,,,,,,,,,
RLE,Microcystis_Biovolume,2023-01-23 09:20:00.000+10:00,0.021,mm3/l,,,,,,,,,
RLE,Microcystis_Cell count,2023-01-23 09:20:00.000+10:00,760,cells/ml,,,,,,,,,
RLE,Potentially Toxic Cyanobacteria,2023-01-23 09:20:00.000+10:00,760,cells/ml,,,,,,,,,
RLE,Potentially Toxic Cyanobacteria Biovolume,2023-01-23 09:20:00.000+10:00,0.021,mm3/l,,,,,,,,,
RLE,Snowella_Biovolume,2023-01-23 09:20:00.000+10:00,0.023,mm3/l,,,,,,,,,
RLE,Snowella_Cell count,2023-01-23 09:20:00.000+10:00,2948,cells/ml,,,,,,,,,
RLE,Total Cyanobacteria,2023-01-23 09:20:00.000+10:00,52700,cells/ml,,,,,,,,,
RLE,Ammonia as N,2023-01-09 12:00:00.000+10:00,0.02,mg/L,0.01,,,,,,,,
RLM,Ammonia as N,2023-01-09 12:00:00.000+10:00,0.02,mg/L,0.01,,,,,,,,
RLW,Ammonia as N,2023-01-09 12:00:00.000+10:00,0.02,mg/L,0.01,,,,,,,,
RLW,Dissolved Reactive Phosphorus as P,2023-01-09 12:00:00.000+10:00,,mg/L,0.01,,,,,,,,
RLM,Dissolved Reactive Phosphorus as P,2023-01-09 12:00:00.000+10:00,,mg/L,0.01,,,,,,,,
RLE,Dissolved Reactive Phosphorus as P,2023-01-09 12:00:00.000+10:00,,mg/L,0.01,,,,,,,,
RLM,Nitrate as N,2023-01-09 12:00:00.000+10:00,,mg/L,0.01,,,,,,,,
RLE,Nitrate as N,2023-01-09 12:00:00.000+10:00,,mg/L,0.01,,,,,,,,
RLW,Nitrate as N,2023-01-09 12:00:00.000+10:00,,mg/L,0.01,,,,,,,,
RLW,Nitrite + Nitrate as N,2023-01-09 12:00:00.000+10:00,,mg/L,0.01,,,,,,,,
RLE,Nitrite + Nitrate as N,2023-01-09 12:00:00.000+10:00,,mg/L,0.01,,,,,,,,
RLM,Nitrite + Nitrate as N,2023-01-09 12:00:00.000+10:00,,mg/L,0.01,,,,,,,,
RLW,Nitrite as N,2023-01-09 12:00:00.000+10:00,,mg/L,0.01,,,,,,,,
RLM,Nitrite as N,2023-01-09 12:00:00.000+10:00,,mg/L,0.01,,,,,,,,
RLE,Nitrite as N,2023-01-09 12:00:00.000+10:00,,mg/L,0.01,,,,,,,,
RLM,Total Kjeldahl Nitrogen as N,2023-01-09 12:00:00.000+10:00,0.5,mg/L,0.1,,,,,,,,
RLW,Total Kjeldahl Nitrogen as N,2023-01-09 12:00:00.000+10:00,0.5,mg/L,0.1,,,,,,,,
RLE,Total Kjeldahl Nitrogen as N,2023-01-09 12:00:00.000+10:00,0.5,mg/L,0.1,,,,,,,,
RLW,Total Nitrogen as N,2023-01-09 12:00:00.000+10:00,0.5,mg/L,0.1,,,,,,,,
RLM,Total Nitrogen as N,2023-01-09 12:00:00.000+10:00,0.5,mg/L,0.1,,,,,,,,
RLE,Total Nitrogen as N,2023-01-09 12:00:00.000+10:00,0.5,mg/L,0.1,,,,,,,,
RLM,Total Phosphorus as P,2023-01-09 12:00:00.000+10:00,0.03,mg/L,0.01,,,,,,,,
RLW,Total Phosphorus as P,2023-01-09 12:00:00.000+10:00,0.01,mg/L,0.01,,,,,,,,
RLE,Total Phosphorus as P,2023-01-09 12:00:00.000+10:00,0.02,mg/L,0.01,,,,,,,,
RLE,Total suspended solids,2023-01-09 12:00:00.000+10:00,5,mg/L,5,,,,,,,,
RLW,Total suspended solids,2023-01-09 12:00:00.000+10:00,6,mg/L,5,,,,,,,,
RLM,Total suspended solids,2023-01-09 12:00:00.000+10:00,6,mg/L,5,,,,,,,,
RLW,Chlorophyll - a,2023-01-09 08:40:00.000+10:00,10.2,mg/m^3,,,,,,,,,
RLW,Coccoid Blue Green Picoplankton_Biovolume,2023-01-09 08:40:00.000+10:00,0.036,mm3/l,,,,,,,,,
RLW,Coccoid Blue Green Picoplankton_Cell count,2023-01-09 08:40:00.000+10:00,81384,cells/ml,,,,,,,,,
RLW,Cyanobacteria Biovolume,2023-01-09 08:40:00.000+10:00,0.14,mm3/l,,,,,,,,,
RLW,Enterococci,2023-01-09 08:40:00.000+10:00,1,cfu/100ml,,,,,,,,,
RLW,Microcystis_Biovolume,2023-01-09 08:40:00.000+10:00,0.1,mm3/l,,,,,,,,,
RLW,Microcystis_Cell count,2023-01-09 08:40:00.000+10:00,3595,cells/ml,,,,,,,,,
RLW,Potentially Toxic Cyanobacteria,2023-01-09 08:40:00.000+10:00,3600,cells/ml,,,,,,,,,
RLW,Potentially Toxic Cyanobacteria Biovolume,2023-01-09 08:40:00.000+10:00,0.1,mm3/l,,,,,,,,,
RLW,Snowella_Biovolume,2023-01-09 08:40:00.000+10:00,0.004,mm3/l,,,,,,,,,
RLW,Snowella_Cell count,2023-01-09 08:40:00.000+10:00,520,cells/ml,,,,,,,,,
RLW,Total Cyanobacteria,2023-01-09 08:40:00.000+10:00,85500,cells/ml,,,,,,,,,
RLM,Chlorophyll - a,2023-01-09 08:35:00.000+10:00,9.1,mg/m^3,,,,,,,,,
RLM,Coccoid Blue Green Picoplankton_Biovolume,2023-01-09 08:35:00.000+10:00,0.044,mm3/l,,,,,,,,,
RLM,Coccoid Blue Green Picoplankton_Cell count,2023-01-09 08:35:00.000+10:00,98557,cells/ml,,,,,,,,,
RLM,Cyanobacteria Biovolume,2023-01-09 08:35:00.000+10:00,0.195,mm3/l,,,,,,,,,
RLM,Enterococci,2023-01-09 08:35:00.000+10:00,2,cfu/100ml,,,,,,,,,
RLM,Microcystis_Biovolume,2023-01-09 08:35:00.000+10:00,0.145,mm3/l,,,,,,,,,
RLM,Microcystis_Cell count,2023-01-09 08:35:00.000+10:00,5247,cells/ml,,,,,,,,,
RLM,Potentially Toxic Cyanobacteria,2023-01-09 08:35:00.000+10:00,5250,cells/ml,,,,,,,,,
RLM,Potentially Toxic Cyanobacteria Biovolume,2023-01-09 08:35:00.000+10:00,0.145,mm3/l,,,,,,,,,
RLM,Snowella_Biovolume,2023-01-09 08:35:00.000+10:00,0.006,mm3/l,,,,,,,,,
RLM,Snowella_Cell count,2023-01-09 08:35:00.000+10:00,867,cells/ml,,,,,,,,,
RLM,Total Cyanobacteria,2023-01-09 08:35:00.000+10:00,104700,cells/ml,,,,,,,,,
RLE,Chlorophyll - a,2023-01-09 08:30:00.000+10:00,6.6,mg/m^3,,,,,,,,,
RLE,Coccoid Blue Green Picoplankton_Biovolume,2023-01-09 08:30:00.000+10:00,0.033,mm3/l,,,,,,,,,
RLE,Coccoid Blue Green Picoplankton_Cell count,2023-01-09 08:30:00.000+10:00,73598,cells/ml,,,,,,,,,
RLE,Cyanobacteria Biovolume,2023-01-09 08:30:00.000+10:00,0.075,mm3/l,,,,,,,,,
RLE,Enterococci,2023-01-09 08:30:00.000+10:00,3,cfu/100ml,,,,,,,,,
RLE,Merismopedia_Biovolume,2023-01-09 08:30:00.000+10:00,0.005,mm3/l,,,,,,,,,
RLE,Merismopedia_Cell count,2023-01-09 08:30:00.000+10:00,632,cells/ml,,,,,,,,,
RLE,Microcystis_Biovolume,2023-01-09 08:30:00.000+10:00,0.037,mm3/l,,,,,,,,,
RLE,Microcystis_Cell count,2023-01-09 08:30:00.000+10:00,1348,cells/ml,,,,,,,,,
RLE,Potentially Toxic Cyanobacteria,2023-01-09 08:30:00.000+10:00,1350,cells/ml,,,,,,,,,
RLE,Potentially Toxic Cyanobacteria Biovolume,2023-01-09 08:30:00.000+10:00,0.037,mm3/l,,,,,,,,,
RLE,Total Cyanobacteria,2023-01-09 08:30:00.000+10:00,75580,cells/ml,,,,,,,,,
RLM,Ammonia as N,2023-01-03 12:00:00.000+10:00,0.01,mg/L,0.01,,,,,,,,
RLE,Ammonia as N,2023-01-03 12:00:00.000+10:00,0.01,mg/L,0.01,,,,,,,,
RLW,Ammonia as N,2023-01-03 12:00:00.000+10:00,0.01,mg/L,0.01,,,,,,,,
RLM,Dissolved Reactive Phosphorus as P,2023-01-03 12:00:00.000+10:00,,mg/L,0.01,,,,,,,,
RLW,Dissolved Reactive Phosphorus as P,2023-01-03 12:00:00.000+10:00,0.02,mg/L,0.01,,,,,,,,
RLE,Dissolved Reactive Phosphorus as P,2023-01-03 12:00:00.000+10:00,,mg/L,0.01,,,,,,,,
RLE,Nitrate as N,2023-01-03 12:00:00.000+10:00,,mg/L,0.01,,,,,,,,
RLW,Nitrate as N,2023-01-03 12:00:00.000+10:00,,mg/L,0.01,,,,,,,,
RLM,Nitrate as N,2023-01-03 12:00:00.000+10:00,,mg/L,0.01,,,,,,,,
RLM,Nitrite + Nitrate as N,2023-01-03 12:00:00.000+10:00,,mg/L,0.01,,,,,,,,
RLE,Nitrite + Nitrate as N,2023-01-03 12:00:00.000+10:00,,mg/L,0.01,,,,,,,,
RLW,Nitrite + Nitrate as N,2023-01-03 12:00:00.000+10:00,,mg/L,0.01,,,,,,,,
RLW,Nitrite as N,2023-01-03 12:00:00.000+10:00,,mg/L,0.01,,,,,,,,
RLE,Nitrite as N,2023-01-03 12:00:00.000+10:00,,mg/L,0.01,,,,,,,,
RLM,Nitrite as N,2023-01-03 12:00:00.000+10:00,,mg/L,0.01,,,,,,,,
RLE,Reactive Phosphorus as P,2023-01-03 12:00:00.000+10:00,,mg/L,0.01,,,,,,,,
RLW,Reactive Phosphorus as P,2023-01-03 12:00:00.000+10:00,0.02,mg/L,0.01,,,,,,,,
RLM,Reactive Phosphorus as P,2023-01-03 12:00:00.000+10:00,,mg/L,0.01,,,,,,,,
RLW,Total Kjeldahl Nitrogen as N,2023-01-03 12:00:00.000+10:00,0.5,mg/L,0.1,,,,,,,,
RLE,Total Kjeldahl Nitrogen as N,2023-01-03 12:00:00.000+10:00,0.5,mg/L,0.1,,,,,,,,
RLM,Total Kjeldahl Nitrogen as N,2023-01-03 12:00:00.000+10:00,0.5,mg/L,0.1,,,,,,,,
RLW,Total Nitrogen as N,2023-01-03 12:00:00.000+10:00,0.5,mg/L,0.1,,,,,,,,
RLM,Total Nitrogen as N,2023-01-03 12:00:00.000+10:00,0.5,mg/L,0.1,,,,,,,,
RLE,Total Nitrogen as N,2023-01-03 12:00:00.000+10:00,0.5,mg/L,0.1,,,,,,,,
RLM,Total Phosphorus as P,2023-01-03 12:00:00.000+10:00,0.02,mg/L,0.01,,,,,,,,
RLW,Total Phosphorus as P,2023-01-03 12:00:00.000+10:00,0.02,mg/L,0.01,,,,,,,,
RLE,Total Phosphorus as P,2023-01-03 12:00:00.000+10:00,0.02,mg/L,0.01,,,,,,,,
RLM,Total suspended solids,2023-01-03 12:00:00.000+10:00,,mg/L,5,,,,,,,,
RLW,Total suspended solids,2023-01-03 12:00:00.000+10:00,,mg/L,5,,,,,,,,
RLE,Total suspended solids,2023-01-03 12:00:00.000+10:00,,mg/L,5,,,,,,,,
RLW,Chlorophyll - a,2023-01-03 10:00:00.000+10:00,4.6,mg/m^3,,,,,,,,,
RLW,Coccoid Blue Green Picoplankton_Biovolume,2023-01-03 10:00:00.000+10:00,0.131,mm3/l,,,,,,,,,
RLW,Coccoid Blue Green Picoplankton_Cell count,2023-01-03 10:00:00.000+10:00,292334,cells/ml,,,,,,,,,
RLW,Cyanobacteria Biovolume,2023-01-03 10:00:00.000+10:00,0.142,mm3/l,,,,,,,,,
RLW,Enterococci,2023-01-03 10:00:00.000+10:00,1,cfu/100ml,,,,,,,,,
RLW,Microcystis_Biovolume,2023-01-03 10:00:00.000+10:00,0.011,mm3/l,,,,,,,,,
RLW,Microcystis_Cell count,2023-01-03 10:00:00.000+10:00,415,cells/ml,,,,,,,,,
RLW,Potentially Toxic Cyanobacteria,2023-01-03 10:00:00.000+10:00,415,cells/ml,,,,,,,,,
RLW,Potentially Toxic Cyanobacteria Biovolume,2023-01-03 10:00:00.000+10:00,0.011,mm3/l,,,,,,,,,
RLW,Total Cyanobacteria,2023-01-03 10:00:00.000+10:00,292700,cells/ml,,,,,,,,,
RLM,Chlorophyll - a,2023-01-03 09:45:00.000+10:00,4.5,mg/m^3,,,,,,,,,
RLM,Coccoid Blue Green Picoplankton_Biovolume,2023-01-03 09:45:00.000+10:00,0.098,mm3/l,,,,,,,,,
RLM,Coccoid Blue Green Picoplankton_Cell count,2023-01-03 09:45:00.000+10:00,217393,cells/ml,,,,,,,,,
RLM,Cyanobacteria Biovolume,2023-01-03 09:45:00.000+10:00,0.115,mm3/l,,,,,,,,,
RLM,Enterococci,2023-01-03 09:45:00.000+10:00,1,cfu/100ml,,,,,,,,,
RLM,Microcystis_Biovolume,2023-01-03 09:45:00.000+10:00,0.011,mm3/l,,,,,,,,,
RLM,Microcystis_Cell count,2023-01-03 09:45:00.000+10:00,415,cells/ml,,,,,,,,,
RLM,Potentially Toxic Cyanobacteria,2023-01-03 09:45:00.000+10:00,415,cells/ml,,,,,,,,,
RLM,Potentially Toxic Cyanobacteria Biovolume,2023-01-03 09:45:00.000+10:00,0.011,mm3/l,,,,,,,,,
RLM,Snowella_Biovolume,2023-01-03 09:45:00.000+10:00,0.006,mm3/l,,,,,,,,,
RLM,Snowella_Cell count,2023-01-03 09:45:00.000+10:00,867,cells/ml,,,,,,,,,
RLM,Total Cyanobacteria,2023-01-03 09:45:00.000+10:00,218700,cells/ml,,,,,,,,,
RLE,Chlorophyll - a,2023-01-03 09:30:00.000+10:00,5.1,mg/m^3,,,,,,,,,
RLE,Coccoid Blue Green Picoplankton_Biovolume,2023-01-03 09:30:00.000+10:00,0.08,mm3/l,,,,,,,,,
RLE,Coccoid Blue Green Picoplankton_Cell count,2023-01-03 09:30:00.000+10:00,178808,cells/ml,,,,,,,,,
RLE,Cyanobacteria Biovolume,2023-01-03 09:30:00.000+10:00,0.099,mm3/l,,,,,,,,,
RLE,Enterococci,2023-01-03 09:30:00.000+10:00,1,cfu/100ml,,,,,,,,,
RLE,Microcystis_Biovolume,2023-01-03 09:30:00.000+10:00,0.019,mm3/l,,,,,,,,,
RLE,Microcystis_Cell count,2023-01-03 09:30:00.000+10:00,684,cells/ml,,,,,,,,,
RLE,Potentially Toxic Cyanobacteria,2023-01-03 09:30:00.000+10:00,684,cells/ml,,,,,,,,,
RLE,Potentially Toxic Cyanobacteria Biovolume,2023-01-03 09:30:00.000+10:00,0.019,mm3/l,,,,,,,,,
RLE,Total Cyanobacteria,2023-01-03 09:30:00.000+10:00,179500,cells/ml,,,,,,,,,
RLE,Ammonia as N,2022-12-12 12:00:00.000+10:00,,mg/L,0.01,,,,,,,,
RLW,Ammonia as N,2022-12-12 12:00:00.000+10:00,,mg/L,0.01,,,,,,,,
RLM,Ammonia as N,2022-12-12 12:00:00.000+10:00,,mg/L,0.01,,,,,,,,
RLE,Dissolved Reactive Phosphorus as P,2022-12-12 12:00:00.000+10:00,,mg/L,0.01,,,,,,,,
RLM,Dissolved Reactive Phosphorus as P,2022-12-12 12:00:00.000+10:00,,mg/L,0.01,,,,,,,,
RLW,Dissolved Reactive Phosphorus as P,2022-12-12 12:00:00.000+10:00,,mg/L,0.01,,,,,,,,
RLE,Nitrate as N,2022-12-12 12:00:00.000+10:00,,mg/L,0.01,,,,,,,,
RLW,Nitrate as N,2022-12-12 12:00:00.000+10:00,,mg/L,0.01,,,,,,,,
RLM,Nitrate as N,2022-12-12 12:00:00.000+10:00,,mg/L,0.01,,,,,,,,
RLW,Nitrite + Nitrate as N,2022-12-12 12:00:00.000+10:00,,mg/L,0.01,,,,,,,,
RLM,Nitrite + Nitrate as N,2022-12-12 12:00:00.000+10:00,,mg/L,0.01,,,,,,,,
RLE,Nitrite + Nitrate as N,2022-12-12 12:00:00.000+10:00,,mg/L,0.01,,,,,,,,
RLW,Nitrite as N,2022-12-12 12:00:00.000+10:00,,mg/L,0.01,,,,,,,,
RLE,Nitrite as N,2022-12-12 12:00:00.000+10:00,,mg/L,0.01,,,,,,,,
RLM,Nitrite as N,2022-12-12 12:00:00.000+10:00,,mg/L,0.01,,,,,,,,
RLW,Total Kjeldahl Nitrogen as N,2022-12-12 12:00:00.000+10:00,0.5,mg/L,0.1,,,,,,,,
RLM,Total Kjeldahl Nitrogen as N,2022-12-12 12:00:00.000+10:00,0.5,mg/L,0.1,,,,,,,,
RLE,Total Kjeldahl Nitrogen as N,2022-12-12 12:00:00.000+10:00,0.5,mg/L,0.1,,,,,,,,
RLM,Total Nitrogen as N,2022-12-12 12:00:00.000+10:00,0.5,mg/L,0.1,,,,,,,,
RLW,Total Nitrogen as N,2022-12-12 12:00:00.000+10:00,0.5,mg/L,0.1,,,,,,,,
RLE,Total Nitrogen as N,2022-12-12 12:00:00.000+10:00,0.5,mg/L,0.1,,,,,,,,
RLM,Total Phosphorus as P,2022-12-12 12:00:00.000+10:00,0.02,mg/L,0.01,,,,,,,,
RLW,Total Phosphorus as P,2022-12-12 12:00:00.000+10:00,0.02,mg/L,0.01,,,,,,,,
RLE,Total Phosphorus as P,2022-12-12 12:00:00.000+10:00,0.02,mg/L,0.01,,,,,,,,
RLE,Total suspended solids,2022-12-12 12:00:00.000+10:00,,mg/L,5,,,,,,,,
RLW,Total suspended solids,2022-12-12 12:00:00.000+10:00,,mg/L,5,,,,,,,,
RLM,Total suspended solids,2022-12-12 12:00:00.000+10:00,,mg/L,5,,,,,,,,
RLW,Chlorophyll - a,2022-12-12 08:40:00.000+10:00,5.8,mg/m^3,,,,,,,,,
RLW,Coccoid Blue Green Picoplankton_Biovolume,2022-12-12 08:40:00.000+10:00,0.002,mm3/l,,,,,,,,,
RLW,Coccoid Blue Green Picoplankton_Cell count,2022-12-12 08:40:00.000+10:00,4908,cells/ml,,,,,,,,,
RLW,Cyanobacteria Biovolume,2022-12-12 08:40:00.000+10:00,0.276,mm3/l,,,,,,,,,
RLW,Dolichospermum circinale_Biovolume,2022-12-12 08:40:00.000+10:00,0.274,mm3/l,,,,,,,,,
RLW,Dolichospermum circinale_Cell count,2022-12-12 08:40:00.000+10:00,1578,cells/ml,,,,,,,,,
RLW,Enterococci,2022-12-12 08:40:00.000+10:00,1,cfu/100ml,,,,,,,,,
RLW,Potentially Toxic Cyanobacteria,2022-12-12 08:40:00.000+10:00,1580,cells/ml,,,,,,,,,
RLW,Potentially Toxic Cyanobacteria Biovolume,2022-12-12 08:40:00.000+10:00,0.274,mm3/l,,,,,,,,,
RLW,Total Cyanobacteria,2022-12-12 08:40:00.000+10:00,6490,cells/ml,,,,,,,,,
RLM,Chlorophyll - a,2022-12-12 08:35:00.000+10:00,5.5,mg/m^3,,,,,,,,,
RLM,Coccoid Blue Green Picoplankton_Biovolume,2022-12-12 08:35:00.000+10:00,0.004,mm3/l,,,,,,,,,
RLM,Coccoid Blue Green Picoplankton_Cell count,2022-12-12 08:35:00.000+10:00,10577,cells/ml,,,,,,,,,
RLM,Cyanobacteria Biovolume,2022-12-12 08:35:00.000+10:00,0.099,mm3/l,,,,,,,,,
RLM,Dolichospermum circinale_Biovolume,2022-12-12 08:35:00.000+10:00,0.09,mm3/l,,,,,,,,,
RLM,Dolichospermum circinale_Cell count,2022-12-12 08:35:00.000+10:00,520,cells/ml,,,,,,,,,
RLM,Enterococci,2022-12-12 08:35:00.000+10:00,3,cfu/100ml,,,,,,,,,
RLM,Microcystis_Biovolume,2022-12-12 08:35:00.000+10:00,0.005,mm3/l,,,,,,,,,
RLM,Microcystis_Cell count,2022-12-12 08:35:00.000+10:00,207,cells/ml,,,,,,,,,
RLM,Potentially Toxic Cyanobacteria,2022-12-12 08:35:00.000+10:00,727,cells/ml,,,,,,,,,
RLM,Potentially Toxic Cyanobacteria Biovolume,2022-12-12 08:35:00.000+10:00,0.095,mm3/l,,,,,,,,,
RLM,Total Cyanobacteria,2022-12-12 08:35:00.000+10:00,11300,cells/ml,,,,,,,,,
RLE,Chlorophyll - a,2022-12-12 08:30:00.000+10:00,3.4,mg/m^3,,,,,,,,,
RLE,Coccoid Blue Green Picoplankton_Biovolume,2022-12-12 08:30:00.000+10:00,0.003,mm3/l,,,,,,,,,
RLE,Coccoid Blue Green Picoplankton_Cell count,2022-12-12 08:30:00.000+10:00,7964,cells/ml,,,,,,,,,
RLE,Cyanobacteria Biovolume,2022-12-12 08:30:00.000+10:00,0.026,mm3/l,,,,,,,,,
RLE,Enterococci,2022-12-12 08:30:00.000+10:00,1,cfu/100ml,,,,,,,,,
RLE,Microcystis_Biovolume,2022-12-12 08:30:00.000+10:00,0.023,mm3/l,,,,,,,,,
RLE,Microcystis_Cell count,2022-12-12 08:30:00.000+10:00,830,cells/ml,,,,,,,,,
RLE,Potentially Toxic Cyanobacteria,2022-12-12 08:30:00.000+10:00,830,cells/ml,,,,,,,,,
RLE,Potentially Toxic Cyanobacteria Biovolume,2022-12-12 08:30:00.000+10:00,0.023,mm3/l,,,,,,,,,
RLE,Total Cyanobacteria,2022-12-12 08:30:00.000+10:00,8790,cells/ml,,,,,,,,,
RLE,Ammonia as N,2022-11-28 12:00:00.000+10:00,0.02,mg/L,0.01,,,,,,,,
RLM,Ammonia as N,2022-11-28 12:00:00.000+10:00,0.02,mg/L,0.01,,,,,,,,
RLW,Ammonia as N,2022-11-28 12:00:00.000+10:00,0.01,mg/L,0.01,,,,,,,,
RLW,Dissolved Reactive Phosphorus as P,2022-11-28 12:00:00.000+10:00,,mg/L,0.01,,,,,,,,
RLE,Dissolved Reactive Phosphorus as P,2022-11-28 12:00:00.000+10:00,,mg/L,0.01,,,,,,,,
RLM,Dissolved Reactive Phosphorus as P,2022-11-28 12:00:00.000+10:00,,mg/L,0.01,,,,,,,,
RLW,Nitrate as N,2022-11-28 12:00:00.000+10:00,,mg/L,0.01,,,,,,,,
RLM,Nitrate as N,2022-11-28 12:00:00.000+10:00,,mg/L,0.01,,,,,,,,
RLE,Nitrate as N,2022-11-28 12:00:00.000+10:00,,mg/L,0.01,,,,,,,,
RLM,Nitrite + Nitrate as N,2022-11-28 12:00:00.000+10:00,0.02,mg/L,0.01,,,,,,,,
RLE,Nitrite + Nitrate as N,2022-11-28 12:00:00.000+10:00,,mg/L,0.01,,,,,,,,
RLW,Nitrite + Nitrate as N,2022-11-28 12:00:00.000+10:00,,mg/L,0.01,,,,,,,,
RLE,Nitrite as N,2022-11-28 12:00:00.000+10:00,,mg/L,0.01,,,,,,,,
RLM,Nitrite as N,2022-11-28 12:00:00.000+10:00,0.02,mg/L,0.01,,,,,,,,
RLW,Nitrite as N,2022-11-28 12:00:00.000+10:00,,mg/L,0.01,,,,,,,,
RLM,Total Kjeldahl Nitrogen as N,2022-11-28 12:00:00.000+10:00,0.5,mg/L,0.1,,,,,,,,
RLE,Total Kjeldahl Nitrogen as N,2022-11-28 12:00:00.000+10:00,0.5,mg/L,0.1,,,,,,,,
RLW,Total Kjeldahl Nitrogen as N,2022-11-28 12:00:00.000+10:00,0.4,mg/L,0.1,,,,,,,,
RLW,Total Nitrogen as N,2022-11-28 12:00:00.000+10:00,0.4,mg/L,0.1,,,,,,,,
RLE,Total Nitrogen as N,2022-11-28 12:00:00.000+10:00,0.5,mg/L,0.1,,,,,,,,
RLM,Total Nitrogen as N,2022-11-28 12:00:00.000+10:00,0.5,mg/L,0.1,,,,,,,,
RLW,Total Phosphorus as P,2022-11-28 12:00:00.000+10:00,0.05,mg/L,0.01,,,,,,,,
RLE,Total Phosphorus as P,2022-11-28 12:00:00.000+10:00,0.03,mg/L,0.01,,,,,,,,
RLM,Total Phosphorus as P,2022-11-28 12:00:00.000+10:00,0.08,mg/L,0.01,,,,,,,,
RLM,Total suspended solids,2022-11-28 12:00:00.000+10:00,,mg/L,5,,,,,,,,
RLW,Total suspended solids,2022-11-28 12:00:00.000+10:00,,mg/L,5,,,,,,,,
RLE,Total suspended solids,2022-11-28 12:00:00.000+10:00,,mg/L,5,,,,,,,,
RLW,Chlorophyll - a,2022-11-28 09:30:00.000+10:00,4.8,mg/m^3,,,,,,,,,
RLW,Coccoid Blue Green Picoplankton_Biovolume,2022-11-28 09:30:00.000+10:00,0.001,mm3/l,,,,,,,,,
RLW,Coccoid Blue Green Picoplankton_Cell count,2022-11-28 09:30:00.000+10:00,3042,cells/ml,,,,,,,,,
RLW,Cyanobacteria Biovolume,2022-11-28 09:30:00.000+10:00,0.034,mm3/l,,,,,,,,,
RLW,Enterococci,2022-11-28 09:30:00.000+10:00,1,cfu/100ml,,,,,,,,,
RLW,Microcystis_Biovolume,2022-11-28 09:30:00.000+10:00,0.032,mm3/l,,,,,,,,,
RLW,Microcystis_Cell count,2022-11-28 09:30:00.000+10:00,1168,cells/ml,,,,,,,,,
RLW,Potentially Toxic Cyanobacteria,2022-11-28 09:30:00.000+10:00,1170,cells/ml,,,,,,,,,
RLW,Potentially Toxic Cyanobacteria Biovolume,2022-11-28 09:30:00.000+10:00,0.032,mm3/l,,,,,,,,,
RLW,Synechococcus cf_Biovolume,2022-11-28 09:30:00.000+10:00,0.001,mm3/l,,,,,,,,,
RLW,Synechococcus cf_Cell count,2022-11-28 09:30:00.000+10:00,207,cells/ml,,,,,,,,,
RLW,Total Cyanobacteria,2022-11-28 09:30:00.000+10:00,4420,cells/ml,,,,,,,,,
RLM,Chlorophyll - a,2022-11-28 09:20:00.000+10:00,4.9,mg/m^3,,,,,,,,,
RLM,Cyanobacteria Biovolume,2022-11-28 09:20:00.000+10:00,0.08,mm3/l,,,,,,,,,
RLM,Enterococci,2022-11-28 09:20:00.000+10:00,1,cfu/100ml,,,,,,,,,
RLM,Microcystis_Biovolume,2022-11-28 09:20:00.000+10:00,0.08,mm3/l,,,,,,,,,
RLM,Microcystis_Cell count,2022-11-28 09:20:00.000+10:00,2904,cells/ml,,,,,,,,,
RLM,Potentially Toxic Cyanobacteria,2022-11-28 09:20:00.000+10:00,2900,cells/ml,,,,,,,,,
RLM,Potentially Toxic Cyanobacteria Biovolume,2022-11-28 09:20:00.000+10:00,0.08,mm3/l,,,,,,,,,
RLM,Total Cyanobacteria,2022-11-28 09:20:00.000+10:00,2900,cells/ml,,,,,,,,,
RLE,Chlorophyll - a,2022-11-28 09:10:00.000+10:00,5.6,mg/m^3,,,,,,,,,
RLE,Coccoid Blue Green Picoplankton_Biovolume,2022-11-28 09:10:00.000+10:00,0,mm3/l,,,,,,,,,
RLE,Coccoid Blue Green Picoplankton_Cell count,2022-11-28 09:10:00.000+10:00,1797,cells/ml,,,,,,,,,
RLE,Cyanobacteria Biovolume,2022-11-28 09:10:00.000+10:00,0.018,mm3/l,,,,,,,,,
RLE,Enterococci,2022-11-28 09:10:00.000+10:00,1,cfu/100ml,,,,,,,,,
RLE,Microcystis_Biovolume,2022-11-28 09:10:00.000+10:00,0.018,mm3/l,,,,,,,,,
RLE,Microcystis_Cell count,2022-11-28 09:10:00.000+10:00,664,cells/ml,,,,,,,,,
RLE,Potentially Toxic Cyanobacteria,2022-11-28 09:10:00.000+10:00,664,cells/ml,,,,,,,,,
RLE,Potentially Toxic Cyanobacteria Biovolume,2022-11-28 09:10:00.000+10:00,0.018,mm3/l,,,,,,,,,
RLE,Total Cyanobacteria,2022-11-28 09:10:00.000+10:00,2460,cells/ml,,,,,,,,,
RLW,Ammonia as N,2022-11-14 12:00:00.000+10:00,,mg/L,0.01,,,,,,,,
RLM,Ammonia as N,2022-11-14 12:00:00.000+10:00,,mg/L,0.01,,,,,,,,
RLE,Ammonia as N,2022-11-14 12:00:00.000+10:00,,mg/L,0.01,,,,,,,,
RLE,Dissolved Reactive Phosphorus as P,2022-11-14 12:00:00.000+10:00,,mg/L,0.01,,,,,,,,
RLM,Dissolved Reactive Phosphorus as P,2022-11-14 12:00:00.000+10:00,,mg/L,0.01,,,,,,,,
RLW,Dissolved Reactive Phosphorus as P,2022-11-14 12:00:00.000+10:00,,mg/L,0.01,,,,,,,,
RLW,Nitrate as N,2022-11-14 12:00:00.000+10:00,,mg/L,0.01,,,,,,,,
RLM,Nitrate as N,2022-11-14 12:00:00.000+10:00,,mg/L,0.01,,,,,,,,
RLE,Nitrate as N,2022-11-14 12:00:00.000+10:00,,mg/L,0.01,,,,,,,,
RLM,Nitrite + Nitrate as N,2022-11-14 12:00:00.000+10:00,,mg/L,0.01,,,,,,,,
RLE,Nitrite + Nitrate as N,2022-11-14 12:00:00.000+10:00,,mg/L,0.01,,,,,,,,
RLW,Nitrite + Nitrate as N,2022-11-14 12:00:00.000+10:00,,mg/L,0.01,,,,,,,,
RLW,Nitrite as N,2022-11-14 12:00:00.000+10:00,,mg/L,0.01,,,,,,,,
RLM,Nitrite as N,2022-11-14 12:00:00.000+10:00,,mg/L,0.01,,,,,,,,
RLE,Nitrite as N,2022-11-14 12:00:00.000+10:00,,mg/L,0.01,,,,,,,,
RLE,Total Kjeldahl Nitrogen as N,2022-11-14 12:00:00.000+10:00,0.5,mg/L,0.1,,,,,,,,
RLW,Total Kjeldahl Nitrogen as N,2022-11-14 12:00:00.000+10:00,0.5,mg/L,0.1,,,,,,,,
RLM,Total Kjeldahl Nitrogen as N,2022-11-14 12:00:00.000+10:00,0.4,mg/L,0.1,,,,,,,,
RLE,Total Nitrogen as N,2022-11-14 12:00:00.000+10:00,0.5,mg/L,0.1,,,,,,,,
RLW,Total Nitrogen as N,2022-11-14 12:00:00.000+10:00,0.5,mg/L,0.1,,,,,,,,
RLM,Total Nitrogen as N,2022-11-14 12:00:00.000+10:00,0.4,mg/L,0.1,,,,,,,,
RLM,Total Phosphorus as P,2022-11-14 12:00:00.000+10:00,0.05,mg/L,0.01,,,,,,,,
RLE,Total Phosphorus as P,2022-11-14 12:00:00.000+10:00,0.06,mg/L,0.01,,,,,,,,
RLW,Total Phosphorus as P,2022-11-14 12:00:00.000+10:00,0.03,mg/L,0.01,,,,,,,,
RLW,Total suspended solids,2022-11-14 12:00:00.000+10:00,,mg/L,5,,,,,,,,
RLE,Total suspended solids,2022-11-14 12:00:00.000+10:00,,mg/L,5,,,,,,,,
RLM,Total suspended solids,2022-11-14 12:00:00.000+10:00,,mg/L,5,,,,,,,,
RLE,Chlorophyll - a,2022-11-14 09:30:00.000+10:00,4.1,mg/m^3,,,,,,,,,
RLE,Coccoid Blue Green Picoplankton_Biovolume,2022-11-14 09:30:00.000+10:00,0,mm3/l,,,,,,,,,
RLE,Coccoid Blue Green Picoplankton_Cell count,2022-11-14 09:30:00.000+10:00,760,cells/ml,,,,,,,,,
RLE,Cyanobacteria Biovolume,2022-11-14 09:30:00.000+10:00,0.001,mm3/l,,,,,,,,,
RLE,Enterococci,2022-11-14 09:30:00.000+10:00,29,cfu/100ml,,,,,,,,,
RLE,Microcystis_Biovolume,2022-11-14 09:30:00.000+10:00,0.001,mm3/l,,,,,,,,,
RLE,Microcystis_Cell count,2022-11-14 09:30:00.000+10:00,69,cells/ml,,,,,,,,,
RLE,Potentially Toxic Cyanobacteria,2022-11-14 09:30:00.000+10:00,69,cells/ml,,,,,,,,,
RLE,Potentially Toxic Cyanobacteria Biovolume,2022-11-14 09:30:00.000+10:00,0.001,mm3/l,,,,,,,,,
RLE,Total Cyanobacteria,2022-11-14 09:30:00.000+10:00,829,cells/ml,,,,,,,,,
RLM,Chlorophyll - a,2022-11-14 09:20:00.000+10:00,5.4,mg/m^3,,,,,,,,,
RLM,Coccoid Blue Green Picoplankton_Biovolume,2022-11-14 09:20:00.000+10:00,0,mm3/l,,,,,,,,,
RLM,Coccoid Blue Green Picoplankton_Cell count,2022-11-14 09:20:00.000+10:00,2212,cells/ml,,,,,,,,,
RLM,Cyanobacteria Biovolume,2022-11-14 09:20:00.000+10:00,0.021,mm3/l,,,,,,,,,
RLM,Enterococci,2022-11-14 09:20:00.000+10:00,130,cfu/100ml,,,,,,,,,
RLM,Microcystis_Biovolume,2022-11-14 09:20:00.000+10:00,0.021,mm3/l,,,,,,,,,
RLM,Microcystis_Cell count,2022-11-14 09:20:00.000+10:00,760,cells/ml,,,,,,,,,
RLM,Potentially Toxic Cyanobacteria,2022-11-14 09:20:00.000+10:00,760,cells/ml,,,,,,,,,
RLM,Potentially Toxic Cyanobacteria Biovolume,2022-11-14 09:20:00.000+10:00,0.021,mm3/l,,,,,,,,,
RLM,Total Cyanobacteria,2022-11-14 09:20:00.000+10:00,2970,cells/ml,,,,,,,,,
RLW,Chlorophyll - a,2022-11-14 09:10:00.000+10:00,8.8,mg/m^3,,,,,,,,,
RLW,Coccoid Blue Green Picoplankton_Biovolume,2022-11-14 09:10:00.000+10:00,0.002,mm3/l,,,,,,,,,
RLW,Coccoid Blue Green Picoplankton_Cell count,2022-11-14 09:10:00.000+10:00,5704,cells/ml,,,,,,,,,
RLW,Cyanobacteria Biovolume,2022-11-14 09:10:00.000+10:00,0.056,mm3/l,,,,,,,,,
RLW,Dolichospermum_Biovolume,2022-11-14 09:10:00.000+10:00,0.033,mm3/l,,,,,,,,,
RLW,Dolichospermum_Cell count,2022-11-14 09:10:00.000+10:00,208,cells/ml,,,,,,,,,
RLW,Enterococci,2022-11-14 09:10:00.000+10:00,120,cfu/100ml,,,,,,,,,
RLW,Microcystis_Biovolume,2022-11-14 09:10:00.000+10:00,0.021,mm3/l,,,,,,,,,
RLW,Microcystis_Cell count,2022-11-14 09:10:00.000+10:00,760,cells/ml,,,,,,,,,
RLW,Potentially Toxic Cyanobacteria,2022-11-14 09:10:00.000+10:00,968,cells/ml,,,,,,,,,
RLW,Potentially Toxic Cyanobacteria Biovolume,2022-11-14 09:10:00.000+10:00,0.054,mm3/l,,,,,,,,,
RLW,Total Cyanobacteria,2022-11-14 09:10:00.000+10:00,6670,cells/ml,,,,,,,,,
WULM,Total Phosphorus as P,2026-06-09 12:00:00.000+10:00,0.04,mg/L,0.01,,,,,,,,
WULW,Total Phosphorus as P,2026-06-09 12:00:00.000+10:00,0.02,mg/L,0.01,,,,,,,,
WULE,Total Phosphorus as P,2026-06-09 12:00:00.000+10:00,0.01,mg/L,0.01,,,,,,,,
WULE,Total Phosphorus as P,2026-04-28 12:00:00.000+10:00,0.04,mg/L,0.01,,,,,,,,
WULM,Total Phosphorus as P,2026-04-28 12:00:00.000+10:00,0.03,mg/L,0.01,,,,,,,,
WULW,Total Phosphorus as P,2026-04-28 12:00:00.000+10:00,0.03,mg/L,0.01,,,,,,,,
WULE,Total Phosphorus as P,2026-04-13 12:00:00.000+10:00,0.02,mg/L,0.01,,,,,,,,
WULM,Total Phosphorus as P,2026-04-13 12:00:00.000+10:00,0.03,mg/L,0.01,,,,,,,,
WULW,Total Phosphorus as P,2026-04-13 12:00:00.000+10:00,0.03,mg/L,0.01,,,,,,,,
WULE,Total Phosphorus as P,2026-03-30 12:00:00.000+10:00,0.03,mg/L,0.01,,,,,,,,
WULW,Total Phosphorus as P,2026-03-30 12:00:00.000+10:00,0.04,mg/L,0.01,,,,,,,,
WULM,Total Phosphorus as P,2026-03-30 12:00:00.000+10:00,0.05,mg/L,0.01,,,,,,,,
WULE,Total Phosphorus as P,2026-03-16 12:00:00.000+10:00,0.01,mg/L,0.01,,,,,,,,
WULW,Total Phosphorus as P,2026-03-16 12:00:00.000+10:00,0.02,mg/L,0.01,,,,,,,,
WULM,Total Phosphorus as P,2026-03-16 12:00:00.000+10:00,0.02,mg/L,0.01,,,,,,,,
WULM,Total Phosphorus as P,2026-02-16 12:00:00.000+10:00,0.03,mg/L,0.01,,,,,,,,
WULW,Total Phosphorus as P,2026-02-16 12:00:00.000+10:00,0.04,mg/L,0.01,,,,,,,,
WULE,Total Phosphorus as P,2026-02-16 12:00:00.000+10:00,0.02,mg/L,0.01,,,,,,,,
WULW,Total Phosphorus as P,2026-01-19 12:00:00.000+10:00,0.04,mg/L,0.01,,,,,,,,
WULM,Total Phosphorus as P,2026-01-19 12:00:00.000+10:00,0.02,mg/L,0.01,,,,,,,,
WULE,Total Phosphorus as P,2026-01-19 12:00:00.000+10:00,0.01,mg/L,0.01,,,,,,,,
WULM,Total Phosphorus as P,2025-11-24 12:00:00.000+10:00,0.01,mg/L,0.01,,,,,,,,
WULW,Total Phosphorus as P,2025-11-24 12:00:00.000+10:00,0.03,mg/L,0.01,,,,,,,,
WULE,Total Phosphorus as P,2025-11-24 12:00:00.000+10:00,0.02,mg/L,0.01,,,,,,,,
WULE,Total Phosphorus as P,2025-11-10 12:00:00.000+10:00,0.03,mg/L,0.01,,,,,,,,
WULW,Total Phosphorus as P,2025-11-10 12:00:00.000+10:00,0.03,mg/L,0.01,,,,,,,,
WULM,Total Phosphorus as P,2025-11-10 12:00:00.000+10:00,0.01,mg/L,0.01,,,,,,,,
WULM,Total Phosphorus as P,2025-10-27 12:00:00.000+10:00,0.02,mg/L,0.01,,,,,,,,
WULW,Total Phosphorus as P,2025-10-27 12:00:00.000+10:00,0.01,mg/L,0.01,,,,,,,,
WULE,Total Phosphorus as P,2025-10-27 12:00:00.000+10:00,,mg/L,0.01,,,,,,,,
WULW,Total Phosphorus as P,2025-10-13 12:00:00.000+10:00,,mg/L,0.01,,,,,,,,
WULE,Total Phosphorus as P,2025-10-13 12:00:00.000+10:00,,mg/L,0.01,,,,,,,,
WULM,Total Phosphorus as P,2025-10-13 12:00:00.000+10:00,,mg/L,0.01,,,,,,,,
WULE,Total Phosphorus as P,2025-09-29 12:00:00.000+10:00,0.04,mg/L,0.01,,,,,,,,
WULM,Total Phosphorus as P,2025-09-29 12:00:00.000+10:00,0.05,mg/L,0.01,,,,,,,,
WULW,Total Phosphorus as P,2025-09-29 12:00:00.000+10:00,0.03,mg/L,0.01,,,,,,,,
WULE,Total Phosphorus as P,2025-09-15 12:00:00.000+10:00,0.02,mg/L,0.01,,,,,,,,
WULW,Total Phosphorus as P,2025-09-15 12:00:00.000+10:00,0.03,mg/L,0.01,,,,,,,,
WULM,Total Phosphorus as P,2025-09-15 12:00:00.000+10:00,0.05,mg/L,0.01,,,,,,,,
WULE,Total Phosphorus as P,2025-09-01 12:00:00.000+10:00,0.04,mg/L,0.01,,,,,,,,
WULM,Total Phosphorus as P,2025-09-01 12:00:00.000+10:00,0.01,mg/L,0.01,,,,,,,,
WULW,Total Phosphorus as P,2025-09-01 12:00:00.000+10:00,0.02,mg/L,0.01,,,,,,,,
WULE,Total Phosphorus as P,2025-08-04 12:00:00.000+10:00,0.02,mg/L,0.01,,,,,,,,
WULW,Total Phosphorus as P,2025-08-04 12:00:00.000+10:00,0.02,mg/L,0.01,,,,,,,,
WULM,Total Phosphorus as P,2025-08-04 12:00:00.000+10:00,0.02,mg/L,0.01,,,,,,,,
WULE,Total Phosphorus as P,2025-07-07 12:00:00.000+10:00,0.04,mg/L,0.01,,,,,,,,
WULW,Total Phosphorus as P,2025-07-07 12:00:00.000+10:00,0.02,mg/L,0.01,,,,,,,,
WULM,Total Phosphorus as P,2025-07-07 12:00:00.000+10:00,0.03,mg/L,0.01,,,,,,,,
WULM,Total Phosphorus as P,2025-06-02 12:00:00.000+10:00,0.02,mg/L,0.01,,,,,,,,
WULW,Total Phosphorus as P,2025-06-02 12:00:00.000+10:00,0.03,mg/L,0.01,,,,,,,,
WULE,Total Phosphorus as P,2025-06-02 12:00:00.000+10:00,0.01,mg/L,0.01,,,,,,,,
WULW,Total Phosphorus as P,2025-06-01 12:00:00.000+10:00,0.05,mg/L,0.01,,,,,,,,
WULM,Total Phosphorus as P,2025-06-01 12:00:00.000+10:00,0.06,mg/L,0.01,,,,,,,,
WULE,Total Phosphorus as P,2025-06-01 12:00:00.000+10:00,0.03,mg/L,0.01,,,,,,,,
WULW,Total Phosphorus as P,2025-05-12 12:00:00.000+10:00,0.02,mg/L,0.01,,,,,,,,
WULM,Total Phosphorus as P,2025-05-12 12:00:00.000+10:00,0.02,mg/L,0.01,,,,,,,,
WULE,Total Phosphorus as P,2025-05-12 12:00:00.000+10:00,0.05,mg/L,0.01,,,,,,,,
WULM,Total Phosphorus as P,2025-04-28 12:00:00.000+10:00,0.02,mg/L,0.01,,,,,,,,
WULW,Total Phosphorus as P,2025-04-28 12:00:00.000+10:00,0.03,mg/L,0.01,,,,,,,,
WULE,Total Phosphorus as P,2025-04-28 12:00:00.000+10:00,0.03,mg/L,0.01,,,,,,,,
WULM,Total Phosphorus as P,2025-04-14 12:00:00.000+10:00,0.04,mg/L,0.01,,,,,,,,
WULW,Total Phosphorus as P,2025-04-14 12:00:00.000+10:00,0.04,mg/L,0.01,,,,,,,,
WULE,Total Phosphorus as P,2025-04-14 12:00:00.000+10:00,0.04,mg/L,0.01,,,,,,,,
WULW,Total Phosphorus as P,2025-03-31 12:00:00.000+10:00,0.02,mg/L,0.01,,,,,,,,
WULM,Total Phosphorus as P,2025-03-31 12:00:00.000+10:00,0.02,mg/L,0.01,,,,,,,,
WULE,Total Phosphorus as P,2025-03-31 12:00:00.000+10:00,0.03,mg/L,0.01,,,,,,,,
WULE,Total Phosphorus as P,2025-03-17 12:00:00.000+10:00,0.05,mg/L,0.01,,,,,,,,
WULM,Total Phosphorus as P,2025-03-17 12:00:00.000+10:00,0.05,mg/L,0.01,,,,,,,,
WULW,Total Phosphorus as P,2025-03-17 12:00:00.000+10:00,0.03,mg/L,0.01,,,,,,,,
WULW,Total Phosphorus as P,2025-03-03 12:00:00.000+10:00,,mg/L,0.01,,,,,,,,
WULM,Total Phosphorus as P,2025-03-03 12:00:00.000+10:00,,mg/L,0.01,,,,,,,,
WULE,Total Phosphorus as P,2025-03-03 12:00:00.000+10:00,,mg/L,0.01,,,,,,,,
WULM,Total Phosphorus as P,2025-03-02 12:00:00.000+10:00,0.04,mg/L,0.01,,,,,,,,
WULE,Total Phosphorus as P,2025-03-02 12:00:00.000+10:00,0.03,mg/L,0.01,,,,,,,,
WULW,Total Phosphorus as P,2025-03-02 12:00:00.000+10:00,0.02,mg/L,0.01,,,,,,,,
WULM,Total Phosphorus as P,2025-02-17 12:00:00.000+10:00,0.04,mg/L,0.01,,,,,,,,
WULE,Total Phosphorus as P,2025-02-17 12:00:00.000+10:00,0.03,mg/L,0.01,,,,,,,,
WULW,Total Phosphorus as P,2025-02-17 12:00:00.000+10:00,0.02,mg/L,0.01,,,,,,,,
WULW,Total Phosphorus as P,2025-02-03 12:00:00.000+10:00,0.02,mg/L,0.01,,,,,,,,
WULE,Total Phosphorus as P,2025-02-03 12:00:00.000+10:00,0.03,mg/L,0.01,,,,,,,,
WULM,Total Phosphorus as P,2025-02-03 12:00:00.000+10:00,0.04,mg/L,0.01,,,,,,,,
WULE,Total Phosphorus as P,2025-01-20 12:00:00.000+10:00,0.03,mg/L,0.01,,,,,,,,
WULM,Total Phosphorus as P,2025-01-20 12:00:00.000+10:00,0.05,mg/L,0.01,,,,,,,,
WULW,Total Phosphorus as P,2025-01-20 12:00:00.000+10:00,0.05,mg/L,0.01,,,,,,,,
WULW,Total Phosphorus as P,2025-01-06 12:00:00.000+10:00,0.05,mg/L,0.01,,,,,,,,
WULE,Total Phosphorus as P,2025-01-06 12:00:00.000+10:00,0.03,mg/L,0.01,,,,,,,,
WULM,Total Phosphorus as P,2025-01-06 12:00:00.000+10:00,0.06,mg/L,0.01,,,,,,,,
WULE,Total Phosphorus as P,2024-12-23 12:00:00.000+10:00,0.04,mg/L,0.01,,,,,,,,
WULM,Total Phosphorus as P,2024-12-23 12:00:00.000+10:00,,mg/L,0.01,,,,,,,,
WULW,Total Phosphorus as P,2024-12-23 12:00:00.000+10:00,,mg/L,0.01,,,,,,,,
WULE,Total Phosphorus as P,2024-12-09 12:00:00.000+10:00,0.04,mg/L,0.01,,,,,,,,
WULW,Total Phosphorus as P,2024-12-09 12:00:00.000+10:00,0.04,mg/L,0.01,,,,,,,,
WULM,Total Phosphorus as P,2024-12-09 12:00:00.000+10:00,0.05,mg/L,0.01,,,,,,,,
WULE,Total Phosphorus as P,2024-11-25 12:00:00.000+10:00,0.02,mg/L,0.01,,,,,,,,
WULM,Total Phosphorus as P,2024-11-25 12:00:00.000+10:00,0.02,mg/L,0.01,,,,,,,,
WULW,Total Phosphorus as P,2024-11-25 12:00:00.000+10:00,0.03,mg/L,0.01,,,,,,,,
WULW,Total Phosphorus as P,2024-11-11 12:00:00.000+10:00,0.02,mg/L,0.01,,,,,,,,
WULE,Total Phosphorus as P,2024-11-11 12:00:00.000+10:00,0.02,mg/L,0.01,,,,,,,,
WULM,Total Phosphorus as P,2024-11-11 12:00:00.000+10:00,0.02,mg/L,0.01,,,,,,,,
WULE,Total Phosphorus as P,2024-11-11 12:00:00.000+10:00,0.02,mg/L,0.01,,,,,,,,
WULM,Total Phosphorus as P,2024-11-11 12:00:00.000+10:00,0.02,mg/L,0.01,,,,,,,,
WULW,Total Phosphorus as P,2024-11-11 12:00:00.000+10:00,0.02,mg/L,0.01,,,,,,,,
WULM,Total Phosphorus as P,2024-10-28 12:00:00.000+10:00,0.02,mg/L,0.01,,,,,,,,
WULE,Total Phosphorus as P,2024-10-28 12:00:00.000+10:00,0.03,mg/L,0.01,,,,,,,,
WULW,Total Phosphorus as P,2024-10-28 12:00:00.000+10:00,0.02,mg/L,0.01,,,,,,,,
WULM,Total Phosphorus as P,2024-10-14 12:00:00.000+10:00,0.03,mg/L,0.01,,,,,,,,
WULE,Total Phosphorus as P,2024-10-14 12:00:00.000+10:00,0.04,mg/L,0.01,,,,,,,,
WULW,Total Phosphorus as P,2024-10-14 12:00:00.000+10:00,0.05,mg/L,0.01,,,,,,,,
WULW,Total Phosphorus as P,2024-09-30 12:00:00.000+10:00,0.02,mg/L,0.01,,,,,,,,
WULM,Total Phosphorus as P,2024-09-30 12:00:00.000+10:00,0.06,mg/L,0.01,,,,,,,,
WULE,Total Phosphorus as P,2024-09-30 12:00:00.000+10:00,0.04,mg/L,0.01,,,,,,,,
WULM,Total Phosphorus as P,2024-09-16 12:00:00.000+10:00,0.02,mg/L,0.01,,,,,,,,
WULW,Total Phosphorus as P,2024-09-16 12:00:00.000+10:00,0.02,mg/L,0.01,,,,,,,,
WULE,Total Phosphorus as P,2024-09-16 12:00:00.000+10:00,0.05,mg/L,0.01,,,,,,,,
WULM,Total Phosphorus as P,2024-09-12 12:00:00.000+10:00,0.05,mg/L,0.01,,,,,,,,
WULW,Total Phosphorus as P,2024-09-12 12:00:00.000+10:00,0.04,mg/L,0.01,,,,,,,,
WULE,Total Phosphorus as P,2024-09-12 12:00:00.000+10:00,0.04,mg/L,0.01,,,,,,,,
WULM,Total Phosphorus as P,2024-09-02 12:00:00.000+10:00,0.03,mg/L,0.01,,,,,,,,
WULW,Total Phosphorus as P,2024-09-02 12:00:00.000+10:00,0.01,mg/L,0.01,,,,,,,,
WULE,Total Phosphorus as P,2024-09-02 12:00:00.000+10:00,0.02,mg/L,0.01,,,,,,,,
WULE,Total Phosphorus as P,2024-09-02 12:00:00.000+10:00,0.02,mg/L,0.01,,,,,,,,
WULW,Total Phosphorus as P,2024-09-02 12:00:00.000+10:00,0.01,mg/L,0.01,,,,,,,,
WULM,Total Phosphorus as P,2024-09-02 12:00:00.000+10:00,0.03,mg/L,0.01,,,,,,,,
WULW,Total Phosphorus as P,2024-08-05 12:00:00.000+10:00,0.03,mg/L,0.01,,,,,,,,
WULE,Total Phosphorus as P,2024-08-05 12:00:00.000+10:00,0.03,mg/L,0.01,,,,,,,,
WULM,Total Phosphorus as P,2024-08-05 12:00:00.000+10:00,0.03,mg/L,0.01,,,,,,,,
WULE,Total Phosphorus as P,2024-07-01 12:00:00.000+10:00,0.02,mg/L,0.01,,,,,,,,
WULM,Total Phosphorus as P,2024-07-01 12:00:00.000+10:00,0.02,mg/L,0.01,,,,,,,,
WULW,Total Phosphorus as P,2024-07-01 12:00:00.000+10:00,0.02,mg/L,0.01,,,,,,,,
WULW,Total Phosphorus as P,2024-06-03 12:00:00.000+10:00,0.03,mg/L,0.01,,,,,,,,
WULE,Total Phosphorus as P,2024-06-03 12:00:00.000+10:00,0.03,mg/L,0.01,,,,,,,,
WULM,Total Phosphorus as P,2024-06-03 12:00:00.000+10:00,0.04,mg/L,0.01,,,,,,,,
WULW,Total Phosphorus as P,2024-05-08 12:00:00.000+10:00,0.03,mg/L,0.01,,,,,,,,
WULE,Total Phosphorus as P,2024-05-08 12:00:00.000+10:00,0.03,mg/L,0.01,,,,,,,,
WULM,Total Phosphorus as P,2024-05-08 12:00:00.000+10:00,0.03,mg/L,0.01,,,,,,,,
WULE,Total Phosphorus as P,2024-04-29 12:00:00.000+10:00,0.06,mg/L,0.01,,,,,,,,
WULM,Total Phosphorus as P,2024-04-29 12:00:00.000+10:00,0.03,mg/L,0.01,,,,,,,,
WULW,Total Phosphorus as P,2024-04-29 12:00:00.000+10:00,0.04,mg/L,0.01,,,,,,,,
WULW,Total Phosphorus as P,2024-04-15 12:00:00.000+10:00,0.06,mg/L,0.01,,,,,,,,
WULE,Total Phosphorus as P,2024-04-15 12:00:00.000+10:00,0.03,mg/L,0.01,,,,,,,,
WULM,Total Phosphorus as P,2024-04-15 12:00:00.000+10:00,0.06,mg/L,0.01,,,,,,,,
WULW,Total Phosphorus as P,2024-04-03 12:00:00.000+10:00,0.05,mg/L,0.01,,,,,,,,
WULM,Total Phosphorus as P,2024-04-03 12:00:00.000+10:00,0.01,mg/L,0.01,,,,,,,,
WULE,Total Phosphorus as P,2024-04-03 12:00:00.000+10:00,0.02,mg/L,0.01,,,,,,,,
WULM,Total Phosphorus as P,2024-04-02 12:00:00.000+10:00,0.02,mg/L,0.01,,,,,,,,
WULE,Total Phosphorus as P,2024-04-02 12:00:00.000+10:00,0.03,mg/L,0.01,,,,,,,,
WULW,Total Phosphorus as P,2024-04-02 12:00:00.000+10:00,0.03,mg/L,0.01,,,,,,,,
WULW,Total Phosphorus as P,2024-03-18 12:00:00.000+10:00,0.03,mg/L,0.01,,,,,,,,
WULE,Total Phosphorus as P,2024-03-18 12:00:00.000+10:00,0.02,mg/L,0.01,,,,,,,,
WULM,Total Phosphorus as P,2024-03-18 12:00:00.000+10:00,0.02,mg/L,0.01,,,,,,,,
WULM,Total Phosphorus as P,2024-03-04 12:00:00.000+10:00,0.01,mg/L,0.01,,,,,,,,
WULW,Total Phosphorus as P,2024-03-04 12:00:00.000+10:00,0.05,mg/L,0.01,,,,,,,,
WULE,Total Phosphorus as P,2024-03-04 12:00:00.000+10:00,0.02,mg/L,0.01,,,,,,,,
WULM,Total Phosphorus as P,2024-02-19 12:00:00.000+10:00,0.04,mg/L,0.01,,,,,,,,
WULW,Total Phosphorus as P,2024-02-19 12:00:00.000+10:00,0.05,mg/L,0.01,,,,,,,,
WULM,Total Phosphorus as P,2024-02-09 12:00:00.000+10:00,0.03,mg/L,0.01,,,,,,,,
WULW,Total Phosphorus as P,2024-02-09 12:00:00.000+10:00,0.01,mg/L,0.01,,,,,,,,
WULE,Total Phosphorus as P,2024-02-09 12:00:00.000+10:00,0.02,mg/L,0.01,,,,,,,,
WULE,Total Phosphorus as P,2024-02-05 12:00:00.000+10:00,0.02,mg/L,0.01,,,,,,,,
WULW,Total Phosphorus as P,2024-02-05 12:00:00.000+10:00,0.03,mg/L,0.01,,,,,,,,
WULM,Total Phosphorus as P,2024-02-05 12:00:00.000+10:00,0.03,mg/L,0.01,,,,,,,,
WULE,Total Phosphorus as P,2024-01-22 12:00:00.000+10:00,0.03,mg/L,0.01,,,,,,,,
WULM,Total Phosphorus as P,2024-01-22 12:00:00.000+10:00,0.03,mg/L,0.01,,,,,,,,
WULW,Total Phosphorus as P,2024-01-22 12:00:00.000+10:00,0.02,mg/L,0.01,,,,,,,,
WULW,Total Phosphorus as P,2024-01-08 12:00:00.000+10:00,,mg/L,0.01,,,,,,,,
WULM,Total Phosphorus as P,2024-01-08 12:00:00.000+10:00,,mg/L,0.01,,,,,,,,
WULE,Total Phosphorus as P,2024-01-08 12:00:00.000+10:00,,mg/L,0.01,,,,,,,,
WULE,Total Phosphorus as P,2023-12-27 12:00:00.000+10:00,0.02,mg/L,0.01,,,,,,,,
WULW,Total Phosphorus as P,2023-12-27 12:00:00.000+10:00,0.02,mg/L,0.01,,,,,,,,
WULM,Total Phosphorus as P,2023-12-27 12:00:00.000+10:00,0.02,mg/L,0.01,,,,,,,,
WULW,Total Phosphorus as P,2023-12-11 12:00:00.000+10:00,0.03,mg/L,0.01,,,,,,,,
WULE,Total Phosphorus as P,2023-12-11 12:00:00.000+10:00,0.04,mg/L,0.01,,,,,,,,
WULM,Total Phosphorus as P,2023-12-11 12:00:00.000+10:00,0.03,mg/L,0.01,,,,,,,,
WULM,Total Phosphorus as P,2023-11-27 12:00:00.000+10:00,0.02,mg/L,0.01,,,,,,,,
WULE,Total Phosphorus as P,2023-11-27 12:00:00.000+10:00,,mg/L,0.01,,,,,,,,
WULW,Total Phosphorus as P,2023-11-27 12:00:00.000+10:00,0.02,mg/L,0.01,,,,,,,,
WULM,Total Phosphorus as P,2023-11-13 12:00:00.000+10:00,0.01,mg/L,0.01,,,,,,,,
WULW,Total Phosphorus as P,2023-11-13 12:00:00.000+10:00,0.02,mg/L,0.01,,,,,,,,
WULE,Total Phosphorus as P,2023-11-13 12:00:00.000+10:00,0.03,mg/L,0.01,,,,,,,,
WULM,Total Phosphorus as P,2023-10-31 12:00:00.000+10:00,0.03,mg/L,0.01,,,,,,,,
WULE,Total Phosphorus as P,2023-10-31 12:00:00.000+10:00,0.05,mg/L,0.01,,,,,,,,
WULW,Total Phosphorus as P,2023-10-31 12:00:00.000+10:00,0.04,mg/L,0.01,,,,,,,,
WULM,Total Phosphorus as P,2023-10-16 12:00:00.000+10:00,0.04,mg/L,0.01,,,,,,,,
WULE,Total Phosphorus as P,2023-10-16 12:00:00.000+10:00,0.02,mg/L,0.01,,,,,,,,
WULW,Total Phosphorus as P,2023-10-16 12:00:00.000+10:00,0.02,mg/L,0.01,,,,,,,,
WULE,Total Phosphorus as P,2023-10-03 12:00:00.000+10:00,,mg/L,0.01,,,,,,,,
WULW,Total Phosphorus as P,2023-10-03 12:00:00.000+10:00,,mg/L,0.01,,,,,,,,
WULM,Total Phosphorus as P,2023-10-03 12:00:00.000+10:00,,mg/L,0.01,,,,,,,,
WULE,Total Phosphorus as P,2023-09-18 12:00:00.000+10:00,,mg/L,0.01,,,,,,,,
WULM,Total Phosphorus as P,2023-09-18 12:00:00.000+10:00,0.02,mg/L,0.01,,,,,,,,
WULW,Total Phosphorus as P,2023-09-18 12:00:00.000+10:00,0.02,mg/L,0.01,,,,,,,,
WULW,Total Phosphorus as P,2023-09-04 12:00:00.000+10:00,0.03,mg/L,0.01,,,,,,,,
WULM,Total Phosphorus as P,2023-09-04 12:00:00.000+10:00,0.02,mg/L,0.01,,,,,,,,
WULE,Total Phosphorus as P,2023-09-04 12:00:00.000+10:00,0.02,mg/L,0.01,,,,,,,,
WULM,Total Phosphorus as P,2023-08-01 12:00:00.000+10:00,0.03,mg/L,0.01,,,,,,,,
WULE,Total Phosphorus as P,2023-08-01 12:00:00.000+10:00,0.02,mg/L,0.01,,,,,,,,
WULW,Total Phosphorus as P,2023-08-01 12:00:00.000+10:00,0.03,mg/L,0.01,,,,,,,,
WULW,Total Phosphorus as P,2023-07-03 12:00:00.000+10:00,0.02,mg/L,0.01,,,,,,,,
WULE,Total Phosphorus as P,2023-07-03 12:00:00.000+10:00,0.02,mg/L,0.01,,,,,,,,
WULM,Total Phosphorus as P,2023-07-03 12:00:00.000+10:00,0.02,mg/L,0.01,,,,,,,,
WULM,Total Phosphorus as P,2023-06-05 12:00:00.000+10:00,0.04,mg/L,0.01,,,,,,,,
WULE,Total Phosphorus as P,2023-06-05 12:00:00.000+10:00,0.13,mg/L,0.01,,,,,,,,
WULW,Total Phosphorus as P,2023-06-05 12:00:00.000+10:00,0.03,mg/L,0.01,,,,,,,,
WULW,Total Phosphorus as P,2023-05-03 12:00:00.000+10:00,0.03,mg/L,0.01,,,,,,,,
WULM,Total Phosphorus as P,2023-05-03 12:00:00.000+10:00,0.03,mg/L,0.01,,,,,,,,
WULE,Total Phosphorus as P,2023-05-03 12:00:00.000+10:00,0.03,mg/L,0.01,,,,,,,,
WULE,Total Phosphorus as P,2023-04-17 12:00:00.000+10:00,0.02,mg/L,0.01,,,,,,,,
WULW,Total Phosphorus as P,2023-04-17 12:00:00.000+10:00,0.03,mg/L,0.01,,,,,,,,
WULM,Total Phosphorus as P,2023-04-17 12:00:00.000+10:00,0.05,mg/L,0.01,,,,,,,,
WULE,Total Phosphorus as P,2023-04-03 12:00:00.000+10:00,0.05,mg/L,0.01,,,,,,,,
WULW,Total Phosphorus as P,2023-04-03 12:00:00.000+10:00,0.04,mg/L,0.01,,,,,,,,
WULM,Total Phosphorus as P,2023-04-03 12:00:00.000+10:00,0.04,mg/L,0.01,,,,,,,,
WULM,Total Phosphorus as P,2023-03-20 12:00:00.000+10:00,0.04,mg/L,0.01,,,,,,,,
WULE,Total Phosphorus as P,2023-03-20 12:00:00.000+10:00,0.02,mg/L,0.01,,,,,,,,
WULW,Total Phosphorus as P,2023-03-20 12:00:00.000+10:00,0.02,mg/L,0.01,,,,,,,,
WULW,Total Phosphorus as P,2023-03-06 12:00:00.000+10:00,0.02,mg/L,0.01,,,,,,,,
WULM,Total Phosphorus as P,2023-03-06 12:00:00.000+10:00,0.01,mg/L,0.01,,,,,,,,
WULE,Total Phosphorus as P,2023-03-06 12:00:00.000+10:00,0.02,mg/L,0.01,,,,,,,,
WULE,Total Phosphorus as P,2023-02-20 12:00:00.000+10:00,0.03,mg/L,0.01,,,,,,,,
WULW,Total Phosphorus as P,2023-02-20 12:00:00.000+10:00,0.05,mg/L,0.01,,,,,,,,
WULM,Total Phosphorus as P,2023-02-20 12:00:00.000+10:00,0.02,mg/L,0.01,,,,,,,,
WULW,Total Phosphorus as P,2023-01-23 12:00:00.000+10:00,0.03,mg/L,0.01,,,,,,,,
WULE,Total Phosphorus as P,2023-01-23 12:00:00.000+10:00,0.03,mg/L,0.01,,,,,,,,
WULM,Total Phosphorus as P,2023-01-23 12:00:00.000+10:00,,mg/L,0.01,,,,,,,,
WULE,Total Phosphorus as P,2023-01-09 12:00:00.000+10:00,0.02,mg/L,0.01,,,,,,,,
WULW,Total Phosphorus as P,2023-01-09 12:00:00.000+10:00,0.02,mg/L,0.01,,,,,,,,
WULM,Total Phosphorus as P,2023-01-09 12:00:00.000+10:00,0.02,mg/L,0.01,,,,,,,,
WULE,Total Phosphorus as P,2023-01-03 12:00:00.000+10:00,0.01,mg/L,0.01,,,,,,,,
WULM,Total Phosphorus as P,2023-01-03 12:00:00.000+10:00,0.03,mg/L,0.01,,,,,,,,
WULW,Total Phosphorus as P,2023-01-03 12:00:00.000+10:00,0.02,mg/L,0.01,,,,,,,,
WULE,Total Phosphorus as P,2022-12-12 12:00:00.000+10:00,0.02,mg/L,0.01,,,,,,,,
WULM,Total Phosphorus as P,2022-12-12 12:00:00.000+10:00,0.02,mg/L,0.01,,,,,,,,
WULW,Total Phosphorus as P,2022-12-12 12:00:00.000+10:00,0.02,mg/L,0.01,,,,,,,,
WULE,Total Phosphorus as P,2022-11-28 12:00:00.000+10:00,0.03,mg/L,0.01,,,,,,,,
WULM,Total Phosphorus as P,2022-11-28 12:00:00.000+10:00,0.03,mg/L,0.01,,,,,,,,
WULW,Total Phosphorus as P,2022-11-28 12:00:00.000+10:00,0.03,mg/L,0.01,,,,,,,,
WULE,Total Phosphorus as P,2022-11-14 12:00:00.000+10:00,0.03,mg/L,0.01,,,,,,,,
