Location ID,Observed Property ID,Observed DateTime,Result Value,Result Unit,Lab: MDL,,,,,,,,,
WULW,Ammonia as N,2026-06-09 12:00:00.000+10:00,0.05,mg/L,0.01,,,,,,,,,
WULM,Ammonia as N,2026-06-09 12:00:00.000+10:00,0.05,mg/L,0.01,,,,,,,,,
WULE,Ammonia as N,2026-06-09 12:00:00.000+10:00,0.06,mg/L,0.01,,,,,,,,,
WULE,Dissolved Reactive Phosphorus as P,2026-06-09 12:00:00.000+10:00,,mg/L,0.01,,,,,,,,,
WULM,Dissolved Reactive Phosphorus as P,2026-06-09 12:00:00.000+10:00,,mg/L,0.01,,,,,,,,,
WULW,Dissolved Reactive Phosphorus as P,2026-06-09 12:00:00.000+10:00,,mg/L,0.01,,,,,,,,,
WULE,Nitrate as N,2026-06-09 12:00:00.000+10:00,,mg/L,0.01,,,,,,,,,
WULW,Nitrate as N,2026-06-09 12:00:00.000+10:00,0.01,mg/L,0.01,,,,,,,,,
WULM,Nitrate as N,2026-06-09 12:00:00.000+10:00,,mg/L,0.01,,,,,,,,,
WULW,Nitrite + Nitrate as N,2026-06-09 12:00:00.000+10:00,0.01,mg/L,0.01,,,,,,,,,
WULM,Nitrite + Nitrate as N,2026-06-09 12:00:00.000+10:00,,mg/L,0.01,,,,,,,,,
WULE,Nitrite + Nitrate as N,2026-06-09 12:00:00.000+10:00,,mg/L,0.01,,,,,,,,,
WULW,Nitrite as N,2026-06-09 12:00:00.000+10:00,,mg/L,0.01,,,,,,,,,
WULE,Nitrite as N,2026-06-09 12:00:00.000+10:00,,mg/L,0.01,,,,,,,,,
WULM,Nitrite as N,2026-06-09 12:00:00.000+10:00,,mg/L,0.01,,,,,,,,,
WULW,Total Kjeldahl Nitrogen as N,2026-06-09 12:00:00.000+10:00,0.7,mg/L,0.1,,,,,,,,,
WULE,Total Kjeldahl Nitrogen as N,2026-06-09 12:00:00.000+10:00,0.6,mg/L,0.1,,,,,,,,,
WULM,Total Kjeldahl Nitrogen as N,2026-06-09 12:00:00.000+10:00,0.5,mg/L,0.1,,,,,,,,,
WULW,Total Nitrogen as N,2026-06-09 12:00:00.000+10:00,0.7,mg/L,0.1,,,,,,,,,
WULE,Total Nitrogen as N,2026-06-09 12:00:00.000+10:00,0.6,mg/L,0.1,,,,,,,,,
WULM,Total Nitrogen as N,2026-06-09 12:00:00.000+10:00,0.5,mg/L,0.1,,,,,,,,,
WULM,Total Phosphorus as P,2026-06-09 12:00:00.000+10:00,0.04,mg/L,0.01,,,,,,,,,
WULW,Total Phosphorus as P,2026-06-09 12:00:00.000+10:00,0.02,mg/L,0.01,,,,,,,,,
WULE,Total Phosphorus as P,2026-06-09 12:00:00.000+10:00,0.01,mg/L,0.01,,,,,,,,,
WULW,Total suspended solids,2026-06-09 12:00:00.000+10:00,,mg/L,5,,,,,,,,,
WULM,Total suspended solids,2026-06-09 12:00:00.000+10:00,,mg/L,5,,,,,,,,,
WULE,Total suspended solids,2026-06-09 12:00:00.000+10:00,5,mg/L,5,,,,,,,,,
WULW,Ammonia as N,2026-04-28 12:00:00.000+10:00,0.11,mg/L,0.01,,,,,,,,,
WULE,Ammonia as N,2026-04-28 12:00:00.000+10:00,0.03,mg/L,0.01,,,,,,,,,
WULM,Ammonia as N,2026-04-28 12:00:00.000+10:00,0.09,mg/L,0.01,,,,,,,,,
WULW,Dissolved Reactive Phosphorus as P,2026-04-28 12:00:00.000+10:00,,mg/L,0.01,,,,,,,,,
WULM,Dissolved Reactive Phosphorus as P,2026-04-28 12:00:00.000+10:00,,mg/L,0.01,,,,,,,,,
WULE,Dissolved Reactive Phosphorus as P,2026-04-28 12:00:00.000+10:00,,mg/L,0.01,,,,,,,,,
WULW,Nitrate as N,2026-04-28 12:00:00.000+10:00,,mg/L,0.01,,,,,,,,,
WULE,Nitrate as N,2026-04-28 12:00:00.000+10:00,,mg/L,0.01,,,,,,,,,
WULM,Nitrate as N,2026-04-28 12:00:00.000+10:00,,mg/L,0.01,,,,,,,,,
WULW,Nitrite + Nitrate as N,2026-04-28 12:00:00.000+10:00,,mg/L,0.01,,,,,,,,,
WULE,Nitrite + Nitrate as N,2026-04-28 12:00:00.000+10:00,,mg/L,0.01,,,,,,,,,
WULM,Nitrite + Nitrate as N,2026-04-28 12:00:00.000+10:00,,mg/L,0.01,,,,,,,,,
WULE,Nitrite as N,2026-04-28 12:00:00.000+10:00,,mg/L,0.01,,,,,,,,,
WULW,Nitrite as N,2026-04-28 12:00:00.000+10:00,,mg/L,0.01,,,,,,,,,
WULM,Nitrite as N,2026-04-28 12:00:00.000+10:00,,mg/L,0.01,,,,,,,,,
WULM,Total Kjeldahl Nitrogen as N,2026-04-28 12:00:00.000+10:00,0.7,mg/L,0.1,,,,,,,,,
WULE,Total Kjeldahl Nitrogen as N,2026-04-28 12:00:00.000+10:00,0.6,mg/L,0.1,,,,,,,,,
WULW,Total Kjeldahl Nitrogen as N,2026-04-28 12:00:00.000+10:00,0.7,mg/L,0.1,,,,,,,,,
WULE,Total Nitrogen as N,2026-04-28 12:00:00.000+10:00,0.6,mg/L,0.1,,,,,,,,,
WULM,Total Nitrogen as N,2026-04-28 12:00:00.000+10:00,0.7,mg/L,0.1,,,,,,,,,
WULW,Total Nitrogen as N,2026-04-28 12:00:00.000+10:00,0.7,mg/L,0.1,,,,,,,,,
WULE,Total Phosphorus as P,2026-04-28 12:00:00.000+10:00,0.04,mg/L,0.01,,,,,,,,,
WULM,Total Phosphorus as P,2026-04-28 12:00:00.000+10:00,0.03,mg/L,0.01,,,,,,,,,
WULW,Total Phosphorus as P,2026-04-28 12:00:00.000+10:00,0.03,mg/L,0.01,,,,,,,,,
WULM,Total suspended solids,2026-04-28 12:00:00.000+10:00,,mg/L,5,,,,,,,,,
WULW,Total suspended solids,2026-04-28 12:00:00.000+10:00,,mg/L,5,,,,,,,,,
WULE,Total suspended solids,2026-04-28 12:00:00.000+10:00,,mg/L,5,,,,,,,,,
WULW,Ammonia as N,2026-04-13 12:00:00.000+10:00,0.15,mg/L,0.01,,,,WULM,Total Nitrogen as N,2026-03-30 12:00:00.000+10:00,0.8,mg/L,0.1
WULM,Ammonia as N,2026-04-13 12:00:00.000+10:00,0.09,mg/L,0.01,,,,WULE,Total Nitrogen as N,2026-03-30 12:00:00.000+10:00,0.4,mg/L,0.1
WULE,Ammonia as N,2026-04-13 12:00:00.000+10:00,0.06,mg/L,0.01,,,,WULW,Total Nitrogen as N,2026-03-30 12:00:00.000+10:00,0.5,mg/L,0.1
WULW,Dissolved Reactive Phosphorus as P,2026-04-13 12:00:00.000+10:00,,mg/L,0.01,,,,WULW,Total Nitrogen as N,2026-03-16 12:00:00.000+10:00,0.5,mg/L,0.1
WULM,Dissolved Reactive Phosphorus as P,2026-04-13 12:00:00.000+10:00,,mg/L,0.01,,,,WULM,Total Nitrogen as N,2026-03-16 12:00:00.000+10:00,0.6,mg/L,0.1
WULE,Dissolved Reactive Phosphorus as P,2026-04-13 12:00:00.000+10:00,,mg/L,0.01,,,,WULE,Total Nitrogen as N,2026-03-16 12:00:00.000+10:00,0.5,mg/L,0.1
WULM,Nitrate as N,2026-04-13 12:00:00.000+10:00,,mg/L,0.01,,,,WULE,Total Nitrogen as N,2026-02-16 12:00:00.000+10:00,0.5,mg/L,0.1
WULW,Nitrate as N,2026-04-13 12:00:00.000+10:00,,mg/L,0.01,,,,WULW,Total Nitrogen as N,2026-02-16 12:00:00.000+10:00,0.5,mg/L,0.1
WULE,Nitrate as N,2026-04-13 12:00:00.000+10:00,,mg/L,0.01,,,,WULM,Total Nitrogen as N,2026-02-16 12:00:00.000+10:00,0.5,mg/L,0.1
WULM,Nitrite + Nitrate as N,2026-04-13 12:00:00.000+10:00,,mg/L,0.01,,,,WULW,Total Nitrogen as N,2026-01-19 12:00:00.000+10:00,0.6,mg/L,0.1
WULE,Nitrite + Nitrate as N,2026-04-13 12:00:00.000+10:00,,mg/L,0.01,,,,WULM,Total Nitrogen as N,2026-01-19 12:00:00.000+10:00,0.5,mg/L,0.1
WULW,Nitrite + Nitrate as N,2026-04-13 12:00:00.000+10:00,,mg/L,0.01,,,,WULE,Total Nitrogen as N,2026-01-19 12:00:00.000+10:00,0.5,mg/L,0.1
WULM,Nitrite as N,2026-04-13 12:00:00.000+10:00,,mg/L,0.01,,,,WULE,Total Nitrogen as N,2025-11-24 12:00:00.000+10:00,0.3,mg/L,0.1
WULW,Nitrite as N,2026-04-13 12:00:00.000+10:00,,mg/L,0.01,,,,WULM,Total Nitrogen as N,2025-11-24 12:00:00.000+10:00,0.4,mg/L,0.1
WULE,Nitrite as N,2026-04-13 12:00:00.000+10:00,,mg/L,0.01,,,,WULW,Total Nitrogen as N,2025-11-24 12:00:00.000+10:00,0.4,mg/L,0.1
WULE,Total Kjeldahl Nitrogen as N,2026-04-13 12:00:00.000+10:00,0.5,mg/L,0.1,,,,WULE,Total Nitrogen as N,2025-11-10 12:00:00.000+10:00,0.3,mg/L,0.1
WULW,Total Kjeldahl Nitrogen as N,2026-04-13 12:00:00.000+10:00,0.5,mg/L,0.1,,,,WULM,Total Nitrogen as N,2025-11-10 12:00:00.000+10:00,0.4,mg/L,0.1
WULM,Total Kjeldahl Nitrogen as N,2026-04-13 12:00:00.000+10:00,0.5,mg/L,0.1,,,,WULW,Total Nitrogen as N,2025-11-10 12:00:00.000+10:00,0.4,mg/L,0.1
WULM,Total Nitrogen as N,2026-04-13 12:00:00.000+10:00,0.5,mg/L,0.1,,,,,,,,,
WULW,Total Nitrogen as N,2026-04-13 12:00:00.000+10:00,0.5,mg/L,0.1,,,,,,,,,
WULE,Total Nitrogen as N,2026-04-13 12:00:00.000+10:00,0.5,mg/L,0.1,,,,,,,,,
WULE,Total Phosphorus as P,2026-04-13 12:00:00.000+10:00,0.02,mg/L,0.01,,,,,,,,,
WULM,Total Phosphorus as P,2026-04-13 12:00:00.000+10:00,0.03,mg/L,0.01,,,,,,,,,
WULW,Total Phosphorus as P,2026-04-13 12:00:00.000+10:00,0.03,mg/L,0.01,,,,,,,,,
WULE,Total suspended solids,2026-04-13 12:00:00.000+10:00,,mg/L,5,,,,,,,,,
WULM,Total suspended solids,2026-04-13 12:00:00.000+10:00,,mg/L,5,,,,,,,,,
WULW,Total suspended solids,2026-04-13 12:00:00.000+10:00,,mg/L,5,,,,,,,,,
WULW,Ammonia as N,2026-03-30 12:00:00.000+10:00,0.09,mg/L,0.01,,,,WULE,Total Nitrogen as N,2025-09-15 12:00:00.000+10:00,0.5,mg/L,0.1
WULE,Ammonia as N,2026-03-30 12:00:00.000+10:00,0.05,mg/L,0.01,,,,WULM,Total Nitrogen as N,2025-09-15 12:00:00.000+10:00,0.5,mg/L,0.1
WULM,Ammonia as N,2026-03-30 12:00:00.000+10:00,0.17,mg/L,0.01,,,,WULW,Total Nitrogen as N,2025-09-15 12:00:00.000+10:00,0.5,mg/L,0.1
WULE,Dissolved Reactive Phosphorus as P,2026-03-30 12:00:00.000+10:00,,mg/L,0.01,,,,WULM,Total Nitrogen as N,2025-09-01 12:00:00.000+10:00,0.6,mg/L,0.1
WULM,Dissolved Reactive Phosphorus as P,2026-03-30 12:00:00.000+10:00,,mg/L,0.01,,,,WULW,Total Nitrogen as N,2025-09-01 12:00:00.000+10:00,0.6,mg/L,0.1
WULW,Dissolved Reactive Phosphorus as P,2026-03-30 12:00:00.000+10:00,,mg/L,0.01,,,,WULE,Total Nitrogen as N,2025-09-01 12:00:00.000+10:00,0.6,mg/L,0.1
WULM,Nitrate as N,2026-03-30 12:00:00.000+10:00,,mg/L,0.01,,,,WULE,Total Nitrogen as N,2025-08-04 12:00:00.000+10:00,0.5,mg/L,0.1
WULE,Nitrate as N,2026-03-30 12:00:00.000+10:00,,mg/L,0.01,,,,WULM,Total Nitrogen as N,2025-08-04 12:00:00.000+10:00,0.5,mg/L,0.1
WULW,Nitrate as N,2026-03-30 12:00:00.000+10:00,0.02,mg/L,0.01,,,,WULW,Total Nitrogen as N,2025-08-04 12:00:00.000+10:00,0.6,mg/L,0.1
WULM,Nitrite + Nitrate as N,2026-03-30 12:00:00.000+10:00,,mg/L,0.01,,,,WULE,Total Nitrogen as N,2025-07-07 12:00:00.000+10:00,0.9,mg/L,0.1
WULW,Nitrite + Nitrate as N,2026-03-30 12:00:00.000+10:00,0.02,mg/L,0.01,,,,WULW,Total Nitrogen as N,2025-07-07 12:00:00.000+10:00,0.6,mg/L,0.1
WULE,Nitrite + Nitrate as N,2026-03-30 12:00:00.000+10:00,,mg/L,0.01,,,,WULM,Total Nitrogen as N,2025-07-07 12:00:00.000+10:00,1.1,mg/L,0.1
WULM,Nitrite as N,2026-03-30 12:00:00.000+10:00,,mg/L,0.01,,,,WULM,Total Nitrogen as N,2025-06-02 12:00:00.000+10:00,0.6,mg/L,0.1
WULE,Nitrite as N,2026-03-30 12:00:00.000+10:00,,mg/L,0.01,,,,WULW,Total Nitrogen as N,2025-06-02 12:00:00.000+10:00,0.5,mg/L,0.1
WULW,Nitrite as N,2026-03-30 12:00:00.000+10:00,,mg/L,0.01,,,,WULE,Total Nitrogen as N,2025-06-02 12:00:00.000+10:00,0.6,mg/L,0.1
WULM,Total Kjeldahl Nitrogen as N,2026-03-30 12:00:00.000+10:00,0.8,mg/L,0.1,,,,WULE,Total Nitrogen as N,2025-06-01 12:00:00.000+11:00,0.6,mg/L,0.1
WULE,Total Kjeldahl Nitrogen as N,2026-03-30 12:00:00.000+10:00,0.4,mg/L,0.1,,,,WULW,Total Nitrogen as N,2025-06-01 12:00:00.000+11:00,0.6,mg/L,0.1
WULW,Total Kjeldahl Nitrogen as N,2026-03-30 12:00:00.000+10:00,0.5,mg/L,0.1,,,,WULM,Total Nitrogen as N,2025-06-01 12:00:00.000+11:00,0.6,mg/L,0.1
WULM,Total Nitrogen as N,2026-03-30 12:00:00.000+10:00,0.8,mg/L,0.1,,,,,,,,,
WULE,Total Nitrogen as N,2026-03-30 12:00:00.000+10:00,0.4,mg/L,0.1,,,,,,,,,
WULW,Total Nitrogen as N,2026-03-30 12:00:00.000+10:00,0.5,mg/L,0.1,,,,,,,,,
WULE,Total Phosphorus as P,2026-03-30 12:00:00.000+10:00,0.03,mg/L,0.01,,,,,,,,,
WULW,Total Phosphorus as P,2026-03-30 12:00:00.000+10:00,0.04,mg/L,0.01,,,,,,,,,
WULM,Total Phosphorus as P,2026-03-30 12:00:00.000+10:00,0.05,mg/L,0.01,,,,,,,,,
WULM,Total suspended solids,2026-03-30 12:00:00.000+10:00,,mg/L,5,,,,,,,,,
WULW,Total suspended solids,2026-03-30 12:00:00.000+10:00,,mg/L,5,,,,,,,,,
WULE,Total suspended solids,2026-03-30 12:00:00.000+10:00,,mg/L,5,,,,,,,,,
WULE,Ammonia as N,2026-03-16 12:00:00.000+10:00,,mg/L,0.01,,,,WULE,Total Nitrogen as N,2025-03-31 12:00:00.000+10:00,0.5,mg/L,0.1
WULM,Ammonia as N,2026-03-16 12:00:00.000+10:00,0.03,mg/L,0.01,,,,WULW,Total Nitrogen as N,2025-03-31 12:00:00.000+10:00,0.4,mg/L,0.1
WULW,Ammonia as N,2026-03-16 12:00:00.000+10:00,0.01,mg/L,0.01,,,,WULM,Total Nitrogen as N,2025-03-31 12:00:00.000+10:00,0.4,mg/L,0.1
WULW,Dissolved Reactive Phosphorus as P,2026-03-16 12:00:00.000+10:00,,mg/L,0.01,,,,WULE,Total Nitrogen as N,2025-03-17 12:00:00.000+10:00,0.5,mg/L,0.1
WULM,Dissolved Reactive Phosphorus as P,2026-03-16 12:00:00.000+10:00,,mg/L,0.01,,,,WULW,Total Nitrogen as N,2025-03-17 12:00:00.000+10:00,0.6,mg/L,0.1
WULE,Dissolved Reactive Phosphorus as P,2026-03-16 12:00:00.000+10:00,,mg/L,0.01,,,,WULM,Total Nitrogen as N,2025-03-17 12:00:00.000+10:00,0.6,mg/L,0.1
WULW,Nitrate as N,2026-03-16 12:00:00.000+10:00,,mg/L,0.01,,,,WULW,Total Nitrogen as N,2025-03-03 12:00:00.000+10:00,0.5,mg/L,0.1
WULM,Nitrate as N,2026-03-16 12:00:00.000+10:00,,mg/L,0.01,,,,WULE,Total Nitrogen as N,2025-03-03 12:00:00.000+10:00,0.4,mg/L,0.1
WULE,Nitrate as N,2026-03-16 12:00:00.000+10:00,,mg/L,0.01,,,,WULM,Total Nitrogen as N,2025-03-03 12:00:00.000+10:00,0.4,mg/L,0.1
WULM,Nitrite + Nitrate as N,2026-03-16 12:00:00.000+10:00,,mg/L,0.01,,,,WULW,Total Nitrogen as N,2025-03-02 12:00:00.000+11:00,0.5,mg/L,0.1
WULW,Nitrite + Nitrate as N,2026-03-16 12:00:00.000+10:00,,mg/L,0.01,,,,WULM,Total Nitrogen as N,2025-03-02 12:00:00.000+11:00,0.5,mg/L,0.1
WULE,Nitrite + Nitrate as N,2026-03-16 12:00:00.000+10:00,,mg/L,0.01,,,,WULE,Total Nitrogen as N,2025-03-02 12:00:00.000+11:00,0.5,mg/L,0.1
WULW,Nitrite as N,2026-03-16 12:00:00.000+10:00,,mg/L,0.01,,,,WULW,Total Nitrogen as N,2025-02-17 12:00:00.000+10:00,0.5,mg/L,0.1
WULM,Nitrite as N,2026-03-16 12:00:00.000+10:00,,mg/L,0.01,,,,WULE,Total Nitrogen as N,2025-02-17 12:00:00.000+10:00,0.5,mg/L,0.1
WULE,Nitrite as N,2026-03-16 12:00:00.000+10:00,,mg/L,0.01,,,,WULM,Total Nitrogen as N,2025-02-17 12:00:00.000+10:00,0.5,mg/L,0.1
WULW,Total Kjeldahl Nitrogen as N,2026-03-16 12:00:00.000+10:00,0.5,mg/L,0.1,,,,WULM,Total Nitrogen as N,2025-02-03 12:00:00.000+10:00,0.5,mg/L,0.1
WULE,Total Kjeldahl Nitrogen as N,2026-03-16 12:00:00.000+10:00,0.5,mg/L,0.1,,,,WULE,Total Nitrogen as N,2025-02-03 12:00:00.000+10:00,0.5,mg/L,0.1
WULM,Total Kjeldahl Nitrogen as N,2026-03-16 12:00:00.000+10:00,0.6,mg/L,0.1,,,,WULW,Total Nitrogen as N,2025-02-03 12:00:00.000+10:00,0.5,mg/L,0.1
WULW,Total Nitrogen as N,2026-03-16 12:00:00.000+10:00,0.5,mg/L,0.1,,,,,,,,,
WULM,Total Nitrogen as N,2026-03-16 12:00:00.000+10:00,0.6,mg/L,0.1,,,,,,,,,
WULE,Total Nitrogen as N,2026-03-16 12:00:00.000+10:00,0.5,mg/L,0.1,,,,,,,,,
WULE,Total Phosphorus as P,2026-03-16 12:00:00.000+10:00,0.01,mg/L,0.01,,,,,,,,,
WULW,Total Phosphorus as P,2026-03-16 12:00:00.000+10:00,0.02,mg/L,0.01,,,,,,,,,
WULM,Total Phosphorus as P,2026-03-16 12:00:00.000+10:00,0.02,mg/L,0.01,,,,,,,,,
WULW,Total suspended solids,2026-03-16 12:00:00.000+10:00,,mg/L,5,,,,,,,,,
WULE,Total suspended solids,2026-03-16 12:00:00.000+10:00,,mg/L,5,,,,,,,,,
WULM,Total suspended solids,2026-03-16 12:00:00.000+10:00,,mg/L,5,,,,,,,,,
WULW,Ammonia as N,2026-02-16 12:00:00.000+10:00,0.11,mg/L,0.01,,,,WULW,Total Nitrogen as N,2024-12-09 12:00:00.000+10:00,0.4,mg/L,0.1
WULE,Ammonia as N,2026-02-16 12:00:00.000+10:00,0.08,mg/L,0.01,,,,WULM,Total Nitrogen as N,2024-12-09 12:00:00.000+10:00,0.4,mg/L,0.1
WULM,Ammonia as N,2026-02-16 12:00:00.000+10:00,0.05,mg/L,0.01,,,,WULE,Total Nitrogen as N,2024-12-09 12:00:00.000+10:00,0.5,mg/L,0.1
WULW,Dissolved Reactive Phosphorus as P,2026-02-16 12:00:00.000+10:00,,mg/L,0.01,,,,WULM,Total Nitrogen as N,2024-11-25 12:00:00.000+10:00,0.4,mg/L,0.1
WULM,Dissolved Reactive Phosphorus as P,2026-02-16 12:00:00.000+10:00,,mg/L,0.01,,,,WULW,Total Nitrogen as N,2024-11-25 12:00:00.000+10:00,0.5,mg/L,0.1
WULE,Dissolved Reactive Phosphorus as P,2026-02-16 12:00:00.000+10:00,,mg/L,0.01,,,,WULE,Total Nitrogen as N,2024-11-25 12:00:00.000+10:00,0.5,mg/L,0.1
WULE,Nitrate as N,2026-02-16 12:00:00.000+10:00,,mg/L,0.01,,,,WULE,Total Nitrogen as N,2024-11-11 12:00:00.000+11:00,0.4,mg/L,0.1
WULM,Nitrate as N,2026-02-16 12:00:00.000+10:00,,mg/L,0.01,,,,WULM,Total Nitrogen as N,2024-11-11 12:00:00.000+11:00,0.4,mg/L,0.1
WULW,Nitrate as N,2026-02-16 12:00:00.000+10:00,,mg/L,0.01,,,,WULW,Total Nitrogen as N,2024-11-11 12:00:00.000+11:00,0.4,mg/L,0.1
WULE,Nitrite + Nitrate as N,2026-02-16 12:00:00.000+10:00,,mg/L,0.01,,,,WULM,Total Nitrogen as N,2024-11-11 12:00:00.000+10:00,0.4,mg/L,0.1
WULM,Nitrite + Nitrate as N,2026-02-16 12:00:00.000+10:00,,mg/L,0.01,,,,WULW,Total Nitrogen as N,2024-11-11 12:00:00.000+10:00,0.4,mg/L,0.1
WULW,Nitrite + Nitrate as N,2026-02-16 12:00:00.000+10:00,,mg/L,0.01,,,,WULE,Total Nitrogen as N,2024-11-11 12:00:00.000+10:00,0.4,mg/L,0.1
WULW,Nitrite as N,2026-02-16 12:00:00.000+10:00,,mg/L,0.01,,,,WULW,Total Nitrogen as N,2024-10-28 12:00:00.000+10:00,0.5,mg/L,0.1
WULE,Nitrite as N,2026-02-16 12:00:00.000+10:00,,mg/L,0.01,,,,WULM,Total Nitrogen as N,2024-10-28 12:00:00.000+10:00,0.4,mg/L,0.1
WULM,Nitrite as N,2026-02-16 12:00:00.000+10:00,,mg/L,0.01,,,,WULE,Total Nitrogen as N,2024-10-28 12:00:00.000+10:00,0.5,mg/L,0.1
WULM,Total Kjeldahl Nitrogen as N,2026-02-16 12:00:00.000+10:00,0.5,mg/L,0.1,,,,WULM,Total Nitrogen as N,2024-10-14 12:00:00.000+10:00,0.5,mg/L,0.1
WULW,Total Kjeldahl Nitrogen as N,2026-02-16 12:00:00.000+10:00,0.5,mg/L,0.1,,,,WULE,Total Nitrogen as N,2024-10-14 12:00:00.000+10:00,0.4,mg/L,0.1
WULE,Total Kjeldahl Nitrogen as N,2026-02-16 12:00:00.000+10:00,0.5,mg/L,0.1,,,,WULW,Total Nitrogen as N,2024-10-14 12:00:00.000+10:00,0.4,mg/L,0.1
WULE,Total Nitrogen as N,2026-02-16 12:00:00.000+10:00,0.5,mg/L,0.1,,,,,,,,,
WULW,Total Nitrogen as N,2026-02-16 12:00:00.000+10:00,0.5,mg/L,0.1,,,,,,,,,
WULM,Total Nitrogen as N,2026-02-16 12:00:00.000+10:00,0.5,mg/L,0.1,,,,,,,,,
WULM,Total Phosphorus as P,2026-02-16 12:00:00.000+10:00,0.03,mg/L,0.01,,,,,,,,,
WULW,Total Phosphorus as P,2026-02-16 12:00:00.000+10:00,0.04,mg/L,0.01,,,,,,,,,
WULE,Total Phosphorus as P,2026-02-16 12:00:00.000+10:00,0.02,mg/L,0.01,,,,,,,,,
WULE,Total suspended solids,2026-02-16 12:00:00.000+10:00,7,mg/L,5,,,,,,,,,
WULW,Total suspended solids,2026-02-16 12:00:00.000+10:00,,mg/L,5,,,,,,,,,
WULM,Total suspended solids,2026-02-16 12:00:00.000+10:00,,mg/L,5,,,,,,,,,
WULE,Ammonia as N,2026-01-19 12:00:00.000+10:00,0.08,mg/L,0.01,,,,WULW,Total Nitrogen as N,2024-09-02 12:00:00.000+11:00,0.5,mg/L,0.1
WULW,Ammonia as N,2026-01-19 12:00:00.000+10:00,0.06,mg/L,0.01,,,,WULM,Total Nitrogen as N,2024-09-02 12:00:00.000+11:00,0.5,mg/L,0.1
WULM,Ammonia as N,2026-01-19 12:00:00.000+10:00,0.02,mg/L,0.01,,,,WULE,Total Nitrogen as N,2024-09-02 12:00:00.000+11:00,0.6,mg/L,0.1
WULW,Dissolved Reactive Phosphorus as P,2026-01-19 12:00:00.000+10:00,,mg/L,0.01,,,,WULW,Total Nitrogen as N,2024-09-02 12:00:00.000+10:00,0.5,mg/L,0.1
WULE,Dissolved Reactive Phosphorus as P,2026-01-19 12:00:00.000+10:00,,mg/L,0.01,,,,WULM,Total Nitrogen as N,2024-09-02 12:00:00.000+10:00,0.5,mg/L,0.1
WULM,Dissolved Reactive Phosphorus as P,2026-01-19 12:00:00.000+10:00,,mg/L,0.01,,,,WULE,Total Nitrogen as N,2024-09-02 12:00:00.000+10:00,0.6,mg/L,0.1
WULE,Nitrate as N,2026-01-19 12:00:00.000+10:00,,mg/L,0.01,,,,WULM,Total Nitrogen as N,2024-08-05 12:00:00.000+10:00,0.8,mg/L,0.1
WULM,Nitrate as N,2026-01-19 12:00:00.000+10:00,,mg/L,0.01,,,,WULE,Total Nitrogen as N,2024-08-05 12:00:00.000+10:00,0.8,mg/L,0.1
WULW,Nitrate as N,2026-01-19 12:00:00.000+10:00,,mg/L,0.01,,,,WULW,Total Nitrogen as N,2024-08-05 12:00:00.000+10:00,0.7,mg/L,0.1
WULW,Nitrite + Nitrate as N,2026-01-19 12:00:00.000+10:00,,mg/L,0.01,,,,WULM,Total Nitrogen as N,2024-07-01 12:00:00.000+10:00,0.6,mg/L,0.1
WULM,Nitrite + Nitrate as N,2026-01-19 12:00:00.000+10:00,,mg/L,0.01,,,,WULE,Total Nitrogen as N,2024-07-01 12:00:00.000+10:00,0.8,mg/L,0.1
WULE,Nitrite + Nitrate as N,2026-01-19 12:00:00.000+10:00,,mg/L,0.01,,,,WULW,Total Nitrogen as N,2024-07-01 12:00:00.000+10:00,0.8,mg/L,0.1
WULW,Nitrite as N,2026-01-19 12:00:00.000+10:00,,mg/L,0.01,,,,WULM,Total Nitrogen as N,2024-06-03 12:00:00.000+10:00,0.7,mg/L,0.1
WULE,Nitrite as N,2026-01-19 12:00:00.000+10:00,,mg/L,0.01,,,,WULE,Total Nitrogen as N,2024-06-03 12:00:00.000+10:00,0.7,mg/L,0.1
WULM,Nitrite as N,2026-01-19 12:00:00.000+10:00,,mg/L,0.01,,,,WULW,Total Nitrogen as N,2024-06-03 12:00:00.000+10:00,0.5,mg/L,0.1
WULM,Total Kjeldahl Nitrogen as N,2026-01-19 12:00:00.000+10:00,0.5,mg/L,0.1,,,,WULM,Total Nitrogen as N,2024-05-08 12:00:00.000+11:00,0.8,mg/L,0.1
WULE,Total Kjeldahl Nitrogen as N,2026-01-19 12:00:00.000+10:00,0.5,mg/L,0.1,,,,WULE,Total Nitrogen as N,2024-05-08 12:00:00.000+11:00,0.8,mg/L,0.1
WULW,Total Kjeldahl Nitrogen as N,2026-01-19 12:00:00.000+10:00,0.6,mg/L,0.1,,,,WULW,Total Nitrogen as N,2024-05-08 12:00:00.000+11:00,0.7,mg/L,0.1
WULW,Total Nitrogen as N,2026-01-19 12:00:00.000+10:00,0.6,mg/L,0.1,,,,,,,,,
WULM,Total Nitrogen as N,2026-01-19 12:00:00.000+10:00,0.5,mg/L,0.1,,,,,,,,,
WULE,Total Nitrogen as N,2026-01-19 12:00:00.000+10:00,0.5,mg/L,0.1,,,,,,,,,
WULW,Total Phosphorus as P,2026-01-19 12:00:00.000+10:00,0.04,mg/L,0.01,,,,,,,,,
WULM,Total Phosphorus as P,2026-01-19 12:00:00.000+10:00,0.02,mg/L,0.01,,,,,,,,,
WULE,Total Phosphorus as P,2026-01-19 12:00:00.000+10:00,0.01,mg/L,0.01,,,,,,,,,
WULE,Total suspended solids,2026-01-19 12:00:00.000+10:00,,mg/L,5,,,,,,,,,
WULW,Total suspended solids,2026-01-19 12:00:00.000+10:00,,mg/L,5,,,,,,,,,
WULM,Total suspended solids,2026-01-19 12:00:00.000+10:00,,mg/L,5,,,,,,,,,
WULE,Ammonia as N,2025-11-24 12:00:00.000+10:00,0.01,mg/L,0.01,,,,WULW,Total Nitrogen as N,2024-04-02 12:00:00.000+10:00,0.6,mg/L,0.1
WULM,Ammonia as N,2025-11-24 12:00:00.000+10:00,,mg/L,0.01,,,,WULE,Total Nitrogen as N,2024-04-02 12:00:00.000+10:00,0.6,mg/L,0.1
WULW,Ammonia as N,2025-11-24 12:00:00.000+10:00,,mg/L,0.01,,,,WULM,Total Nitrogen as N,2024-04-02 12:00:00.000+10:00,0.6,mg/L,0.1
WULM,Dissolved Reactive Phosphorus as P,2025-11-24 12:00:00.000+10:00,,mg/L,0.01,,,,WULM,Total Nitrogen as N,2024-03-18 12:00:00.000+10:00,0.6,mg/L,0.1
WULE,Dissolved Reactive Phosphorus as P,2025-11-24 12:00:00.000+10:00,,mg/L,0.01,,,,WULE,Total Nitrogen as N,2024-03-18 12:00:00.000+10:00,0.6,mg/L,0.1
WULW,Dissolved Reactive Phosphorus as P,2025-11-24 12:00:00.000+10:00,,mg/L,0.01,,,,WULW,Total Nitrogen as N,2024-03-18 12:00:00.000+10:00,0.7,mg/L,0.1
WULW,Nitrate as N,2025-11-24 12:00:00.000+10:00,,mg/L,0.01,,,,WULE,Total Nitrogen as N,2024-03-04 12:00:00.000+10:00,0.6,mg/L,0.1
WULE,Nitrate as N,2025-11-24 12:00:00.000+10:00,,mg/L,0.01,,,,WULW,Total Nitrogen as N,2024-03-04 12:00:00.000+10:00,0.6,mg/L,0.1
WULM,Nitrate as N,2025-11-24 12:00:00.000+10:00,,mg/L,0.01,,,,WULM,Total Nitrogen as N,2024-03-04 12:00:00.000+10:00,0.5,mg/L,0.1
WULM,Nitrite + Nitrate as N,2025-11-24 12:00:00.000+10:00,,mg/L,0.01,,,,WULW,Total Nitrogen as N,2024-02-19 12:00:00.000+10:00,0.8,mg/L,0.1
WULW,Nitrite + Nitrate as N,2025-11-24 12:00:00.000+10:00,,mg/L,0.01,,,,WULM,Total Nitrogen as N,2024-02-19 12:00:00.000+10:00,0.7,mg/L,0.1
WULE,Nitrite + Nitrate as N,2025-11-24 12:00:00.000+10:00,,mg/L,0.01,,,,WULM,Total Nitrogen as N,2024-02-09 12:00:00.000+11:00,0.5,mg/L,0.1
WULE,Nitrite as N,2025-11-24 12:00:00.000+10:00,,mg/L,0.01,,,,WULE,Total Nitrogen as N,2024-02-09 12:00:00.000+11:00,0.6,mg/L,0.1
WULW,Nitrite as N,2025-11-24 12:00:00.000+10:00,,mg/L,0.01,,,,WULW,Total Nitrogen as N,2024-02-09 12:00:00.000+11:00,0.5,mg/L,0.1
WULM,Nitrite as N,2025-11-24 12:00:00.000+10:00,,mg/L,0.01,,,,WULE,Total Nitrogen as N,2024-02-05 12:00:00.000+10:00,0.5,mg/L,0.1
WULE,Total Kjeldahl Nitrogen as N,2025-11-24 12:00:00.000+10:00,0.3,mg/L,0.1,,,,WULM,Total Nitrogen as N,2024-02-05 12:00:00.000+10:00,0.6,mg/L,0.1
WULW,Total Kjeldahl Nitrogen as N,2025-11-24 12:00:00.000+10:00,0.4,mg/L,0.1,,,,WULW,Total Nitrogen as N,2024-02-05 12:00:00.000+10:00,0.6,mg/L,0.1
WULM,Total Kjeldahl Nitrogen as N,2025-11-24 12:00:00.000+10:00,0.4,mg/L,0.1,,,,WULW,Total Nitrogen as N,2024-01-22 12:00:00.000+10:00,0.5,mg/L,0.1
WULE,Total Nitrogen as N,2025-11-24 12:00:00.000+10:00,0.3,mg/L,0.1,,,,,,,,,
WULM,Total Nitrogen as N,2025-11-24 12:00:00.000+10:00,0.4,mg/L,0.1,,,,,,,,,
WULW,Total Nitrogen as N,2025-11-24 12:00:00.000+10:00,0.4,mg/L,0.1,,,,,,,,,
WULM,Total Phosphorus as P,2025-11-24 12:00:00.000+10:00,0.01,mg/L,0.01,,,,,,,,,
WULW,Total Phosphorus as P,2025-11-24 12:00:00.000+10:00,0.03,mg/L,0.01,,,,,,,,,
WULE,Total Phosphorus as P,2025-11-24 12:00:00.000+10:00,0.02,mg/L,0.01,,,,,,,,,
WULM,Total suspended solids,2025-11-24 12:00:00.000+10:00,,mg/L,5,,,,,,,,,
WULE,Total suspended solids,2025-11-24 12:00:00.000+10:00,,mg/L,5,,,,,,,,,
WULW,Total suspended solids,2025-11-24 12:00:00.000+10:00,,mg/L,5,,,,,,,,,
WULE,Ammonia as N,2025-11-10 12:00:00.000+10:00,,mg/L,0.01,,,,WULW,Total Nitrogen as N,2023-12-11 12:00:00.000+10:00,0.5,mg/L,0.1
WULW,Ammonia as N,2025-11-10 12:00:00.000+10:00,,mg/L,0.01,,,,WULM,Total Nitrogen as N,2023-12-11 12:00:00.000+10:00,0.4,mg/L,0.1
WULM,Ammonia as N,2025-11-10 12:00:00.000+10:00,,mg/L,0.01,,,,WULW,Total Nitrogen as N,2023-11-27 12:00:00.000+10:00,0.4,mg/L,0.1
WULW,Dissolved Reactive Phosphorus as P,2025-11-10 12:00:00.000+10:00,,mg/L,0.01,,,,WULM,Total Nitrogen as N,2023-11-27 12:00:00.000+10:00,0.3,mg/L,0.1
WULM,Dissolved Reactive Phosphorus as P,2025-11-10 12:00:00.000+10:00,,mg/L,0.01,,,,WULE,Total Nitrogen as N,2023-11-27 12:00:00.000+10:00,0.3,mg/L,0.1
WULE,Dissolved Reactive Phosphorus as P,2025-11-10 12:00:00.000+10:00,,mg/L,0.01,,,,WULE,Total Nitrogen as N,2023-11-13 12:00:00.000+10:00,0.5,mg/L,0.1
WULM,Nitrate as N,2025-11-10 12:00:00.000+10:00,0.02,mg/L,0.01,,,,WULW,Total Nitrogen as N,2023-11-13 12:00:00.000+10:00,0.5,mg/L,0.1
WULW,Nitrate as N,2025-11-10 12:00:00.000+10:00,,mg/L,0.01,,,,WULM,Total Nitrogen as N,2023-11-13 12:00:00.000+10:00,0.5,mg/L,0.1
WULE,Nitrate as N,2025-11-10 12:00:00.000+10:00,0.01,mg/L,0.01,,,,WULW,Total Nitrogen as N,2023-10-31 12:00:00.000+10:00,0.4,mg/L,0.1
WULM,Nitrite + Nitrate as N,2025-11-10 12:00:00.000+10:00,0.02,mg/L,0.01,,,,WULM,Total Nitrogen as N,2023-10-31 12:00:00.000+10:00,0.4,mg/L,0.1
WULW,Nitrite + Nitrate as N,2025-11-10 12:00:00.000+10:00,,mg/L,0.01,,,,WULE,Total Nitrogen as N,2023-10-31 12:00:00.000+10:00,0.3,mg/L,0.1
WULE,Nitrite + Nitrate as N,2025-11-10 12:00:00.000+10:00,0.01,mg/L,0.01,,,,WULW,Total Nitrogen as N,2023-10-16 12:00:00.000+10:00,0.4,mg/L,0.1
WULW,Nitrite as N,2025-11-10 12:00:00.000+10:00,,mg/L,0.01,,,,WULE,Total Nitrogen as N,2023-10-16 12:00:00.000+10:00,0.4,mg/L,0.1
WULM,Nitrite as N,2025-11-10 12:00:00.000+10:00,,mg/L,0.01,,,,WULM,Total Nitrogen as N,2023-10-16 12:00:00.000+10:00,0.4,mg/L,0.1
WULE,Nitrite as N,2025-11-10 12:00:00.000+10:00,,mg/L,0.01,,,,WULW,Total Nitrogen as N,2023-10-03 12:00:00.000+10:00,0.4,mg/L,0.1
WULE,Total Kjeldahl Nitrogen as N,2025-11-10 12:00:00.000+10:00,0.3,mg/L,0.1,,,,WULM,Total Nitrogen as N,2023-10-03 12:00:00.000+10:00,0.4,mg/L,0.1
WULM,Total Kjeldahl Nitrogen as N,2025-11-10 12:00:00.000+10:00,0.4,mg/L,0.1,,,,WULE,Total Nitrogen as N,2023-10-03 12:00:00.000+10:00,0.4,mg/L,0.1
WULW,Total Kjeldahl Nitrogen as N,2025-11-10 12:00:00.000+10:00,0.4,mg/L,0.1,,,,WULM,Total Nitrogen as N,2023-09-18 12:00:00.000+10:00,0.5,mg/L,0.1
WULE,Total Nitrogen as N,2025-11-10 12:00:00.000+10:00,0.3,mg/L,0.1,,,,,,,,,
WULM,Total Nitrogen as N,2025-11-10 12:00:00.000+10:00,0.4,mg/L,0.1,,,,,,,,,
WULW,Total Nitrogen as N,2025-11-10 12:00:00.000+10:00,0.4,mg/L,0.1,,,,,,,,,
WULE,Total Phosphorus as P,2025-11-10 12:00:00.000+10:00,0.03,mg/L,0.01,,,,,,,,,
WULW,Total Phosphorus as P,2025-11-10 12:00:00.000+10:00,0.03,mg/L,0.01,,,,,,,,,
WULM,Total Phosphorus as P,2025-11-10 12:00:00.000+10:00,0.01,mg/L,0.01,,,,,,,,,
WULM,Total suspended solids,2025-11-10 12:00:00.000+10:00,,mg/L,5,,,,,,,,,
WULE,Total suspended solids,2025-11-10 12:00:00.000+10:00,,mg/L,5,,,,,,,,,
WULW,Total suspended solids,2025-11-10 12:00:00.000+10:00,,mg/L,5,,,,,,,,,
WULW,Ammonia as N,2025-10-27 12:00:00.000+10:00,,mg/L,0.01,,,,WULE,Total Nitrogen as N,2023-07-03 12:00:00.000+10:00,0.5,mg/L,0.1
WULE,Ammonia as N,2025-10-27 12:00:00.000+10:00,,mg/L,0.01,,,,WULM,Total Nitrogen as N,2023-07-03 12:00:00.000+10:00,0.5,mg/L,0.1
WULM,Ammonia as N,2025-10-27 12:00:00.000+10:00,,mg/L,0.01,,,,WULW,Total Nitrogen as N,2023-06-05 12:00:00.000+10:00,0.4,mg/L,0.1
WULE,Dissolved Reactive Phosphorus as P,2025-10-27 12:00:00.000+10:00,,mg/L,0.01,,,,WULE,Total Nitrogen as N,2023-06-05 12:00:00.000+10:00,0.8,mg/L,0.1
WULM,Dissolved Reactive Phosphorus as P,2025-10-27 12:00:00.000+10:00,,mg/L,0.01,,,,WULM,Total Nitrogen as N,2023-06-05 12:00:00.000+10:00,0.5,mg/L,0.1
WULW,Dissolved Reactive Phosphorus as P,2025-10-27 12:00:00.000+10:00,,mg/L,0.01,,,,WULM,Total Nitrogen as N,2023-05-03 12:00:00.000+10:00,0.4,mg/L,0.1
WULM,Nitrate as N,2025-10-27 12:00:00.000+10:00,,mg/L,0.01,,,,WULW,Total Nitrogen as N,2023-05-03 12:00:00.000+10:00,0.4,mg/L,0.1
WULE,Nitrate as N,2025-10-27 12:00:00.000+10:00,,mg/L,0.01,,,,WULE,Total Nitrogen as N,2023-05-03 12:00:00.000+10:00,0.5,mg/L,0.1
WULW,Nitrate as N,2025-10-27 12:00:00.000+10:00,,mg/L,0.01,,,,WULM,Total Nitrogen as N,2023-04-17 12:00:00.000+10:00,0.6,mg/L,0.1
WULE,Nitrite + Nitrate as N,2025-10-27 12:00:00.000+10:00,,mg/L,0.01,,,,WULW,Total Nitrogen as N,2023-04-17 12:00:00.000+10:00,0.5,mg/L,0.1
WULW,Nitrite + Nitrate as N,2025-10-27 12:00:00.000+10:00,,mg/L,0.01,,,,WULE,Total Nitrogen as N,2023-04-17 12:00:00.000+10:00,0.6,mg/L,0.1
WULM,Nitrite + Nitrate as N,2025-10-27 12:00:00.000+10:00,,mg/L,0.01,,,,WULW,Total Nitrogen as N,2023-04-03 12:00:00.000+10:00,0.6,mg/L,0.1
WULE,Nitrite as N,2025-10-27 12:00:00.000+10:00,,mg/L,0.01,,,,WULM,Total Nitrogen as N,2023-04-03 12:00:00.000+10:00,0.7,mg/L,0.1
WULW,Nitrite as N,2025-10-27 12:00:00.000+10:00,,mg/L,0.01,,,,WULE,Total Nitrogen as N,2023-04-03 12:00:00.000+10:00,0.7,mg/L,0.1
WULM,Nitrite as N,2025-10-27 12:00:00.000+10:00,,mg/L,0.01,,,,WULE,Total Nitrogen as N,2023-03-20 12:00:00.000+10:00,0.5,mg/L,0.1
WULW,Total Kjeldahl Nitrogen as N,2025-10-27 12:00:00.000+10:00,0.4,mg/L,0.1,,,,WULM,Total Nitrogen as N,2023-03-20 12:00:00.000+10:00,0.5,mg/L,0.1
WULM,Total Kjeldahl Nitrogen as N,2025-10-27 12:00:00.000+10:00,0.4,mg/L,0.1,,,,WULW,Total Nitrogen as N,2023-03-20 12:00:00.000+10:00,0.5,mg/L,0.1
WULE,Total Kjeldahl Nitrogen as N,2025-10-27 12:00:00.000+10:00,0.4,mg/L,0.1,,,,WULM,Total Nitrogen as N,2023-03-06 12:00:00.000+10:00,0.6,mg/L,0.1
WULE,Total Nitrogen as N,2025-10-27 12:00:00.000+10:00,0.4,mg/L,0.1,,,,,,,,,
WULW,Total Nitrogen as N,2025-10-27 12:00:00.000+10:00,0.4,mg/L,0.1,,,,,,,,,
WULM,Total Nitrogen as N,2025-10-27 12:00:00.000+10:00,0.4,mg/L,0.1,,,,,,,,,
WULM,Total Phosphorus as P,2025-10-27 12:00:00.000+10:00,0.02,mg/L,0.01,,,,,,,,,
WULW,Total Phosphorus as P,2025-10-27 12:00:00.000+10:00,0.01,mg/L,0.01,,,,,,,,,
WULE,Total Phosphorus as P,2025-10-27 12:00:00.000+10:00,,mg/L,0.01,,,,,,,,,
WULE,Total suspended solids,2025-10-27 12:00:00.000+10:00,,mg/L,5,,,,,,,,,
WULM,Total suspended solids,2025-10-27 12:00:00.000+10:00,,mg/L,5,,,,,,,,,
WULW,Total suspended solids,2025-10-27 12:00:00.000+10:00,,mg/L,5,,,,,,,,,
WULM,Ammonia as N,2025-10-13 12:00:00.000+10:00,0.03,mg/L,0.01,,,,WULW,Total Nitrogen as N,2023-01-09 12:00:00.000+10:00,0.5,mg/L,0.1
WULW,Ammonia as N,2025-10-13 12:00:00.000+10:00,0.03,mg/L,0.01,,,,WULE,Total Nitrogen as N,2023-01-09 12:00:00.000+10:00,0.5,mg/L,0.1
WULE,Ammonia as N,2025-10-13 12:00:00.000+10:00,0.02,mg/L,0.01,,,,WULE,Total Nitrogen as N,2023-01-03 12:00:00.000+10:00,0.5,mg/L,0.1
WULM,Dissolved Reactive Phosphorus as P,2025-10-13 12:00:00.000+10:00,,mg/L,0.01,,,,WULM,Total Nitrogen as N,2023-01-03 12:00:00.000+10:00,0.5,mg/L,0.1
WULE,Dissolved Reactive Phosphorus as P,2025-10-13 12:00:00.000+10:00,,mg/L,0.01,,,,WULW,Total Nitrogen as N,2023-01-03 12:00:00.000+10:00,0.5,mg/L,0.1
WULW,Dissolved Reactive Phosphorus as P,2025-10-13 12:00:00.000+10:00,,mg/L,0.01,,,,WULW,Total Nitrogen as N,2022-12-12 12:00:00.000+10:00,0.6,mg/L,0.1
WULM,Nitrate as N,2025-10-13 12:00:00.000+10:00,,mg/L,0.01,,,,WULE,Total Nitrogen as N,2022-12-12 12:00:00.000+10:00,0.4,mg/L,0.1
WULE,Nitrate as N,2025-10-13 12:00:00.000+10:00,,mg/L,0.01,,,,WULM,Total Nitrogen as N,2022-12-12 12:00:00.000+10:00,0.4,mg/L,0.1
WULW,Nitrate as N,2025-10-13 12:00:00.000+10:00,,mg/L,0.01,,,,WULM,Total Nitrogen as N,2022-11-28 12:00:00.000+10:00,0.4,mg/L,0.1
WULE,Nitrite + Nitrate as N,2025-10-13 12:00:00.000+10:00,,mg/L,0.01,,,,WULW,Total Nitrogen as N,2022-11-28 12:00:00.000+10:00,0.5,mg/L,0.1
WULW,Nitrite + Nitrate as N,2025-10-13 12:00:00.000+10:00,,mg/L,0.01,,,,WULE,Total Nitrogen as N,2022-11-28 12:00:00.000+10:00,0.4,mg/L,0.1
WULM,Nitrite + Nitrate as N,2025-10-13 12:00:00.000+10:00,,mg/L,0.01,,,,WULE,Total Nitrogen as N,2022-11-14 12:00:00.000+10:00,0.5,mg/L,0.1
WULW,Nitrite as N,2025-10-13 12:00:00.000+10:00,,mg/L,0.01,,,,,,,,,
WULM,Nitrite as N,2025-10-13 12:00:00.000+10:00,,mg/L,0.01,,,,,,,,,
WULE,Nitrite as N,2025-10-13 12:00:00.000+10:00,,mg/L,0.01,,,,,,,,,
WULM,Total Kjeldahl Nitrogen as N,2025-10-13 12:00:00.000+10:00,0.4,mg/L,0.1,,,,,,,,,
WULE,Total Kjeldahl Nitrogen as N,2025-10-13 12:00:00.000+10:00,0.4,mg/L,0.1,,,,,,,,,
WULW,Total Kjeldahl Nitrogen as N,2025-10-13 12:00:00.000+10:00,0.5,mg/L,0.1,,,,,,,,,
WULM,Total Nitrogen as N,2025-10-13 12:00:00.000+10:00,0.4,mg/L,0.1,,,,,,,,,
WULE,Total Nitrogen as N,2025-10-13 12:00:00.000+10:00,0.4,mg/L,0.1,,,,,,,,,
WULW,Total Nitrogen as N,2025-10-13 12:00:00.000+10:00,0.5,mg/L,0.1,,,,,,,,,
WULW,Total Phosphorus as P,2025-10-13 12:00:00.000+10:00,,mg/L,0.01,,,,,,,,,
WULE,Total Phosphorus as P,2025-10-13 12:00:00.000+10:00,,mg/L,0.01,,,,,,,,,
WULM,Total Phosphorus as P,2025-10-13 12:00:00.000+10:00,,mg/L,0.01,,,,,,,,,
WULW,Total suspended solids,2025-10-13 12:00:00.000+10:00,,mg/L,5,,,,,,,,,
WULM,Total suspended solids,2025-10-13 12:00:00.000+10:00,,mg/L,5,,,,,,,,,
WULE,Total suspended solids,2025-10-13 12:00:00.000+10:00,,mg/L,5,,,,,,,,,
WULM,Ammonia as N,2025-09-29 12:00:00.000+10:00,0.01,mg/L,0.01,,,,,,,,,
WULE,Ammonia as N,2025-09-29 12:00:00.000+10:00,0.01,mg/L,0.01,,,,,,,,,
WULW,Ammonia as N,2025-09-29 12:00:00.000+10:00,0.01,mg/L,0.01,,,,,,,,,
WULM,Dissolved Reactive Phosphorus as P,2025-09-29 12:00:00.000+10:00,,mg/L,0.01,,,,,,,,,
WULW,Dissolved Reactive Phosphorus as P,2025-09-29 12:00:00.000+10:00,,mg/L,0.01,,,,,,,,,
WULE,Dissolved Reactive Phosphorus as P,2025-09-29 12:00:00.000+10:00,,mg/L,0.01,,,,,,,,,
WULW,Nitrate as N,2025-09-29 12:00:00.000+10:00,0.01,mg/L,0.01,,,,,,,,,
WULE,Nitrate as N,2025-09-29 12:00:00.000+10:00,0.02,mg/L,0.01,,,,,,,,,
WULM,Nitrate as N,2025-09-29 12:00:00.000+10:00,0.01,mg/L,0.01,,,,,,,,,
WULM,Nitrite + Nitrate as N,2025-09-29 12:00:00.000+10:00,0.01,mg/L,0.01,,,,,,,,,
WULE,Nitrite + Nitrate as N,2025-09-29 12:00:00.000+10:00,0.02,mg/L,0.01,,,,,,,,,
WULW,Nitrite + Nitrate as N,2025-09-29 12:00:00.000+10:00,0.01,mg/L,0.01,,,,,,,,,
WULM,Nitrite as N,2025-09-29 12:00:00.000+10:00,,mg/L,0.01,,,,,,,,,
WULW,Nitrite as N,2025-09-29 12:00:00.000+10:00,,mg/L,0.01,,,,,,,,,
WULE,Nitrite as N,2025-09-29 12:00:00.000+10:00,,mg/L,0.01,,,,,,,,,
WULM,Total Kjeldahl Nitrogen as N,2025-09-29 12:00:00.000+10:00,0.4,mg/L,0.1,,,,,,,,,
WULE,Total Kjeldahl Nitrogen as N,2025-09-29 12:00:00.000+10:00,0.4,mg/L,0.1,,,,,,,,,
WULW,Total Kjeldahl Nitrogen as N,2025-09-29 12:00:00.000+10:00,0.4,mg/L,0.1,,,,,,,,,
WULW,Total Nitrogen as N,2025-09-29 12:00:00.000+10:00,0.4,mg/L,0.1,,,,,,,,,
WULM,Total Nitrogen as N,2025-09-29 12:00:00.000+10:00,0.4,mg/L,0.1,,,,,,,,,
WULE,Total Nitrogen as N,2025-09-29 12:00:00.000+10:00,0.4,mg/L,0.1,,,,,,,,,
WULE,Total Phosphorus as P,2025-09-29 12:00:00.000+10:00,0.04,mg/L,0.01,,,,,,,,,
WULM,Total Phosphorus as P,2025-09-29 12:00:00.000+10:00,0.05,mg/L,0.01,,,,,,,,,
WULW,Total Phosphorus as P,2025-09-29 12:00:00.000+10:00,0.03,mg/L,0.01,,,,,,,,,
WULW,Total suspended solids,2025-09-29 12:00:00.000+10:00,,mg/L,5,,,,,,,,,
WULE,Total suspended solids,2025-09-29 12:00:00.000+10:00,,mg/L,5,,,,,,,,,
WULM,Total suspended solids,2025-09-29 12:00:00.000+10:00,,mg/L,5,,,,,,,,,
WULW,Ammonia as N,2025-09-15 12:00:00.000+10:00,0.01,mg/L,0.01,,,,,,,,,
WULE,Ammonia as N,2025-09-15 12:00:00.000+10:00,0.02,mg/L,0.01,,,,,,,,,
WULM,Ammonia as N,2025-09-15 12:00:00.000+10:00,0.02,mg/L,0.01,,,,,,,,,
WULM,Dissolved Reactive Phosphorus as P,2025-09-15 12:00:00.000+10:00,,mg/L,0.01,,,,,,,,,
WULW,Dissolved Reactive Phosphorus as P,2025-09-15 12:00:00.000+10:00,,mg/L,0.01,,,,,,,,,
WULE,Dissolved Reactive Phosphorus as P,2025-09-15 12:00:00.000+10:00,,mg/L,0.01,,,,,,,,,
WULM,Nitrate as N,2025-09-15 12:00:00.000+10:00,0.06,mg/L,0.01,,,,,,,,,
WULE,Nitrate as N,2025-09-15 12:00:00.000+10:00,0.06,mg/L,0.01,,,,,,,,,
WULW,Nitrate as N,2025-09-15 12:00:00.000+10:00,0.06,mg/L,0.01,,,,,,,,,
WULE,Nitrite + Nitrate as N,2025-09-15 12:00:00.000+10:00,0.06,mg/L,0.01,,,,,,,,,
WULW,Nitrite + Nitrate as N,2025-09-15 12:00:00.000+10:00,0.06,mg/L,0.01,,,,,,,,,
WULM,Nitrite + Nitrate as N,2025-09-15 12:00:00.000+10:00,0.06,mg/L,0.01,,,,,,,,,
WULW,Nitrite as N,2025-09-15 12:00:00.000+10:00,,mg/L,0.01,,,,,,,,,
WULM,Nitrite as N,2025-09-15 12:00:00.000+10:00,,mg/L,0.01,,,,,,,,,
WULE,Nitrite as N,2025-09-15 12:00:00.000+10:00,,mg/L,0.01,,,,,,,,,
WULW,Total Kjeldahl Nitrogen as N,2025-09-15 12:00:00.000+10:00,0.4,mg/L,0.1,,,,,,,,,
WULM,Total Kjeldahl Nitrogen as N,2025-09-15 12:00:00.000+10:00,0.4,mg/L,0.1,,,,,,,,,
WULE,Total Kjeldahl Nitrogen as N,2025-09-15 12:00:00.000+10:00,0.4,mg/L,0.1,,,,,,,,,
WULE,Total Nitrogen as N,2025-09-15 12:00:00.000+10:00,0.5,mg/L,0.1,,,,,,,,,
WULM,Total Nitrogen as N,2025-09-15 12:00:00.000+10:00,0.5,mg/L,0.1,,,,,,,,,
WULW,Total Nitrogen as N,2025-09-15 12:00:00.000+10:00,0.5,mg/L,0.1,,,,,,,,,
WULE,Total Phosphorus as P,2025-09-15 12:00:00.000+10:00,0.02,mg/L,0.01,,,,,,,,,
WULW,Total Phosphorus as P,2025-09-15 12:00:00.000+10:00,0.03,mg/L,0.01,,,,,,,,,
WULM,Total Phosphorus as P,2025-09-15 12:00:00.000+10:00,0.05,mg/L,0.01,,,,,,,,,
WULW,Total suspended solids,2025-09-15 12:00:00.000+10:00,,mg/L,5,,,,,,,,,
WULM,Total suspended solids,2025-09-15 12:00:00.000+10:00,,mg/L,5,,,,,,,,,
WULE,Total suspended solids,2025-09-15 12:00:00.000+10:00,,mg/L,5,,,,,,,,,
WULW,Ammonia as N,2025-09-01 12:00:00.000+10:00,0.05,mg/L,0.01,,,,,,,,,
WULE,Ammonia as N,2025-09-01 12:00:00.000+10:00,0.06,mg/L,0.01,,,,,,,,,
WULM,Ammonia as N,2025-09-01 12:00:00.000+10:00,0.06,mg/L,0.01,,,,,,,,,
WULE,Dissolved Reactive Phosphorus as P,2025-09-01 12:00:00.000+10:00,,mg/L,0.01,,,,,,,,,
WULW,Dissolved Reactive Phosphorus as P,2025-09-01 12:00:00.000+10:00,,mg/L,0.01,,,,,,,,,
WULM,Dissolved Reactive Phosphorus as P,2025-09-01 12:00:00.000+10:00,,mg/L,0.01,,,,,,,,,
WULW,Nitrate as N,2025-09-01 12:00:00.000+10:00,0.09,mg/L,0.01,,,,,,,,,
WULE,Nitrate as N,2025-09-01 12:00:00.000+10:00,0.09,mg/L,0.01,,,,,,,,,
WULM,Nitrate as N,2025-09-01 12:00:00.000+10:00,0.09,mg/L,0.01,,,,,,,,,
WULM,Nitrite + Nitrate as N,2025-09-01 12:00:00.000+10:00,0.09,mg/L,0.01,,,,,,,,,
WULE,Nitrite + Nitrate as N,2025-09-01 12:00:00.000+10:00,0.09,mg/L,0.01,,,,,,,,,
WULW,Nitrite + Nitrate as N,2025-09-01 12:00:00.000+10:00,0.09,mg/L,0.01,,,,,,,,,
WULW,Nitrite as N,2025-09-01 12:00:00.000+10:00,,mg/L,0.01,,,,,,,,,
WULM,Nitrite as N,2025-09-01 12:00:00.000+10:00,,mg/L,0.01,,,,,,,,,
WULE,Nitrite as N,2025-09-01 12:00:00.000+10:00,,mg/L,0.01,,,,,,,,,
WULW,Total Kjeldahl Nitrogen as N,2025-09-01 12:00:00.000+10:00,0.5,mg/L,0.1,,,,,,,,,
WULE,Total Kjeldahl Nitrogen as N,2025-09-01 12:00:00.000+10:00,0.5,mg/L,0.1,,,,,,,,,
WULM,Total Kjeldahl Nitrogen as N,2025-09-01 12:00:00.000+10:00,0.5,mg/L,0.1,,,,,,,,,
WULM,Total Nitrogen as N,2025-09-01 12:00:00.000+10:00,0.6,mg/L,0.1,,,,,,,,,
WULW,Total Nitrogen as N,2025-09-01 12:00:00.000+10:00,0.6,mg/L,0.1,,,,,,,,,
WULE,Total Nitrogen as N,2025-09-01 12:00:00.000+10:00,0.6,mg/L,0.1,,,,,,,,,
WULE,Total Phosphorus as P,2025-09-01 12:00:00.000+10:00,0.04,mg/L,0.01,,,,,,,,,
WULM,Total Phosphorus as P,2025-09-01 12:00:00.000+10:00,0.01,mg/L,0.01,,,,,,,,,
WULW,Total Phosphorus as P,2025-09-01 12:00:00.000+10:00,0.02,mg/L,0.01,,,,,,,,,
WULE,Total suspended solids,2025-09-01 12:00:00.000+10:00,,mg/L,5,,,,,,,,,
WULM,Total suspended solids,2025-09-01 12:00:00.000+10:00,,mg/L,5,,,,,,,,,
WULW,Total suspended solids,2025-09-01 12:00:00.000+10:00,,mg/L,5,,,,,,,,,
WULE,Ammonia as N,2025-08-04 12:00:00.000+10:00,0.04,mg/L,0.01,,,,,,,,,
WULM,Ammonia as N,2025-08-04 12:00:00.000+10:00,0.04,mg/L,0.01,,,,,,,,,
WULW,Ammonia as N,2025-08-04 12:00:00.000+10:00,0.07,mg/L,0.01,,,,,,,,,
WULE,Dissolved Reactive Phosphorus as P,2025-08-04 12:00:00.000+10:00,,mg/L,0.01,,,,,,,,,
WULW,Dissolved Reactive Phosphorus as P,2025-08-04 12:00:00.000+10:00,,mg/L,0.01,,,,,,,,,
WULM,Dissolved Reactive Phosphorus as P,2025-08-04 12:00:00.000+10:00,,mg/L,0.01,,,,,,,,,
WULM,Nitrate as N,2025-08-04 12:00:00.000+10:00,0.07,mg/L,0.01,,,,,,,,,
WULE,Nitrate as N,2025-08-04 12:00:00.000+10:00,0.08,mg/L,0.01,,,,,,,,,
WULW,Nitrate as N,2025-08-04 12:00:00.000+10:00,0.08,mg/L,0.01,,,,,,,,,
WULE,Nitrite + Nitrate as N,2025-08-04 12:00:00.000+10:00,0.09,mg/L,0.01,,,,,,,,,
WULW,Nitrite + Nitrate as N,2025-08-04 12:00:00.000+10:00,0.08,mg/L,0.01,,,,,,,,,
WULM,Nitrite + Nitrate as N,2025-08-04 12:00:00.000+10:00,0.08,mg/L,0.01,,,,,,,,,
WULM,Nitrite as N,2025-08-04 12:00:00.000+10:00,0.01,mg/L,0.01,,,,,,,,,
WULW,Nitrite as N,2025-08-04 12:00:00.000+10:00,,mg/L,0.01,,,,,,,,,
WULE,Nitrite as N,2025-08-04 12:00:00.000+10:00,0.01,mg/L,0.01,,,,,,,,,
WULM,Total Kjeldahl Nitrogen as N,2025-08-04 12:00:00.000+10:00,0.4,mg/L,0.1,,,,,,,,,
WULE,Total Kjeldahl Nitrogen as N,2025-08-04 12:00:00.000+10:00,0.4,mg/L,0.1,,,,,,,,,
WULW,Total Kjeldahl Nitrogen as N,2025-08-04 12:00:00.000+10:00,0.5,mg/L,0.1,,,,,,,,,
WULE,Total Nitrogen as N,2025-08-04 12:00:00.000+10:00,0.5,mg/L,0.1,,,,,,,,,
WULM,Total Nitrogen as N,2025-08-04 12:00:00.000+10:00,0.5,mg/L,0.1,,,,,,,,,
WULW,Total Nitrogen as N,2025-08-04 12:00:00.000+10:00,0.6,mg/L,0.1,,,,,,,,,
WULE,Total Phosphorus as P,2025-08-04 12:00:00.000+10:00,0.02,mg/L,0.01,,,,,,,,,
WULW,Total Phosphorus as P,2025-08-04 12:00:00.000+10:00,0.02,mg/L,0.01,,,,,,,,,
WULM,Total Phosphorus as P,2025-08-04 12:00:00.000+10:00,0.02,mg/L,0.01,,,,,,,,,
WULM,Total suspended solids,2025-08-04 12:00:00.000+10:00,,mg/L,5,,,,,,,,,
WULE,Total suspended solids,2025-08-04 12:00:00.000+10:00,,mg/L,5,,,,,,,,,
WULW,Total suspended solids,2025-08-04 12:00:00.000+10:00,,mg/L,5,,,,,,,,,
WULM,Ammonia as N,2025-07-07 12:00:00.000+10:00,0.01,mg/L,0.01,,,,,,,,,
WULW,Ammonia as N,2025-07-07 12:00:00.000+10:00,0.08,mg/L,0.01,,,,,,,,,
WULE,Ammonia as N,2025-07-07 12:00:00.000+10:00,0.01,mg/L,0.01,,,,,,,,,
WULM,Dissolved Reactive Phosphorus as P,2025-07-07 12:00:00.000+10:00,,mg/L,0.01,,,,,,,,,
WULE,Dissolved Reactive Phosphorus as P,2025-07-07 12:00:00.000+10:00,,mg/L,0.01,,,,,,,,,
WULW,Dissolved Reactive Phosphorus as P,2025-07-07 12:00:00.000+10:00,,mg/L,0.01,,,,,,,,,
WULM,Nitrate as N,2025-07-07 12:00:00.000+10:00,0.04,mg/L,0.01,,,,,,,,,
WULE,Nitrate as N,2025-07-07 12:00:00.000+10:00,0.08,mg/L,0.01,,,,,,,,,
WULW,Nitrate as N,2025-07-07 12:00:00.000+10:00,0.11,mg/L,0.01,,,,,,,,,
WULW,Nitrite + Nitrate as N,2025-07-07 12:00:00.000+10:00,0.13,mg/L,0.01,,,,,,,,,
WULM,Nitrite + Nitrate as N,2025-07-07 12:00:00.000+10:00,0.06,mg/L,0.01,,,,,,,,,
WULE,Nitrite + Nitrate as N,2025-07-07 12:00:00.000+10:00,0.1,mg/L,0.01,,,,,,,,,
WULM,Nitrite as N,2025-07-07 12:00:00.000+10:00,0.02,mg/L,0.01,,,,,,,,,
WULW,Nitrite as N,2025-07-07 12:00:00.000+10:00,0.02,mg/L,0.01,,,,,,,,,
WULE,Nitrite as N,2025-07-07 12:00:00.000+10:00,0.02,mg/L,0.01,,,,,,,,,
WULW,Total Kjeldahl Nitrogen as N,2025-07-07 12:00:00.000+10:00,0.5,mg/L,0.1,,,,,,,,,
WULE,Total Kjeldahl Nitrogen as N,2025-07-07 12:00:00.000+10:00,0.8,mg/L,0.1,,,,,,,,,
WULM,Total Kjeldahl Nitrogen as N,2025-07-07 12:00:00.000+10:00,1,mg/L,0.1,,,,,,,,,
WULE,Total Nitrogen as N,2025-07-07 12:00:00.000+10:00,0.9,mg/L,0.1,,,,,,,,,
WULW,Total Nitrogen as N,2025-07-07 12:00:00.000+10:00,0.6,mg/L,0.1,,,,,,,,,
WULM,Total Nitrogen as N,2025-07-07 12:00:00.000+10:00,1.1,mg/L,0.1,,,,,,,,,
WULE,Total Phosphorus as P,2025-07-07 12:00:00.000+10:00,0.04,mg/L,0.01,,,,,,,,,
WULW,Total Phosphorus as P,2025-07-07 12:00:00.000+10:00,0.02,mg/L,0.01,,,,,,,,,
WULM,Total Phosphorus as P,2025-07-07 12:00:00.000+10:00,0.03,mg/L,0.01,,,,,,,,,
WULW,Total suspended solids,2025-07-07 12:00:00.000+10:00,,mg/L,5,,,,,,,,,
WULM,Total suspended solids,2025-07-07 12:00:00.000+10:00,,mg/L,5,,,,,,,,,
WULE,Total suspended solids,2025-07-07 12:00:00.000+10:00,,mg/L,5,,,,,,,,,
WULW,Ammonia as N,2025-06-02 12:00:00.000+10:00,0.02,mg/L,0.01,,,,,,,,,
WULE,Ammonia as N,2025-06-02 12:00:00.000+10:00,0.02,mg/L,0.01,,,,,,,,,
WULM,Ammonia as N,2025-06-02 12:00:00.000+10:00,0.19,mg/L,0.01,,,,,,,,,
WULW,Dissolved Reactive Phosphorus as P,2025-06-02 12:00:00.000+10:00,,mg/L,0.01,,,,,,,,,
WULM,Dissolved Reactive Phosphorus as P,2025-06-02 12:00:00.000+10:00,,mg/L,0.01,,,,,,,,,
WULE,Dissolved Reactive Phosphorus as P,2025-06-02 12:00:00.000+10:00,,mg/L,0.01,,,,,,,,,
WULM,Nitrate as N,2025-06-02 12:00:00.000+10:00,0.02,mg/L,0.01,,,,,,,,,
WULW,Nitrate as N,2025-06-02 12:00:00.000+10:00,0.02,mg/L,0.01,,,,,,,,,
WULE,Nitrate as N,2025-06-02 12:00:00.000+10:00,0.01,mg/L,0.01,,,,,,,,,
WULE,Nitrite + Nitrate as N,2025-06-02 12:00:00.000+10:00,0.01,mg/L,0.01,,,,,,,,,
WULW,Nitrite + Nitrate as N,2025-06-02 12:00:00.000+10:00,0.02,mg/L,0.01,,,,,,,,,
WULM,Nitrite + Nitrate as N,2025-06-02 12:00:00.000+10:00,0.02,mg/L,0.01,,,,,,,,,
WULM,Nitrite as N,2025-06-02 12:00:00.000+10:00,,mg/L,0.01,,,,,,,,,
WULE,Nitrite as N,2025-06-02 12:00:00.000+10:00,,mg/L,0.01,,,,,,,,,
WULW,Nitrite as N,2025-06-02 12:00:00.000+10:00,,mg/L,0.01,,,,,,,,,
WULW,Total Kjeldahl Nitrogen as N,2025-06-02 12:00:00.000+10:00,0.5,mg/L,0.1,,,,,,,,,
WULM,Total Kjeldahl Nitrogen as N,2025-06-02 12:00:00.000+10:00,0.6,mg/L,0.1,,,,,,,,,
WULE,Total Kjeldahl Nitrogen as N,2025-06-02 12:00:00.000+10:00,0.6,mg/L,0.1,,,,,,,,,
WULM,Total Nitrogen as N,2025-06-02 12:00:00.000+10:00,0.6,mg/L,0.1,,,,,,,,,
WULW,Total Nitrogen as N,2025-06-02 12:00:00.000+10:00,0.5,mg/L,0.1,,,,,,,,,
WULE,Total Nitrogen as N,2025-06-02 12:00:00.000+10:00,0.6,mg/L,0.1,,,,,,,,,
WULM,Total Phosphorus as P,2025-06-02 12:00:00.000+10:00,0.02,mg/L,0.01,,,,,,,,,
WULW,Total Phosphorus as P,2025-06-02 12:00:00.000+10:00,0.03,mg/L,0.01,,,,,,,,,
WULE,Total Phosphorus as P,2025-06-02 12:00:00.000+10:00,0.01,mg/L,0.01,,,,,,,,,
WULE,Total suspended solids,2025-06-02 12:00:00.000+10:00,7,mg/L,5,,,,,,,,,
WULM,Total suspended solids,2025-06-02 12:00:00.000+10:00,7,mg/L,5,,,,,,,,,
WULW,Total suspended solids,2025-06-02 12:00:00.000+10:00,5,mg/L,5,,,,,,,,,
WULE,Ammonia as N,2025-06-01 12:00:00.000+11:00,,mg/L,0.01,,,,,,,,,
WULM,Ammonia as N,2025-06-01 12:00:00.000+11:00,,mg/L,0.01,,,,,,,,,
WULW,Ammonia as N,2025-06-01 12:00:00.000+11:00,,mg/L,0.01,,,,,,,,,
WULW,Dissolved Reactive Phosphorus as P,2025-06-01 12:00:00.000+11:00,,mg/L,0.01,,,,,,,,,
WULE,Dissolved Reactive Phosphorus as P,2025-06-01 12:00:00.000+11:00,,mg/L,0.01,,,,,,,,,
WULM,Dissolved Reactive Phosphorus as P,2025-06-01 12:00:00.000+11:00,,mg/L,0.01,,,,,,,,,
WULM,Nitrate as N,2025-06-01 12:00:00.000+11:00,,mg/L,0.01,,,,,,,,,
WULE,Nitrate as N,2025-06-01 12:00:00.000+11:00,,mg/L,0.01,,,,,,,,,
WULW,Nitrate as N,2025-06-01 12:00:00.000+11:00,,mg/L,0.01,,,,,,,,,
WULM,Nitrite + Nitrate as N,2025-06-01 12:00:00.000+11:00,,mg/L,0.01,,,,,,,,,
WULW,Nitrite + Nitrate as N,2025-06-01 12:00:00.000+11:00,,mg/L,0.01,,,,,,,,,
WULE,Nitrite + Nitrate as N,2025-06-01 12:00:00.000+11:00,,mg/L,0.01,,,,,,,,,
WULM,Nitrite as N,2025-06-01 12:00:00.000+11:00,,mg/L,0.01,,,,,,,,,
WULE,Nitrite as N,2025-06-01 12:00:00.000+11:00,,mg/L,0.01,,,,,,,,,
WULW,Nitrite as N,2025-06-01 12:00:00.000+11:00,,mg/L,0.01,,,,,,,,,
WULW,Total Kjeldahl Nitrogen as N,2025-06-01 12:00:00.000+11:00,0.6,mg/L,0.1,,,,,,,,,
WULM,Total Kjeldahl Nitrogen as N,2025-06-01 12:00:00.000+11:00,0.6,mg/L,0.1,,,,,,,,,
WULE,Total Kjeldahl Nitrogen as N,2025-06-01 12:00:00.000+11:00,0.6,mg/L,0.1,,,,,,,,,
WULE,Total Nitrogen as N,2025-06-01 12:00:00.000+11:00,0.6,mg/L,0.1,,,,,,,,,
WULW,Total Nitrogen as N,2025-06-01 12:00:00.000+11:00,0.6,mg/L,0.1,,,,,,,,,
WULM,Total Nitrogen as N,2025-06-01 12:00:00.000+11:00,0.6,mg/L,0.1,,,,,,,,,
WULW,Total Phosphorus as P,2025-06-01 12:00:00.000+11:00,0.05,mg/L,0.01,,,,,,,,,
WULM,Total Phosphorus as P,2025-06-01 12:00:00.000+11:00,0.06,mg/L,0.01,,,,,,,,,
WULE,Total Phosphorus as P,2025-06-01 12:00:00.000+11:00,0.03,mg/L,0.01,,,,,,,,,
WULW,Total suspended solids,2025-06-01 12:00:00.000+11:00,,mg/L,5,,,,,,,,,
WULM,Total suspended solids,2025-06-01 12:00:00.000+11:00,,mg/L,5,,,,,,,,,
WULE,Total suspended solids,2025-06-01 12:00:00.000+11:00,,mg/L,5,,,,,,,,,
WULW,Ammonia as N,2025-05-12 12:00:00.000+10:00,0.04,mg/L,0.01,,,,,,,,,
WULM,Ammonia as N,2025-05-12 12:00:00.000+10:00,,mg/L,0.01,,,,,,,,,
WULE,Ammonia as N,2025-05-12 12:00:00.000+10:00,,mg/L,0.01,,,,,,,,,
WULE,Dissolved Reactive Phosphorus as P,2025-05-12 12:00:00.000+10:00,,mg/L,0.01,,,,,,,,,
WULM,Dissolved Reactive Phosphorus as P,2025-05-12 12:00:00.000+10:00,,mg/L,0.01,,,,,,,,,
WULW,Dissolved Reactive Phosphorus as P,2025-05-12 12:00:00.000+10:00,,mg/L,0.01,,,,,,,,,
WULM,Nitrate as N,2025-05-12 12:00:00.000+10:00,,mg/L,0.01,,,,,,,,,
WULW,Nitrate as N,2025-05-12 12:00:00.000+10:00,,mg/L,0.01,,,,,,,,,
WULE,Nitrate as N,2025-05-12 12:00:00.000+10:00,,mg/L,0.01,,,,,,,,,
WULW,Nitrite + Nitrate as N,2025-05-12 12:00:00.000+10:00,,mg/L,0.01,,,,,,,,,
WULM,Nitrite + Nitrate as N,2025-05-12 12:00:00.000+10:00,,mg/L,0.01,,,,,,,,,
WULE,Nitrite + Nitrate as N,2025-05-12 12:00:00.000+10:00,,mg/L,0.01,,,,,,,,,
WULM,Nitrite as N,2025-05-12 12:00:00.000+10:00,,mg/L,0.01,,,,,,,,,
WULE,Nitrite as N,2025-05-12 12:00:00.000+10:00,,mg/L,0.01,,,,,,,,,
WULW,Nitrite as N,2025-05-12 12:00:00.000+10:00,,mg/L,0.01,,,,,,,,,
WULW,Total Kjeldahl Nitrogen as N,2025-05-12 12:00:00.000+10:00,0.5,mg/L,0.1,,,,,,,,,
WULE,Total Kjeldahl Nitrogen as N,2025-05-12 12:00:00.000+10:00,0.5,mg/L,0.1,,,,,,,,,
WULM,Total Kjeldahl Nitrogen as N,2025-05-12 12:00:00.000+10:00,0.5,mg/L,0.1,,,,,,,,,
WULW,Total Nitrogen as N,2025-05-12 12:00:00.000+10:00,0.5,mg/L,0.1,,,,,,,,,
WULM,Total Nitrogen as N,2025-05-12 12:00:00.000+10:00,0.5,mg/L,0.1,,,,,,,,,
WULE,Total Nitrogen as N,2025-05-12 12:00:00.000+10:00,0.5,mg/L,0.1,,,,,,,,,
WULW,Total Phosphorus as P,2025-05-12 12:00:00.000+10:00,0.02,mg/L,0.01,,,,,,,,,
WULM,Total Phosphorus as P,2025-05-12 12:00:00.000+10:00,0.02,mg/L,0.01,,,,,,,,,
WULE,Total Phosphorus as P,2025-05-12 12:00:00.000+10:00,0.05,mg/L,0.01,,,,,,,,,
WULM,Total suspended solids,2025-05-12 12:00:00.000+10:00,,mg/L,5,,,,,,,,,
WULW,Total suspended solids,2025-05-12 12:00:00.000+10:00,,mg/L,5,,,,,,,,,
WULE,Total suspended solids,2025-05-12 12:00:00.000+10:00,,mg/L,5,,,,,,,,,
WULE,Ammonia as N,2025-04-28 12:00:00.000+10:00,0.06,mg/L,0.01,,,,,,,,,
WULW,Ammonia as N,2025-04-28 12:00:00.000+10:00,0.02,mg/L,0.01,,,,,,,,,
WULM,Ammonia as N,2025-04-28 12:00:00.000+10:00,0.02,mg/L,0.01,,,,,,,,,
WULM,Dissolved Reactive Phosphorus as P,2025-04-28 12:00:00.000+10:00,,mg/L,0.01,,,,,,,,,
WULE,Dissolved Reactive Phosphorus as P,2025-04-28 12:00:00.000+10:00,,mg/L,0.01,,,,,,,,,
WULW,Dissolved Reactive Phosphorus as P,2025-04-28 12:00:00.000+10:00,,mg/L,0.01,,,,,,,,,
WULW,Nitrate as N,2025-04-28 12:00:00.000+10:00,,mg/L,0.01,,,,,,,,,
WULE,Nitrate as N,2025-04-28 12:00:00.000+10:00,,mg/L,0.01,,,,,,,,,
WULM,Nitrate as N,2025-04-28 12:00:00.000+10:00,,mg/L,0.01,,,,,,,,,
WULM,Nitrite + Nitrate as N,2025-04-28 12:00:00.000+10:00,,mg/L,0.01,,,,,,,,,
WULE,Nitrite + Nitrate as N,2025-04-28 12:00:00.000+10:00,,mg/L,0.01,,,,,,,,,
WULW,Nitrite + Nitrate as N,2025-04-28 12:00:00.000+10:00,,mg/L,0.01,,,,,,,,,
WULW,Nitrite as N,2025-04-28 12:00:00.000+10:00,,mg/L,0.01,,,,,,,,,
WULM,Nitrite as N,2025-04-28 12:00:00.000+10:00,,mg/L,0.01,,,,,,,,,
WULE,Nitrite as N,2025-04-28 12:00:00.000+10:00,,mg/L,0.01,,,,,,,,,
WULE,Total Kjeldahl Nitrogen as N,2025-04-28 12:00:00.000+10:00,0.6,mg/L,0.1,,,,,,,,,
WULW,Total Kjeldahl Nitrogen as N,2025-04-28 12:00:00.000+10:00,0.6,mg/L,0.1,,,,,,,,,
WULM,Total Kjeldahl Nitrogen as N,2025-04-28 12:00:00.000+10:00,0.6,mg/L,0.1,,,,,,,,,
WULW,Total Nitrogen as N,2025-04-28 12:00:00.000+10:00,0.6,mg/L,0.1,,,,,,,,,
WULE,Total Nitrogen as N,2025-04-28 12:00:00.000+10:00,0.6,mg/L,0.1,,,,,,,,,
WULM,Total Nitrogen as N,2025-04-28 12:00:00.000+10:00,0.6,mg/L,0.1,,,,,,,,,
WULM,Total Phosphorus as P,2025-04-28 12:00:00.000+10:00,0.02,mg/L,0.01,,,,,,,,,
WULW,Total Phosphorus as P,2025-04-28 12:00:00.000+10:00,0.03,mg/L,0.01,,,,,,,,,
WULE,Total Phosphorus as P,2025-04-28 12:00:00.000+10:00,0.03,mg/L,0.01,,,,,,,,,
WULE,Total suspended solids,2025-04-28 12:00:00.000+10:00,,mg/L,5,,,,,,,,,
WULW,Total suspended solids,2025-04-28 12:00:00.000+10:00,,mg/L,5,,,,,,,,,
WULM,Total suspended solids,2025-04-28 12:00:00.000+10:00,,mg/L,5,,,,,,,,,
WULE,Ammonia as N,2025-04-14 12:00:00.000+10:00,0.01,mg/L,0.01,,,,,,,,,
WULM,Ammonia as N,2025-04-14 12:00:00.000+10:00,0.1,mg/L,0.01,,,,,,,,,
WULW,Ammonia as N,2025-04-14 12:00:00.000+10:00,0.02,mg/L,0.01,,,,,,,,,
WULW,Dissolved Reactive Phosphorus as P,2025-04-14 12:00:00.000+10:00,,mg/L,0.01,,,,,,,,,
WULE,Dissolved Reactive Phosphorus as P,2025-04-14 12:00:00.000+10:00,,mg/L,0.01,,,,,,,,,
WULM,Dissolved Reactive Phosphorus as P,2025-04-14 12:00:00.000+10:00,,mg/L,0.01,,,,,,,,,
WULW,Nitrate as N,2025-04-14 12:00:00.000+10:00,,mg/L,0.01,,,,,,,,,
WULM,Nitrate as N,2025-04-14 12:00:00.000+10:00,,mg/L,0.01,,,,,,,,,
WULE,Nitrate as N,2025-04-14 12:00:00.000+10:00,,mg/L,0.01,,,,,,,,,
WULM,Nitrite + Nitrate as N,2025-04-14 12:00:00.000+10:00,,mg/L,0.01,,,,,,,,,
WULE,Nitrite + Nitrate as N,2025-04-14 12:00:00.000+10:00,,mg/L,0.01,,,,,,,,,
WULW,Nitrite + Nitrate as N,2025-04-14 12:00:00.000+10:00,,mg/L,0.01,,,,,,,,,
WULW,Nitrite as N,2025-04-14 12:00:00.000+10:00,,mg/L,0.01,,,,,,,,,
WULM,Nitrite as N,2025-04-14 12:00:00.000+10:00,,mg/L,0.01,,,,,,,,,
WULE,Nitrite as N,2025-04-14 12:00:00.000+10:00,,mg/L,0.01,,,,,,,,,
WULE,Total Kjeldahl Nitrogen as N,2025-04-14 12:00:00.000+10:00,0.8,mg/L,0.1,,,,,,,,,
WULM,Total Kjeldahl Nitrogen as N,2025-04-14 12:00:00.000+10:00,2.1,mg/L,0.1,,,,,,,,,
WULW,Total Kjeldahl Nitrogen as N,2025-04-14 12:00:00.000+10:00,0.9,mg/L,0.1,,,,,,,,,
WULE,Total Nitrogen as N,2025-04-14 12:00:00.000+10:00,0.8,mg/L,0.1,,,,,,,,,
WULM,Total Nitrogen as N,2025-04-14 12:00:00.000+10:00,2.1,mg/L,0.1,,,,,,,,,
WULW,Total Nitrogen as N,2025-04-14 12:00:00.000+10:00,0.9,mg/L,0.1,,,,,,,,,
WULM,Total Phosphorus as P,2025-04-14 12:00:00.000+10:00,0.04,mg/L,0.01,,,,,,,,,
WULW,Total Phosphorus as P,2025-04-14 12:00:00.000+10:00,0.04,mg/L,0.01,,,,,,,,,
WULE,Total Phosphorus as P,2025-04-14 12:00:00.000+10:00,0.04,mg/L,0.01,,,,,,,,,
WULM,Total suspended solids,2025-04-14 12:00:00.000+10:00,8,mg/L,5,,,,,,,,,
WULE,Total suspended solids,2025-04-14 12:00:00.000+10:00,6,mg/L,5,,,,,,,,,
WULW,Total suspended solids,2025-04-14 12:00:00.000+10:00,7,mg/L,5,,,,,,,,,
WULM,Ammonia as N,2025-03-31 12:00:00.000+10:00,0.04,mg/L,0.01,,,,,,,,,
WULE,Ammonia as N,2025-03-31 12:00:00.000+10:00,0.06,mg/L,0.01,,,,,,,,,
WULW,Ammonia as N,2025-03-31 12:00:00.000+10:00,0.02,mg/L,0.01,,,,,,,,,
WULW,Dissolved Reactive Phosphorus as P,2025-03-31 12:00:00.000+10:00,,mg/L,0.01,,,,,,,,,
WULE,Dissolved Reactive Phosphorus as P,2025-03-31 12:00:00.000+10:00,,mg/L,0.01,,,,,,,,,
WULM,Dissolved Reactive Phosphorus as P,2025-03-31 12:00:00.000+10:00,,mg/L,0.01,,,,,,,,,
WULM,Nitrate as N,2025-03-31 12:00:00.000+10:00,,mg/L,0.01,,,,,,,,,
WULW,Nitrate as N,2025-03-31 12:00:00.000+10:00,,mg/L,0.01,,,,,,,,,
WULE,Nitrate as N,2025-03-31 12:00:00.000+10:00,,mg/L,0.01,,,,,,,,,
WULE,Nitrite + Nitrate as N,2025-03-31 12:00:00.000+10:00,,mg/L,0.01,,,,,,,,,
WULM,Nitrite + Nitrate as N,2025-03-31 12:00:00.000+10:00,,mg/L,0.01,,,,,,,,,
WULW,Nitrite + Nitrate as N,2025-03-31 12:00:00.000+10:00,,mg/L,0.01,,,,,,,,,
WULE,Nitrite as N,2025-03-31 12:00:00.000+10:00,,mg/L,0.01,,,,,,,,,
WULM,Nitrite as N,2025-03-31 12:00:00.000+10:00,,mg/L,0.01,,,,,,,,,
WULW,Nitrite as N,2025-03-31 12:00:00.000+10:00,,mg/L,0.01,,,,,,,,,
WULW,Total Kjeldahl Nitrogen as N,2025-03-31 12:00:00.000+10:00,0.4,mg/L,0.1,,,,,,,,,
WULM,Total Kjeldahl Nitrogen as N,2025-03-31 12:00:00.000+10:00,0.4,mg/L,0.1,,,,,,,,,
WULE,Total Kjeldahl Nitrogen as N,2025-03-31 12:00:00.000+10:00,0.5,mg/L,0.1,,,,,,,,,
WULE,Total Nitrogen as N,2025-03-31 12:00:00.000+10:00,0.5,mg/L,0.1,,,,,,,,,
WULW,Total Nitrogen as N,2025-03-31 12:00:00.000+10:00,0.4,mg/L,0.1,,,,,,,,,
WULM,Total Nitrogen as N,2025-03-31 12:00:00.000+10:00,0.4,mg/L,0.1,,,,,,,,,
WULW,Total Phosphorus as P,2025-03-31 12:00:00.000+10:00,0.02,mg/L,0.01,,,,,,,,,
WULM,Total Phosphorus as P,2025-03-31 12:00:00.000+10:00,0.02,mg/L,0.01,,,,,,,,,
WULE,Total Phosphorus as P,2025-03-31 12:00:00.000+10:00,0.03,mg/L,0.01,,,,,,,,,
WULE,Total suspended solids,2025-03-31 12:00:00.000+10:00,,mg/L,5,,,,,,,,,
WULM,Total suspended solids,2025-03-31 12:00:00.000+10:00,,mg/L,5,,,,,,,,,
WULW,Total suspended solids,2025-03-31 12:00:00.000+10:00,,mg/L,5,,,,,,,,,
WULE,Ammonia as N,2025-03-17 12:00:00.000+10:00,0.01,mg/L,0.01,,,,,,,,,
WULW,Ammonia as N,2025-03-17 12:00:00.000+10:00,,mg/L,0.1,,,,,,,,,
WULM,Ammonia as N,2025-03-17 12:00:00.000+10:00,0.01,mg/L,0.01,,,,,,,,,
WULW,Dissolved Reactive Phosphorus as P,2025-03-17 12:00:00.000+10:00,,mg/L,0.01,,,,,,,,,
WULE,Dissolved Reactive Phosphorus as P,2025-03-17 12:00:00.000+10:00,,mg/L,0.01,,,,,,,,,
WULM,Dissolved Reactive Phosphorus as P,2025-03-17 12:00:00.000+10:00,,mg/L,0.01,,,,,,,,,
WULM,Nitrate as N,2025-03-17 12:00:00.000+10:00,,mg/L,0.01,,,,,,,,,
WULE,Nitrate as N,2025-03-17 12:00:00.000+10:00,,mg/L,0.01,,,,,,,,,
WULW,Nitrate as N,2025-03-17 12:00:00.000+10:00,,mg/L,0.01,,,,,,,,,
WULW,Nitrite + Nitrate as N,2025-03-17 12:00:00.000+10:00,,mg/L,0.01,,,,,,,,,
WULM,Nitrite + Nitrate as N,2025-03-17 12:00:00.000+10:00,,mg/L,0.01,,,,,,,,,
WULE,Nitrite + Nitrate as N,2025-03-17 12:00:00.000+10:00,,mg/L,0.01,,,,,,,,,
WULE,Nitrite as N,2025-03-17 12:00:00.000+10:00,,mg/L,0.01,,,,,,,,,
WULM,Nitrite as N,2025-03-17 12:00:00.000+10:00,,mg/L,0.01,,,,,,,,,
WULW,Nitrite as N,2025-03-17 12:00:00.000+10:00,,mg/L,0.01,,,,,,,,,
WULE,Total Kjeldahl Nitrogen as N,2025-03-17 12:00:00.000+10:00,0.5,mg/L,0.1,,,,,,,,,
WULM,Total Kjeldahl Nitrogen as N,2025-03-17 12:00:00.000+10:00,0.6,mg/L,0.1,,,,,,,,,
WULW,Total Kjeldahl Nitrogen as N,2025-03-17 12:00:00.000+10:00,0.6,mg/L,0.1,,,,,,,,,
WULE,Total Nitrogen as N,2025-03-17 12:00:00.000+10:00,0.5,mg/L,0.1,,,,,,,,,
WULW,Total Nitrogen as N,2025-03-17 12:00:00.000+10:00,0.6,mg/L,0.1,,,,,,,,,
WULM,Total Nitrogen as N,2025-03-17 12:00:00.000+10:00,0.6,mg/L,0.1,,,,,,,,,
WULE,Total Phosphorus as P,2025-03-17 12:00:00.000+10:00,0.05,mg/L,0.01,,,,,,,,,
WULM,Total Phosphorus as P,2025-03-17 12:00:00.000+10:00,0.05,mg/L,0.01,,,,,,,,,
WULW,Total Phosphorus as P,2025-03-17 12:00:00.000+10:00,0.03,mg/L,0.01,,,,,,,,,
WULM,Total suspended solids,2025-03-17 12:00:00.000+10:00,,mg/L,5,,,,,,,,,
WULW,Total suspended solids,2025-03-17 12:00:00.000+10:00,6,mg/L,5,,,,,,,,,
WULE,Total suspended solids,2025-03-17 12:00:00.000+10:00,6,mg/L,5,,,,,,,,,
WULW,Ammonia as N,2025-03-03 12:00:00.000+10:00,0.01,mg/L,0.01,,,,,,,,,
WULE,Ammonia as N,2025-03-03 12:00:00.000+10:00,0.01,mg/L,0.01,,,,,,,,,
WULM,Ammonia as N,2025-03-03 12:00:00.000+10:00,,mg/L,0.01,,,,,,,,,
WULE,Dissolved Reactive Phosphorus as P,2025-03-03 12:00:00.000+10:00,,mg/L,0.01,,,,,,,,,
WULW,Dissolved Reactive Phosphorus as P,2025-03-03 12:00:00.000+10:00,,mg/L,0.01,,,,,,,,,
WULM,Dissolved Reactive Phosphorus as P,2025-03-03 12:00:00.000+10:00,,mg/L,0.01,,,,,,,,,
WULM,Nitrate as N,2025-03-03 12:00:00.000+10:00,,mg/L,0.01,,,,,,,,,
WULW,Nitrate as N,2025-03-03 12:00:00.000+10:00,,mg/L,0.01,,,,,,,,,
WULE,Nitrate as N,2025-03-03 12:00:00.000+10:00,,mg/L,0.01,,,,,,,,,
WULE,Nitrite + Nitrate as N,2025-03-03 12:00:00.000+10:00,,mg/L,0.01,,,,,,,,,
WULM,Nitrite + Nitrate as N,2025-03-03 12:00:00.000+10:00,,mg/L,0.01,,,,,,,,,
WULW,Nitrite + Nitrate as N,2025-03-03 12:00:00.000+10:00,,mg/L,0.01,,,,,,,,,
WULE,Nitrite as N,2025-03-03 12:00:00.000+10:00,,mg/L,0.01,,,,,,,,,
WULW,Nitrite as N,2025-03-03 12:00:00.000+10:00,,mg/L,0.01,,,,,,,,,
WULM,Nitrite as N,2025-03-03 12:00:00.000+10:00,,mg/L,0.01,,,,,,,,,
WULW,Total Kjeldahl Nitrogen as N,2025-03-03 12:00:00.000+10:00,0.5,mg/L,0.1,,,,,,,,,
WULM,Total Kjeldahl Nitrogen as N,2025-03-03 12:00:00.000+10:00,0.4,mg/L,0.1,,,,,,,,,
WULE,Total Kjeldahl Nitrogen as N,2025-03-03 12:00:00.000+10:00,0.4,mg/L,0.1,,,,,,,,,
WULW,Total Nitrogen as N,2025-03-03 12:00:00.000+10:00,0.5,mg/L,0.1,,,,,,,,,
WULE,Total Nitrogen as N,2025-03-03 12:00:00.000+10:00,0.4,mg/L,0.1,,,,,,,,,
WULM,Total Nitrogen as N,2025-03-03 12:00:00.000+10:00,0.4,mg/L,0.1,,,,,,,,,
WULW,Total Phosphorus as P,2025-03-03 12:00:00.000+10:00,,mg/L,0.01,,,,,,,,,
WULM,Total Phosphorus as P,2025-03-03 12:00:00.000+10:00,,mg/L,0.01,,,,,,,,,
WULE,Total Phosphorus as P,2025-03-03 12:00:00.000+10:00,,mg/L,0.01,,,,,,,,,
WULE,Total suspended solids,2025-03-03 12:00:00.000+10:00,6,mg/L,5,,,,,,,,,
WULW,Total suspended solids,2025-03-03 12:00:00.000+10:00,,mg/L,5,,,,,,,,,
WULM,Total suspended solids,2025-03-03 12:00:00.000+10:00,5,mg/L,5,,,,,,,,,
WULM,Ammonia as N,2025-03-02 12:00:00.000+11:00,0.02,mg/L,0.01,,,,,,,,,
WULW,Ammonia as N,2025-03-02 12:00:00.000+11:00,0.06,mg/L,0.01,,,,,,,,,
WULE,Ammonia as N,2025-03-02 12:00:00.000+11:00,0.02,mg/L,0.01,,,,,,,,,
WULM,Dissolved Reactive Phosphorus as P,2025-03-02 12:00:00.000+11:00,,mg/L,0.01,,,,,,,,,
WULE,Dissolved Reactive Phosphorus as P,2025-03-02 12:00:00.000+11:00,,mg/L,0.01,,,,,,,,,
WULW,Dissolved Reactive Phosphorus as P,2025-03-02 12:00:00.000+11:00,,mg/L,0.01,,,,,,,,,
WULE,Nitrate as N,2025-03-02 12:00:00.000+11:00,,mg/L,0.01,,,,,,,,,
WULW,Nitrate as N,2025-03-02 12:00:00.000+11:00,,mg/L,0.01,,,,,,,,,
WULM,Nitrate as N,2025-03-02 12:00:00.000+11:00,,mg/L,0.01,,,,,,,,,
WULW,Nitrite + Nitrate as N,2025-03-02 12:00:00.000+11:00,,mg/L,0.01,,,,,,,,,
WULM,Nitrite + Nitrate as N,2025-03-02 12:00:00.000+11:00,,mg/L,0.01,,,,,,,,,
WULE,Nitrite + Nitrate as N,2025-03-02 12:00:00.000+11:00,,mg/L,0.01,,,,,,,,,
WULM,Nitrite as N,2025-03-02 12:00:00.000+11:00,,mg/L,0.01,,,,,,,,,
WULW,Nitrite as N,2025-03-02 12:00:00.000+11:00,,mg/L,0.01,,,,,,,,,
WULE,Nitrite as N,2025-03-02 12:00:00.000+11:00,,mg/L,0.01,,,,,,,,,
WULM,Total Kjeldahl Nitrogen as N,2025-03-02 12:00:00.000+11:00,0.5,mg/L,0.1,,,,,,,,,
WULW,Total Kjeldahl Nitrogen as N,2025-03-02 12:00:00.000+11:00,0.5,mg/L,0.1,,,,,,,,,
WULE,Total Kjeldahl Nitrogen as N,2025-03-02 12:00:00.000+11:00,0.5,mg/L,0.1,,,,,,,,,
WULW,Total Nitrogen as N,2025-03-02 12:00:00.000+11:00,0.5,mg/L,0.1,,,,,,,,,
WULM,Total Nitrogen as N,2025-03-02 12:00:00.000+11:00,0.5,mg/L,0.1,,,,,,,,,
WULE,Total Nitrogen as N,2025-03-02 12:00:00.000+11:00,0.5,mg/L,0.1,,,,,,,,,
WULM,Total Phosphorus as P,2025-03-02 12:00:00.000+11:00,0.04,mg/L,0.01,,,,,,,,,
WULE,Total Phosphorus as P,2025-03-02 12:00:00.000+11:00,0.03,mg/L,0.01,,,,,,,,,
WULW,Total Phosphorus as P,2025-03-02 12:00:00.000+11:00,0.02,mg/L,0.01,,,,,,,,,
WULW,Total suspended solids,2025-03-02 12:00:00.000+11:00,,mg/L,5,,,,,,,,,
WULM,Total suspended solids,2025-03-02 12:00:00.000+11:00,,mg/L,5,,,,,,,,,
WULE,Total suspended solids,2025-03-02 12:00:00.000+11:00,,mg/L,5,,,,,,,,,
WULM,Ammonia as N,2025-02-17 12:00:00.000+10:00,0.01,mg/L,0.01,,,,,,,,,
WULE,Ammonia as N,2025-02-17 12:00:00.000+10:00,0.05,mg/L,0.01,,,,,,,,,
WULW,Ammonia as N,2025-02-17 12:00:00.000+10:00,0.01,mg/L,0.01,,,,,,,,,
WULE,Dissolved Reactive Phosphorus as P,2025-02-17 12:00:00.000+10:00,,mg/L,0.01,,,,,,,,,
WULW,Dissolved Reactive Phosphorus as P,2025-02-17 12:00:00.000+10:00,,mg/L,0.01,,,,,,,,,
WULM,Dissolved Reactive Phosphorus as P,2025-02-17 12:00:00.000+10:00,,mg/L,0.01,,,,,,,,,
WULE,Nitrate as N,2025-02-17 12:00:00.000+10:00,0.02,mg/L,0.01,,,,,,,,,
WULW,Nitrate as N,2025-02-17 12:00:00.000+10:00,0.02,mg/L,0.01,,,,,,,,,
WULM,Nitrate as N,2025-02-17 12:00:00.000+10:00,0.02,mg/L,0.01,,,,,,,,,
WULM,Nitrite + Nitrate as N,2025-02-17 12:00:00.000+10:00,0.02,mg/L,0.01,,,,,,,,,
WULW,Nitrite + Nitrate as N,2025-02-17 12:00:00.000+10:00,0.02,mg/L,0.01,,,,,,,,,
WULE,Nitrite + Nitrate as N,2025-02-17 12:00:00.000+10:00,0.02,mg/L,0.01,,,,,,,,,
WULW,Nitrite as N,2025-02-17 12:00:00.000+10:00,,mg/L,0.01,,,,,,,,,
WULM,Nitrite as N,2025-02-17 12:00:00.000+10:00,,mg/L,0.01,,,,,,,,,
WULE,Nitrite as N,2025-02-17 12:00:00.000+10:00,,mg/L,0.01,,,,,,,,,
WULM,Total Kjeldahl Nitrogen as N,2025-02-17 12:00:00.000+10:00,0.5,mg/L,0.1,,,,,,,,,
WULW,Total Kjeldahl Nitrogen as N,2025-02-17 12:00:00.000+10:00,0.5,mg/L,0.1,,,,,,,,,
WULE,Total Kjeldahl Nitrogen as N,2025-02-17 12:00:00.000+10:00,0.5,mg/L,0.1,,,,,,,,,
WULW,Total Nitrogen as N,2025-02-17 12:00:00.000+10:00,0.5,mg/L,0.1,,,,,,,,,
WULE,Total Nitrogen as N,2025-02-17 12:00:00.000+10:00,0.5,mg/L,0.1,,,,,,,,,
WULM,Total Nitrogen as N,2025-02-17 12:00:00.000+10:00,0.5,mg/L,0.1,,,,,,,,,
WULM,Total Phosphorus as P,2025-02-17 12:00:00.000+10:00,0.04,mg/L,0.01,,,,,,,,,
WULE,Total Phosphorus as P,2025-02-17 12:00:00.000+10:00,0.03,mg/L,0.01,,,,,,,,,
WULW,Total Phosphorus as P,2025-02-17 12:00:00.000+10:00,0.02,mg/L,0.01,,,,,,,,,
WULE,Total suspended solids,2025-02-17 12:00:00.000+10:00,,mg/L,5,,,,,,,,,
WULW,Total suspended solids,2025-02-17 12:00:00.000+10:00,,mg/L,5,,,,,,,,,
WULM,Total suspended solids,2025-02-17 12:00:00.000+10:00,,mg/L,5,,,,,,,,,
WULW,Ammonia as N,2025-02-03 12:00:00.000+10:00,0.06,mg/L,0.01,,,,,,,,,
WULM,Ammonia as N,2025-02-03 12:00:00.000+10:00,0.02,mg/L,0.01,,,,,,,,,
WULE,Ammonia as N,2025-02-03 12:00:00.000+10:00,0.02,mg/L,0.01,,,,,,,,,
WULE,Dissolved Reactive Phosphorus as P,2025-02-03 12:00:00.000+10:00,,mg/L,0.01,,,,,,,,,
WULM,Dissolved Reactive Phosphorus as P,2025-02-03 12:00:00.000+10:00,,mg/L,0.01,,,,,,,,,
WULW,Dissolved Reactive Phosphorus as P,2025-02-03 12:00:00.000+10:00,,mg/L,0.01,,,,,,,,,
WULM,Nitrate as N,2025-02-03 12:00:00.000+10:00,,mg/L,0.01,,,,,,,,,
WULE,Nitrate as N,2025-02-03 12:00:00.000+10:00,,mg/L,0.01,,,,,,,,,
WULW,Nitrate as N,2025-02-03 12:00:00.000+10:00,,mg/L,0.01,,,,,,,,,
WULE,Nitrite + Nitrate as N,2025-02-03 12:00:00.000+10:00,,mg/L,0.01,,,,,,,,,
WULM,Nitrite + Nitrate as N,2025-02-03 12:00:00.000+10:00,,mg/L,0.01,,,,,,,,,
WULW,Nitrite + Nitrate as N,2025-02-03 12:00:00.000+10:00,,mg/L,0.01,,,,,,,,,
WULM,Nitrite as N,2025-02-03 12:00:00.000+10:00,,mg/L,0.01,,,,,,,,,
WULE,Nitrite as N,2025-02-03 12:00:00.000+10:00,,mg/L,0.01,,,,,,,,,
WULW,Nitrite as N,2025-02-03 12:00:00.000+10:00,,mg/L,0.01,,,,,,,,,
WULW,Total Kjeldahl Nitrogen as N,2025-02-03 12:00:00.000+10:00,0.5,mg/L,0.1,,,,,,,,,
WULE,Total Kjeldahl Nitrogen as N,2025-02-03 12:00:00.000+10:00,0.5,mg/L,0.1,,,,,,,,,
WULM,Total Kjeldahl Nitrogen as N,2025-02-03 12:00:00.000+10:00,0.5,mg/L,0.1,,,,,,,,,
WULM,Total Nitrogen as N,2025-02-03 12:00:00.000+10:00,0.5,mg/L,0.1,,,,,,,,,
WULE,Total Nitrogen as N,2025-02-03 12:00:00.000+10:00,0.5,mg/L,0.1,,,,,,,,,
WULW,Total Nitrogen as N,2025-02-03 12:00:00.000+10:00,0.5,mg/L,0.1,,,,,,,,,
WULW,Total Phosphorus as P,2025-02-03 12:00:00.000+10:00,0.02,mg/L,0.01,,,,,,,,,
WULE,Total Phosphorus as P,2025-02-03 12:00:00.000+10:00,0.03,mg/L,0.01,,,,,,,,,
WULM,Total Phosphorus as P,2025-02-03 12:00:00.000+10:00,0.04,mg/L,0.01,,,,,,,,,
WULE,Total suspended solids,2025-02-03 12:00:00.000+10:00,,mg/L,5,,,,,,,,,
WULW,Total suspended solids,2025-02-03 12:00:00.000+10:00,,mg/L,5,,,,,,,,,
WULM,Total suspended solids,2025-02-03 12:00:00.000+10:00,,mg/L,5,,,,,,,,,
WULE,Coccoid Blue Green Picoplankton_Biovolume,2025-01-28 09:50:00.000+11:00,0.142,mm3/l,,,,,,,,,,
WULE,Coccoid Blue Green Picoplankton_Cell count,2025-01-28 09:50:00.000+11:00,315281,cells/ml,,,,,,,,,,
WULE,Cyanobacteria Biovolume,2025-01-28 09:50:00.000+11:00,0.523,mm3/l,,,,,,,,,,
WULE,Enterococci,2025-01-28 09:50:00.000+11:00,1,cfu/100ml,,,,,,,,,,
WULE,Microcystis_Biovolume,2025-01-28 09:50:00.000+11:00,0.025,mm3/l,,,,,,,,,,
WULE,Microcystis_Cell count,2025-01-28 09:50:00.000+11:00,973,cells/ml,,,,,,,,,,
WULE,Potentially Toxic Cyanobacteria,2025-01-28 09:50:00.000+11:00,8260,cells/ml,,,,,,,,,,
WULE,Potentially Toxic Cyanobacteria Biovolume,2025-01-28 09:50:00.000+11:00,0.372,mm3/l,,,,,,,,,,
WULE,Pseudanabaena_Biovolume,2025-01-28 09:50:00.000+11:00,0.009,mm3/l,,,,,,,,,,
WULE,Pseudanabaena_Cell count,2025-01-28 09:50:00.000+11:00,948,cells/ml,,,,,,,,,,
WULE,Raphidiopsis raciborskii_Biovolume,2025-01-28 09:50:00.000+11:00,0.113,mm3/l,,,,,,,,,,
WULE,Raphidiopsis raciborskii_Cell count,2025-01-28 09:50:00.000+11:00,3860,cells/ml,,,,,,,,,,
WULE,Total Cyanobacteria,2025-01-28 09:50:00.000+11:00,324500,cells/ml,,,,,,,,,,
WULE,Umezakia ovalisporum_Biovolume,2025-01-28 09:50:00.000+11:00,0.234,mm3/l,,,,,,,,,,
WULE,Umezakia ovalisporum_Cell count,2025-01-28 09:50:00.000+11:00,3425,cells/ml,,,,,,,,,,
WULM,Coccoid Blue Green Picoplankton_Biovolume,2025-01-28 09:40:00.000+11:00,0.132,mm3/l,,,,,,,,,,
WULM,Coccoid Blue Green Picoplankton_Cell count,2025-01-28 09:40:00.000+11:00,293234,cells/ml,,,,,,,,,,
WULM,Cyanobacteria Biovolume,2025-01-28 09:40:00.000+11:00,0.871,mm3/l,,,,,,,,,,
WULM,Enterococci,2025-01-28 09:40:00.000+11:00,2,cfu/100ml,,,,,,,,,,
WULM,Microcystis_Biovolume,2025-01-28 09:40:00.000+11:00,0.101,mm3/l,,,,,,,,,,
WULM,Microcystis_Cell count,2025-01-28 09:40:00.000+11:00,3906,cells/ml,,,,,,,,,,
WULM,Non toxic Aphanizomenonaceae_Biovolume,2025-01-28 09:40:00.000+11:00,0.07,mm3/l,,,,,,,,,,
WULM,Non toxic Aphanizomenonaceae_Cell count,2025-01-28 09:40:00.000+11:00,1582,cells/ml,,,,,,,,,,
WULM,Potentially Toxic Cyanobacteria,2025-01-28 09:40:00.000+11:00,14690,cells/ml,,,,,,,,,,
WULM,Potentially Toxic Cyanobacteria Biovolume,2025-01-28 09:40:00.000+11:00,0.659,mm3/l,,,,,,,,,,
WULM,Pseudanabaena_Biovolume,2025-01-28 09:40:00.000+11:00,0.01,mm3/l,,,,,,,,,,
WULM,Pseudanabaena_Cell count,2025-01-28 09:40:00.000+11:00,1070,cells/ml,,,,,,,,,,
WULM,Raphidiopsis mediterranea_Biovolume,2025-01-28 09:40:00.000+11:00,0.178,mm3/l,,,,,,,,,,
WULM,Raphidiopsis mediterranea_Cell count,2025-01-28 09:40:00.000+11:00,2651,cells/ml,,,,,,,,,,
WULM,Raphidiopsis raciborskii_Biovolume,2025-01-28 09:40:00.000+11:00,0.131,mm3/l,,,,,,,,,,
WULM,Raphidiopsis raciborskii_Cell count,2025-01-28 09:40:00.000+11:00,4496,cells/ml,,,,,,,,,,
WULM,Total Cyanobacteria,2025-01-28 09:40:00.000+11:00,310600,cells/ml,,,,,,,,,,
WULM,Umezakia ovalisporum_Biovolume,2025-01-28 09:40:00.000+11:00,0.249,mm3/l,,,,,,,,,,
WULM,Umezakia ovalisporum_Cell count,2025-01-28 09:40:00.000+11:00,3640,cells/ml,,,,,,,,,,
WULW,Coccoid Blue Green Picoplankton_Biovolume,2025-01-28 09:30:00.000+11:00,0.067,mm3/l,,,,,,,,,,
WULW,Coccoid Blue Green Picoplankton_Cell count,2025-01-28 09:30:00.000+11:00,148980,cells/ml,,,,,,,,,,
WULW,Cyanobacteria Biovolume,2025-01-28 09:30:00.000+11:00,0.312,mm3/l,,,,,,,,,,
WULW,Enterococci,2025-01-28 09:30:00.000+11:00,2,cfu/100ml,,,,,,,,,,
WULW,Microcystis_Biovolume,2025-01-28 09:30:00.000+11:00,0.02,mm3/l,,,,,,,,,,
WULW,Microcystis_Cell count,2025-01-28 09:30:00.000+11:00,796,cells/ml,,,,,,,,,,
WULW,Potentially Toxic Cyanobacteria,2025-01-28 09:30:00.000+11:00,5820,cells/ml,,,,,,,,,,
WULW,Potentially Toxic Cyanobacteria Biovolume,2025-01-28 09:30:00.000+11:00,0.233,mm3/l,,,,,,,,,,
WULW,Pseudanabaena_Biovolume,2025-01-28 09:30:00.000+11:00,0.002,mm3/l,,,,,,,,,,
WULW,Pseudanabaena_Cell count,2025-01-28 09:30:00.000+11:00,238,cells/ml,,,,,,,,,,
WULW,Raphidiopsis raciborskii_Biovolume,2025-01-28 09:30:00.000+11:00,0.097,mm3/l,,,,,,,,,,
WULW,Raphidiopsis raciborskii_Cell count,2025-01-28 09:30:00.000+11:00,3325,cells/ml,,,,,,,,,,
WULW,Snowella_Biovolume,2025-01-28 09:30:00.000+11:00,0.01,mm3/l,,,,,,,,,,
WULW,Snowella_Cell count,2025-01-28 09:30:00.000+11:00,1361,cells/ml,,,,,,,,,,
WULW,Total Cyanobacteria,2025-01-28 09:30:00.000+11:00,156400,cells/ml,,,,,,,,,,
WULW,Umezakia ovalisporum_Biovolume,2025-01-28 09:30:00.000+11:00,0.116,mm3/l,,,,,,,,,,
WULW,Umezakia ovalisporum_Cell count,2025-01-28 09:30:00.000+11:00,1699,cells/ml,,,,,,,,,,
WULE,Ammonia as N,2025-01-20 12:00:00.000+10:00,0.03,mg/L,0.01,,,,,,,,,
WULW,Ammonia as N,2025-01-20 12:00:00.000+10:00,0.04,mg/L,0.01,,,,,,,,,
WULM,Ammonia as N,2025-01-20 12:00:00.000+10:00,0.01,mg/L,0.01,,,,,,,,,
WULM,Dissolved Reactive Phosphorus as P,2025-01-20 12:00:00.000+10:00,,mg/L,0.01,,,,,,,,,
WULE,Dissolved Reactive Phosphorus as P,2025-01-20 12:00:00.000+10:00,,mg/L,0.01,,,,,,,,,
WULW,Dissolved Reactive Phosphorus as P,2025-01-20 12:00:00.000+10:00,,mg/L,0.01,,,,,,,,,
WULW,Nitrate as N,2025-01-20 12:00:00.000+10:00,,mg/L,0.01,,,,,,,,,
WULM,Nitrate as N,2025-01-20 12:00:00.000+10:00,,mg/L,0.01,,,,,,,,,
WULE,Nitrate as N,2025-01-20 12:00:00.000+10:00,,mg/L,0.01,,,,,,,,,
WULE,Nitrite + Nitrate as N,2025-01-20 12:00:00.000+10:00,,mg/L,0.01,,,,,,,,,
WULW,Nitrite + Nitrate as N,2025-01-20 12:00:00.000+10:00,,mg/L,0.01,,,,,,,,,
WULM,Nitrite + Nitrate as N,2025-01-20 12:00:00.000+10:00,,mg/L,0.01,,,,,,,,,
WULM,Nitrite as N,2025-01-20 12:00:00.000+10:00,,mg/L,0.01,,,,,,,,,
WULE,Nitrite as N,2025-01-20 12:00:00.000+10:00,,mg/L,0.01,,,,,,,,,
WULW,Nitrite as N,2025-01-20 12:00:00.000+10:00,,mg/L,0.01,,,,,,,,,
WULE,Total Kjeldahl Nitrogen as N,2025-01-20 12:00:00.000+10:00,0.4,mg/L,0.1,,,,,,,,,
WULW,Total Kjeldahl Nitrogen as N,2025-01-20 12:00:00.000+10:00,0.5,mg/L,0.1,,,,,,,,,
WULM,Total Kjeldahl Nitrogen as N,2025-01-20 12:00:00.000+10:00,0.4,mg/L,0.1,,,,,,,,,
WULE,Total Nitrogen as N,2025-01-20 12:00:00.000+10:00,0.4,mg/L,0.1,,,,,,,,,
WULM,Total Nitrogen as N,2025-01-20 12:00:00.000+10:00,0.4,mg/L,0.1,,,,,,,,,
WULW,Total Nitrogen as N,2025-01-20 12:00:00.000+10:00,0.5,mg/L,0.1,,,,,,,,,
WULE,Total Phosphorus as P,2025-01-20 12:00:00.000+10:00,0.03,mg/L,0.01,,,,,,,,,
WULM,Total Phosphorus as P,2025-01-20 12:00:00.000+10:00,0.05,mg/L,0.01,,,,,,,,,
WULW,Total Phosphorus as P,2025-01-20 12:00:00.000+10:00,0.05,mg/L,0.01,,,,,,,,,
WULM,Total suspended solids,2025-01-20 12:00:00.000+10:00,,mg/L,5,,,,,,,,,
WULW,Total suspended solids,2025-01-20 12:00:00.000+10:00,6,mg/L,5,,,,,,,,,
WULE,Total suspended solids,2025-01-20 12:00:00.000+10:00,,mg/L,5,,,,,,,,,
WULW,Chlorophyll - a,2025-01-20 10:35:00.000+11:00,14.11,mg/m^3,,,,,,,,,,
WULW,Coccoid Blue Green Picoplankton_Biovolume,2025-01-20 10:35:00.000+11:00,0.06,mm3/l,,,,,,,,,,
WULW,Coccoid Blue Green Picoplankton_Cell count,2025-01-20 10:35:00.000+11:00,135031,cells/ml,,,,,,,,,,
WULW,Cyanobacteria Biovolume,2025-01-20 10:35:00.000+11:00,0.292,mm3/l,,,,,,,,,,
WULW,Enterococci,2025-01-20 10:35:00.000+11:00,1,cfu/100ml,,,,,,,,,,
WULW,Merismopedia_Biovolume,2025-01-20 10:35:00.000+11:00,0.036,mm3/l,,,,,,,,,,
WULW,Merismopedia_Cell count,2025-01-20 10:35:00.000+11:00,4355,cells/ml,,,,,,,,,,
WULW,Microcystis_Biovolume,2025-01-20 10:35:00.000+11:00,0.096,mm3/l,,,,,,,,,,
WULW,Microcystis_Cell count,2025-01-20 10:35:00.000+11:00,3715,cells/ml,,,,,,,,,,
WULW,Non toxic Aphanizomenonaceae_Biovolume,2025-01-20 10:35:00.000+11:00,0.006,mm3/l,,,,,,,,,,
WULW,Non toxic Aphanizomenonaceae_Cell count,2025-01-20 10:35:00.000+11:00,136,cells/ml,,,,,,,,,,
WULW,Potentially Toxic Cyanobacteria,2025-01-20 10:35:00.000+11:00,5930,cells/ml,,,,,,,,,,
WULW,Potentially Toxic Cyanobacteria Biovolume,2025-01-20 10:35:00.000+11:00,0.16,mm3/l,,,,,,,,,,
WULW,Pseudanabaena_Biovolume,2025-01-20 10:35:00.000+11:00,0.03,mm3/l,,,,,,,,,,
WULW,Pseudanabaena_Cell count,2025-01-20 10:35:00.000+11:00,3045,cells/ml,,,,,,,,,,
WULW,Raphidiopsis raciborskii_Biovolume,2025-01-20 10:35:00.000+11:00,0.064,mm3/l,,,,,,,,,,
WULW,Raphidiopsis raciborskii_Cell count,2025-01-20 10:35:00.000+11:00,2212,cells/ml,,,,,,,,,,
WULW,Total Cyanobacteria,2025-01-20 10:35:00.000+11:00,148500,cells/ml,,,,,,,,,,
WULM,Chlorophyll - a,2025-01-20 10:25:00.000+11:00,14.38,mg/m^3,,,,,,,,,,
WULM,Coccoid Blue Green Picoplankton_Biovolume,2025-01-20 10:25:00.000+11:00,0.19,mm3/l,,,,,,,,,,
WULM,Coccoid Blue Green Picoplankton_Cell count,2025-01-20 10:25:00.000+11:00,421560,cells/ml,,,,,,,,,,
WULM,Cuspidothrix issatschenkoi_Biovolume,2025-01-20 10:25:00.000+11:00,0.047,mm3/l,,,,,,,,,,
WULM,Cuspidothrix issatschenkoi_Cell count,2025-01-20 10:25:00.000+11:00,882,cells/ml,,,,,,,,,,
WULM,Cyanobacteria Biovolume,2025-01-20 10:25:00.000+11:00,0.525,mm3/l,,,,,,,,,,
WULM,Enterococci,2025-01-20 10:25:00.000+11:00,1,cfu/100ml,,,,,,,,,,
WULM,Microcystis_Biovolume,2025-01-20 10:25:00.000+11:00,0.116,mm3/l,,,,,,,,,,
WULM,Microcystis_Cell count,2025-01-20 10:25:00.000+11:00,4477,cells/ml,,,,,,,,,,
WULM,Non toxic Aphanizomenonaceae_Biovolume,2025-01-20 10:25:00.000+11:00,0.021,mm3/l,,,,,,,,,,
WULM,Non toxic Aphanizomenonaceae_Cell count,2025-01-20 10:25:00.000+11:00,476,cells/ml,,,,,,,,,,
WULM,Potentially Toxic Cyanobacteria,2025-01-20 10:25:00.000+11:00,8540,cells/ml,,,,,,,,,,
WULM,Potentially Toxic Cyanobacteria Biovolume,2025-01-20 10:25:00.000+11:00,0.267,mm3/l,,,,,,,,,,
WULM,Raphidiopsis mediterranea_Biovolume,2025-01-20 10:25:00.000+11:00,0.057,mm3/l,,,,,,,,,,
WULM,Raphidiopsis mediterranea_Cell count,2025-01-20 10:25:00.000+11:00,850,cells/ml,,,,,,,,,,
WULM,Raphidiopsis raciborskii_Biovolume,2025-01-20 10:25:00.000+11:00,0.094,mm3/l,,,,,,,,,,
WULM,Raphidiopsis raciborskii_Cell count,2025-01-20 10:25:00.000+11:00,3211,cells/ml,,,,,,,,,,
WULM,Total Cyanobacteria,2025-01-20 10:25:00.000+11:00,431500,cells/ml,,,,,,,,,,
WULE,Chlorophyll - a,2025-01-20 10:20:00.000+11:00,9.69,mg/m^3,,,,,,,,,,
WULE,Coccoid Blue Green Picoplankton_Biovolume,2025-01-20 10:20:00.000+11:00,0.103,mm3/l,,,,,,,,,,
WULE,Coccoid Blue Green Picoplankton_Cell count,2025-01-20 10:20:00.000+11:00,229289,cells/ml,,,,,,,,,,
WULE,Cuspidothrix issatschenkoi_Biovolume,2025-01-20 10:20:00.000+11:00,0.031,mm3/l,,,,,,,,,,
WULE,Cuspidothrix issatschenkoi_Cell count,2025-01-20 10:20:00.000+11:00,576,cells/ml,,,,,,,,,,
WULE,Cyanobacteria Biovolume,2025-01-20 10:20:00.000+11:00,0.45,mm3/l,,,,,,,,,,
WULE,Enterococci,2025-01-20 10:20:00.000+11:00,1,cfu/100ml,,,,,,,,,,
WULE,Microcystis aeruginosa_Biovolume,2025-01-20 10:20:00.000+11:00,0.042,mm3/l,,,,,,,,,,
WULE,Microcystis aeruginosa_Cell count,2025-01-20 10:20:00.000+11:00,531,cells/ml,,,,,,,,,,
WULE,Microcystis_Biovolume,2025-01-20 10:20:00.000+11:00,0.101,mm3/l,,,,,,,,,,
WULE,Microcystis_Cell count,2025-01-20 10:20:00.000+11:00,3892,cells/ml,,,,,,,,,,
WULE,Non toxic Aphanizomenonaceae_Biovolume,2025-01-20 10:20:00.000+11:00,0.06,mm3/l,,,,,,,,,,
WULE,Non toxic Aphanizomenonaceae_Cell count,2025-01-20 10:20:00.000+11:00,1359,cells/ml,,,,,,,,,,
WULE,Potentially Toxic Cyanobacteria,2025-01-20 10:20:00.000+11:00,7620,cells/ml,,,,,,,,,,
WULE,Potentially Toxic Cyanobacteria Biovolume,2025-01-20 10:20:00.000+11:00,0.256,mm3/l,,,,,,,,,,
WULE,Raphidiopsis mediterranea_Biovolume,2025-01-20 10:20:00.000+11:00,0.036,mm3/l,,,,,,,,,,
WULE,Raphidiopsis mediterranea_Cell count,2025-01-20 10:20:00.000+11:00,544,cells/ml,,,,,,,,,,
WULE,Raphidiopsis raciborskii_Biovolume,2025-01-20 10:20:00.000+11:00,0.077,mm3/l,,,,,,,,,,
WULE,Raphidiopsis raciborskii_Cell count,2025-01-20 10:20:00.000+11:00,2654,cells/ml,,,,,,,,,,
WULE,Total Cyanobacteria,2025-01-20 10:20:00.000+11:00,238800,cells/ml,,,,,,,,,,
WULW,Ammonia as N,2025-01-06 12:00:00.000+10:00,,mg/L,0.01,,,,,,,,,
WULM,Ammonia as N,2025-01-06 12:00:00.000+10:00,,mg/L,0.01,,,,,,,,,
WULE,Ammonia as N,2025-01-06 12:00:00.000+10:00,,mg/L,0.01,,,,,,,,,
WULE,Dissolved Reactive Phosphorus as P,2025-01-06 12:00:00.000+10:00,,mg/L,0.01,,,,,,,,,
WULW,Dissolved Reactive Phosphorus as P,2025-01-06 12:00:00.000+10:00,,mg/L,0.01,,,,,,,,,
WULM,Dissolved Reactive Phosphorus as P,2025-01-06 12:00:00.000+10:00,,mg/L,0.01,,,,,,,,,
WULM,Nitrate as N,2025-01-06 12:00:00.000+10:00,,mg/L,0.01,,,,,,,,,
WULE,Nitrate as N,2025-01-06 12:00:00.000+10:00,,mg/L,0.01,,,,,,,,,
WULW,Nitrate as N,2025-01-06 12:00:00.000+10:00,,mg/L,0.01,,,,,,,,,
WULE,Nitrite + Nitrate as N,2025-01-06 12:00:00.000+10:00,,mg/L,0.01,,,,,,,,,
WULW,Nitrite + Nitrate as N,2025-01-06 12:00:00.000+10:00,,mg/L,0.01,,,,,,,,,
WULM,Nitrite + Nitrate as N,2025-01-06 12:00:00.000+10:00,,mg/L,0.01,,,,,,,,,
WULW,Nitrite as N,2025-01-06 12:00:00.000+10:00,,mg/L,0.01,,,,,,,,,
WULE,Nitrite as N,2025-01-06 12:00:00.000+10:00,,mg/L,0.01,,,,,,,,,
WULM,Nitrite as N,2025-01-06 12:00:00.000+10:00,,mg/L,0.01,,,,,,,,,
WULW,Total Kjeldahl Nitrogen as N,2025-01-06 12:00:00.000+10:00,0.6,mg/L,0.1,,,,,,,,,
WULE,Total Kjeldahl Nitrogen as N,2025-01-06 12:00:00.000+10:00,0.6,mg/L,0.1,,,,,,,,,
WULM,Total Kjeldahl Nitrogen as N,2025-01-06 12:00:00.000+10:00,0.6,mg/L,0.1,,,,,,,,,
WULW,Total Nitrogen as N,2025-01-06 12:00:00.000+10:00,0.6,mg/L,0.1,,,,,,,,,
WULM,Total Nitrogen as N,2025-01-06 12:00:00.000+10:00,0.6,mg/L,0.1,,,,,,,,,
WULE,Total Nitrogen as N,2025-01-06 12:00:00.000+10:00,0.6,mg/L,0.1,,,,,,,,,
WULW,Total Phosphorus as P,2025-01-06 12:00:00.000+10:00,0.05,mg/L,0.01,,,,,,,,,
WULE,Total Phosphorus as P,2025-01-06 12:00:00.000+10:00,0.03,mg/L,0.01,,,,,,,,,
WULM,Total Phosphorus as P,2025-01-06 12:00:00.000+10:00,0.06,mg/L,0.01,,,,,,,,,
WULW,Total suspended solids,2025-01-06 12:00:00.000+10:00,,mg/L,5,,,,,,,,,
WULM,Total suspended solids,2025-01-06 12:00:00.000+10:00,,mg/L,5,,,,,,,,,
WULE,Total suspended solids,2025-01-06 12:00:00.000+10:00,,mg/L,5,,,,,,,,,
WULE,Chlorophyll - a,2025-01-06 08:50:00.000+11:00,5.04,mg/m^3,,,,,,,,,,
WULE,Coccoid Blue Green Picoplankton_Biovolume,2025-01-06 08:50:00.000+11:00,0.165,mm3/l,,,,,,,,,,
WULE,Coccoid Blue Green Picoplankton_Cell count,2025-01-06 08:50:00.000+11:00,366470,cells/ml,,,,,,,,,,
WULE,Cyanobacteria Biovolume,2025-01-06 08:50:00.000+11:00,0.206,mm3/l,,,,,,,,,,
WULE,Dolichospermum_Biovolume,2025-01-06 08:50:00.000+11:00,0.01,mm3/l,,,,,,,,,,
WULE,Dolichospermum_Cell count,2025-01-06 08:50:00.000+11:00,85,cells/ml,,,,,,,,,,
WULE,Enterococci,2025-01-06 08:50:00.000+11:00,1,cfu/100ml,,,,,,,,,,
WULE,Microcystis_Biovolume,2025-01-06 08:50:00.000+11:00,0.031,mm3/l,,,,,,,,,,
WULE,Microcystis_Cell count,2025-01-06 08:50:00.000+11:00,1225,cells/ml,,,,,,,,,,
WULE,Potentially Toxic Cyanobacteria,2025-01-06 08:50:00.000+11:00,1310,cells/ml,,,,,,,,,,
WULE,Potentially Toxic Cyanobacteria Biovolume,2025-01-06 08:50:00.000+11:00,0.041,mm3/l,,,,,,,,,,
WULE,Total Cyanobacteria,2025-01-06 08:50:00.000+11:00,367800,cells/ml,,,,,,,,,,
WULM,Aphanizomenonaceae_Biovolume,2025-01-06 08:40:00.000+11:00,0.028,mm3/l,,,,,,,,,,
WULM,Aphanizomenonaceae_Cell count,2025-01-06 08:40:00.000+11:00,272,cells/ml,,,,,,,,,,
WULM,Chlorophyll - a,2025-01-06 08:40:00.000+11:00,4.27,mg/m^3,,,,,,,,,,
WULM,Coccoid Blue Green Picoplankton_Biovolume,2025-01-06 08:40:00.000+11:00,0.389,mm3/l,,,,,,,,,,
WULM,Coccoid Blue Green Picoplankton_Cell count,2025-01-06 08:40:00.000+11:00,862282,cells/ml,,,,,,,,,,
WULM,Cyanobacteria Biovolume,2025-01-06 08:40:00.000+11:00,0.51,mm3/l,,,,,,,,,,
WULM,Enterococci,2025-01-06 08:40:00.000+11:00,1,cfu/100ml,,,,,,,,,,
WULM,Microcystis_Biovolume,2025-01-06 08:40:00.000+11:00,0.053,mm3/l,,,,,,,,,,
WULM,Microcystis_Cell count,2025-01-06 08:40:00.000+11:00,2035,cells/ml,,,,,,,,,,
WULM,Non toxic Aphanizomenonaceae_Biovolume,2025-01-06 08:40:00.000+11:00,0.009,mm3/l,,,,,,,,,,
WULM,Non toxic Aphanizomenonaceae_Cell count,2025-01-06 08:40:00.000+11:00,204,cells/ml,,,,,,,,,,
WULM,Potentially Toxic Cyanobacteria,2025-01-06 08:40:00.000+11:00,3400,cells/ml,,,,,,,,,,
WULM,Potentially Toxic Cyanobacteria Biovolume,2025-01-06 08:40:00.000+11:00,0.112,mm3/l,,,,,,,,,,
WULM,Raphidiopsis raciborskii_Biovolume,2025-01-06 08:40:00.000+11:00,0.031,mm3/l,,,,,,,,,,
WULM,Raphidiopsis raciborskii_Cell count,2025-01-06 08:40:00.000+11:00,1089,cells/ml,,,,,,,,,,
WULM,Total Cyanobacteria,2025-01-06 08:40:00.000+11:00,865900,cells/ml,,,,,,,,,,
WULW,Chlorophyll - a,2025-01-06 08:30:00.000+11:00,4.12,mg/m^3,,,,,,,,,,
WULW,Coccoid Blue Green Picoplankton_Biovolume,2025-01-06 08:30:00.000+11:00,0.297,mm3/l,,,,,,,,,,
WULW,Coccoid Blue Green Picoplankton_Cell count,2025-01-06 08:30:00.000+11:00,659776,cells/ml,,,,,,,,,,
WULW,Cyanobacteria Biovolume,2025-01-06 08:30:00.000+11:00,0.353,mm3/l,,,,,,,,,,
WULW,Dolichospermum_Biovolume,2025-01-06 08:30:00.000+11:00,0.025,mm3/l,,,,,,,,,,
WULW,Dolichospermum_Cell count,2025-01-06 08:30:00.000+11:00,204,cells/ml,,,,,,,,,,
WULW,Enterococci,2025-01-06 08:30:00.000+11:00,1,cfu/100ml,,,,,,,,,,
WULW,Microcystis_Biovolume,2025-01-06 08:30:00.000+11:00,0.029,mm3/l,,,,,,,,,,
WULW,Microcystis_Cell count,2025-01-06 08:30:00.000+11:00,1150,cells/ml,,,,,,,,,,
WULW,Potentially Toxic Cyanobacteria,2025-01-06 08:30:00.000+11:00,1350,cells/ml,,,,,,,,,,
WULW,Potentially Toxic Cyanobacteria Biovolume,2025-01-06 08:30:00.000+11:00,0.054,mm3/l,,,,,,,,,,
WULW,Pseudanabaena_Biovolume,2025-01-06 08:30:00.000+11:00,0.002,mm3/l,,,,,,,,,,
WULW,Pseudanabaena_Cell count,2025-01-06 08:30:00.000+11:00,255,cells/ml,,,,,,,,,,
WULW,Total Cyanobacteria,2025-01-06 08:30:00.000+11:00,661400,cells/ml,,,,,,,,,,
WULW,Ammonia as N,2024-12-23 12:00:00.000+10:00,0.04,mg/L,0.01,,,,,,,,,
WULM,Ammonia as N,2024-12-23 12:00:00.000+10:00,0.02,mg/L,0.01,,,,,,,,,
WULE,Ammonia as N,2024-12-23 12:00:00.000+10:00,0.03,mg/L,0.01,,,,,,,,,
WULW,Dissolved Reactive Phosphorus as P,2024-12-23 12:00:00.000+10:00,,mg/L,0.01,,,,,,,,,
WULE,Dissolved Reactive Phosphorus as P,2024-12-23 12:00:00.000+10:00,,mg/L,0.01,,,,,,,,,
WULM,Dissolved Reactive Phosphorus as P,2024-12-23 12:00:00.000+10:00,,mg/L,0.01,,,,,,,,,
WULM,Nitrate as N,2024-12-23 12:00:00.000+10:00,,mg/L,0.01,,,,,,,,,
WULE,Nitrate as N,2024-12-23 12:00:00.000+10:00,,mg/L,0.01,,,,,,,,,
WULW,Nitrate as N,2024-12-23 12:00:00.000+10:00,0.04,mg/L,0.01,,,,,,,,,
WULW,Nitrite + Nitrate as N,2024-12-23 12:00:00.000+10:00,0.04,mg/L,0.01,,,,,,,,,
WULE,Nitrite + Nitrate as N,2024-12-23 12:00:00.000+10:00,,mg/L,0.01,,,,,,,,,
WULM,Nitrite + Nitrate as N,2024-12-23 12:00:00.000+10:00,,mg/L,0.01,,,,,,,,,
WULE,Nitrite as N,2024-12-23 12:00:00.000+10:00,,mg/L,0.01,,,,,,,,,
WULM,Nitrite as N,2024-12-23 12:00:00.000+10:00,,mg/L,0.01,,,,,,,,,
WULW,Nitrite as N,2024-12-23 12:00:00.000+10:00,,mg/L,0.01,,,,,,,,,
WULM,Total Kjeldahl Nitrogen as N,2024-12-23 12:00:00.000+10:00,0.4,mg/L,0.1,,,,,,,,,
WULE,Total Kjeldahl Nitrogen as N,2024-12-23 12:00:00.000+10:00,0.4,mg/L,0.1,,,,,,,,,
WULW,Total Kjeldahl Nitrogen as N,2024-12-23 12:00:00.000+10:00,0.5,mg/L,0.1,,,,,,,,,
WULW,Total Nitrogen as N,2024-12-23 12:00:00.000+10:00,0.5,mg/L,0.1,,,,,,,,,
WULM,Total Nitrogen as N,2024-12-23 12:00:00.000+10:00,0.4,mg/L,0.1,,,,,,,,,
WULE,Total Nitrogen as N,2024-12-23 12:00:00.000+10:00,0.4,mg/L,0.1,,,,,,,,,
WULE,Total Phosphorus as P,2024-12-23 12:00:00.000+10:00,0.04,mg/L,0.01,,,,,,,,,
WULM,Total Phosphorus as P,2024-12-23 12:00:00.000+10:00,,mg/L,0.01,,,,,,,,,
WULW,Total Phosphorus as P,2024-12-23 12:00:00.000+10:00,,mg/L,0.01,,,,,,,,,
WULW,Total suspended solids,2024-12-23 12:00:00.000+10:00,,mg/L,5,,,,,,,,,
WULE,Total suspended solids,2024-12-23 12:00:00.000+10:00,,mg/L,5,,,,,,,,,
WULM,Total suspended solids,2024-12-23 12:00:00.000+10:00,6,mg/L,5,,,,,,,,,
WULE,Chlorophyll - a,2024-12-23 09:30:00.000+11:00,3.06,mg/m^3,,,,,,,,,,
WULE,Coccoid Blue Green Picoplankton_Biovolume,2024-12-23 09:30:00.000+11:00,0.143,mm3/l,,,,,,,,,,
WULE,Coccoid Blue Green Picoplankton_Cell count,2024-12-23 09:30:00.000+11:00,317259,cells/ml,,,,,,,,,,
WULE,Cyanobacteria Biovolume,2024-12-23 09:30:00.000+11:00,0.177,mm3/l,,,,,,,,,,
WULE,Enterococci,2024-12-23 09:30:00.000+11:00,1,cfu/100ml,,,,,,,,,,
WULE,Microcystis_Biovolume,2024-12-23 09:30:00.000+11:00,0.034,mm3/l,,,,,,,,,,
WULE,Microcystis_Cell count,2024-12-23 09:30:00.000+11:00,1334,cells/ml,,,,,,,,,,
WULE,Potentially Toxic Cyanobacteria,2024-12-23 09:30:00.000+11:00,1330,cells/ml,,,,,,,,,,
WULE,Potentially Toxic Cyanobacteria Biovolume,2024-12-23 09:30:00.000+11:00,0.034,mm3/l,,,,,,,,,,
WULE,Total Cyanobacteria,2024-12-23 09:30:00.000+11:00,318600,cells/ml,,,,,,,,,,
WULM,Chlorophyll - a,2024-12-23 09:20:00.000+11:00,2.6,mg/m^3,,,,,,,,,,
WULM,Coccoid Blue Green Picoplankton_Biovolume,2024-12-23 09:20:00.000+11:00,0.075,mm3/l,,,,,,,,,,
WULM,Coccoid Blue Green Picoplankton_Cell count,2024-12-23 09:20:00.000+11:00,166777,cells/ml,,,,,,,,,,
WULM,Cyanobacteria Biovolume,2024-12-23 09:20:00.000+11:00,0.153,mm3/l,,,,,,,,,,
WULM,Dolichospermum circinale_Biovolume,2024-12-23 09:20:00.000+11:00,0.02,mm3/l,,,,,,,,,,
WULM,Dolichospermum circinale_Cell count,2024-12-23 09:20:00.000+11:00,119,cells/ml,,,,,,,,,,
WULM,Enterococci,2024-12-23 09:20:00.000+11:00,1,cfu/100ml,,,,,,,,,,
WULM,Leptolyngbya_Biovolume,2024-12-23 09:20:00.000+11:00,0.01,mm3/l,,,,,,,,,,
WULM,Leptolyngbya_Cell count,2024-12-23 09:20:00.000+11:00,850,cells/ml,,,,,,,,,,
WULM,Microcystis_Biovolume,2024-12-23 09:20:00.000+11:00,0.048,mm3/l,,,,,,,,,,
WULM,Microcystis_Cell count,2024-12-23 09:20:00.000+11:00,1858,cells/ml,,,,,,,,,,
WULM,Potentially Toxic Cyanobacteria,2024-12-23 09:20:00.000+11:00,1980,cells/ml,,,,,,,,,,
WULM,Potentially Toxic Cyanobacteria Biovolume,2024-12-23 09:20:00.000+11:00,0.068,mm3/l,,,,,,,,,,
WULM,Total Cyanobacteria,2024-12-23 09:20:00.000+11:00,169600,cells/ml,,,,,,,,,,
WULW,Chlorophyll - a,2024-12-23 09:10:00.000+11:00,3.11,mg/m^3,,,,,,,,,,
WULW,Coccoid Blue Green Picoplankton_Biovolume,2024-12-23 09:10:00.000+11:00,0.135,mm3/l,,,,,,,,,,
WULW,Coccoid Blue Green Picoplankton_Cell count,2024-12-23 09:10:00.000+11:00,299839,cells/ml,,,,,,,,,,
WULW,Cyanobacteria Biovolume,2024-12-23 09:10:00.000+11:00,0.383,mm3/l,,,,,,,,,,
WULW,Dolichospermum circinale_Biovolume,2024-12-23 09:10:00.000+11:00,0.141,mm3/l,,,,,,,,,,
WULW,Dolichospermum circinale_Cell count,2024-12-23 09:10:00.000+11:00,816,cells/ml,,,,,,,,,,
WULW,Enterococci,2024-12-23 09:10:00.000+11:00,3,cfu/100ml,,,,,,,,,,
WULW,Microcystis_Biovolume,2024-12-23 09:10:00.000+11:00,0.061,mm3/l,,,,,,,,,,
WULW,Microcystis_Cell count,2024-12-23 09:10:00.000+11:00,2368,cells/ml,,,,,,,,,,
WULW,Potentially Toxic Cyanobacteria,2024-12-23 09:10:00.000+11:00,3660,cells/ml,,,,,,,,,,
WULW,Potentially Toxic Cyanobacteria Biovolume,2024-12-23 09:10:00.000+11:00,0.234,mm3/l,,,,,,,,,,
WULW,Pseudanabaena_Biovolume,2024-12-23 09:10:00.000+11:00,0.014,mm3/l,,,,,,,,,,
WULW,Pseudanabaena_Cell count,2024-12-23 09:10:00.000+11:00,1452,cells/ml,,,,,,,,,,
WULW,Total Cyanobacteria,2024-12-23 09:10:00.000+11:00,305000,cells/ml,,,,,,,,,,
WULW,Umezakia ovalisporum_Biovolume,2024-12-23 09:10:00.000+11:00,0.032,mm3/l,,,,,,,,,,
WULW,Umezakia ovalisporum_Cell count,2024-12-23 09:10:00.000+11:00,476,cells/ml,,,,,,,,,,
WULW,Ammonia as N,2024-12-09 12:00:00.000+10:00,0.03,mg/L,0.01,,,,,,,,,
WULE,Ammonia as N,2024-12-09 12:00:00.000+10:00,,mg/L,0.01,,,,,,,,,
WULM,Ammonia as N,2024-12-09 12:00:00.000+10:00,,mg/L,0.01,,,,,,,,,
WULM,Dissolved Reactive Phosphorus as P,2024-12-09 12:00:00.000+10:00,,mg/L,0.01,,,,,,,,,
WULE,Dissolved Reactive Phosphorus as P,2024-12-09 12:00:00.000+10:00,,mg/L,0.01,,,,,,,,,
WULW,Dissolved Reactive Phosphorus as P,2024-12-09 12:00:00.000+10:00,,mg/L,0.01,,,,,,,,,
WULE,Nitrate as N,2024-12-09 12:00:00.000+10:00,,mg/L,0.01,,,,,,,,,
WULM,Nitrate as N,2024-12-09 12:00:00.000+10:00,,mg/L,0.01,,,,,,,,,
WULW,Nitrate as N,2024-12-09 12:00:00.000+10:00,,mg/L,0.01,,,,,,,,,
WULM,Nitrite + Nitrate as N,2024-12-09 12:00:00.000+10:00,,mg/L,0.01,,,,,,,,,
WULW,Nitrite + Nitrate as N,2024-12-09 12:00:00.000+10:00,,mg/L,0.01,,,,,,,,,
WULE,Nitrite + Nitrate as N,2024-12-09 12:00:00.000+10:00,,mg/L,0.01,,,,,,,,,
WULM,Nitrite as N,2024-12-09 12:00:00.000+10:00,,mg/L,0.01,,,,,,,,,
WULE,Nitrite as N,2024-12-09 12:00:00.000+10:00,,mg/L,0.01,,,,,,,,,
WULW,Nitrite as N,2024-12-09 12:00:00.000+10:00,,mg/L,0.01,,,,,,,,,
WULW,Total Kjeldahl Nitrogen as N,2024-12-09 12:00:00.000+10:00,0.4,mg/L,0.1,,,,,,,,,
WULM,Total Kjeldahl Nitrogen as N,2024-12-09 12:00:00.000+10:00,0.4,mg/L,0.1,,,,,,,,,
WULE,Total Kjeldahl Nitrogen as N,2024-12-09 12:00:00.000+10:00,0.5,mg/L,0.1,,,,,,,,,
WULW,Total Nitrogen as N,2024-12-09 12:00:00.000+10:00,0.4,mg/L,0.1,,,,,,,,,
WULM,Total Nitrogen as N,2024-12-09 12:00:00.000+10:00,0.4,mg/L,0.1,,,,,,,,,
WULE,Total Nitrogen as N,2024-12-09 12:00:00.000+10:00,0.5,mg/L,0.1,,,,,,,,,
WULE,Total Phosphorus as P,2024-12-09 12:00:00.000+10:00,0.04,mg/L,0.01,,,,,,,,,
WULW,Total Phosphorus as P,2024-12-09 12:00:00.000+10:00,0.04,mg/L,0.01,,,,,,,,,
WULM,Total Phosphorus as P,2024-12-09 12:00:00.000+10:00,0.05,mg/L,0.01,,,,,,,,,
WULW,Total suspended solids,2024-12-09 12:00:00.000+10:00,,mg/L,5,,,,,,,,,
WULE,Total suspended solids,2024-12-09 12:00:00.000+10:00,,mg/L,5,,,,,,,,,
WULM,Total suspended solids,2024-12-09 12:00:00.000+10:00,,mg/L,5,,,,,,,,,
WULE,Chlorophyll - a,2024-12-09 10:30:00.000+11:00,3.91,mg/m^3,,,,,,,,,,
WULE,Coccoid Blue Green Picoplankton_Biovolume,2024-12-09 10:30:00.000+11:00,0.104,mm3/l,,,,,,,,,,
WULE,Coccoid Blue Green Picoplankton_Cell count,2024-12-09 10:30:00.000+11:00,231756,cells/ml,,,,,,,,,,
WULE,Cyanobacteria Biovolume,2024-12-09 10:30:00.000+11:00,0.135,mm3/l,,,,,,,,,,
WULE,Enterococci,2024-12-09 10:30:00.000+11:00,1,cfu/100ml,,,,,,,,,,
WULE,Microcystis_Biovolume,2024-12-09 10:30:00.000+11:00,0.031,mm3/l,,,,,,,,,,
WULE,Microcystis_Cell count,2024-12-09 10:30:00.000+11:00,1198,cells/ml,,,,,,,,,,
WULE,Potentially Toxic Cyanobacteria,2024-12-09 10:30:00.000+11:00,1200,cells/ml,,,,,,,,,,
WULE,Potentially Toxic Cyanobacteria Biovolume,2024-12-09 10:30:00.000+11:00,0.031,mm3/l,,,,,,,,,,
WULE,Total Cyanobacteria,2024-12-09 10:30:00.000+11:00,233000,cells/ml,,,,,,,,,,
WULM,Chlorophyll - a,2024-12-09 10:20:00.000+11:00,4.16,mg/m^3,,,,,,,,,,
WULM,Coccoid Blue Green Picoplankton_Biovolume,2024-12-09 10:20:00.000+11:00,0.164,mm3/l,,,,,,,,,,
WULM,Coccoid Blue Green Picoplankton_Cell count,2024-12-09 10:20:00.000+11:00,365182,cells/ml,,,,,,,,,,
WULM,Cyanobacteria Biovolume,2024-12-09 10:20:00.000+11:00,0.187,mm3/l,,,,,,,,,,
WULM,Enterococci,2024-12-09 10:20:00.000+11:00,3,cfu/100ml,,,,,,,,,,
WULM,Microcystis_Biovolume,2024-12-09 10:20:00.000+11:00,0.023,mm3/l,,,,,,,,,,
WULM,Microcystis_Cell count,2024-12-09 10:20:00.000+11:00,898,cells/ml,,,,,,,,,,
WULM,Potentially Toxic Cyanobacteria,2024-12-09 10:20:00.000+11:00,898,cells/ml,,,,,,,,,,
WULM,Potentially Toxic Cyanobacteria Biovolume,2024-12-09 10:20:00.000+11:00,0.023,mm3/l,,,,,,,,,,
WULM,Total Cyanobacteria,2024-12-09 10:20:00.000+11:00,366100,cells/ml,,,,,,,,,,
WULW,Chlorophyll - a,2024-12-09 10:10:00.000+11:00,4.11,mg/m^3,,,,,,,,,,
WULW,Coccoid Blue Green Picoplankton_Biovolume,2024-12-09 10:10:00.000+11:00,0.121,mm3/l,,,,,,,,,,
WULW,Coccoid Blue Green Picoplankton_Cell count,2024-12-09 10:10:00.000+11:00,268837,cells/ml,,,,,,,,,,
WULW,Cyanobacteria Biovolume,2024-12-09 10:10:00.000+11:00,0.163,mm3/l,,,,,,,,,,
WULW,Enterococci,2024-12-09 10:10:00.000+11:00,1,cfu/100ml,,,,,,,,,,
WULW,Microcystis_Biovolume,2024-12-09 10:10:00.000+11:00,0.042,mm3/l,,,,,,,,,,
WULW,Microcystis_Cell count,2024-12-09 10:10:00.000+11:00,1633,cells/ml,,,,,,,,,,
WULW,Potentially Toxic Cyanobacteria,2024-12-09 10:10:00.000+11:00,1630,cells/ml,,,,,,,,,,
WULW,Potentially Toxic Cyanobacteria Biovolume,2024-12-09 10:10:00.000+11:00,0.042,mm3/l,,,,,,,,,,
WULW,Total Cyanobacteria,2024-12-09 10:10:00.000+11:00,270500,cells/ml,,,,,,,,,,
WULE,Ammonia as N,2024-11-25 12:00:00.000+10:00,0.01,mg/L,0.01,,,,,,,,,
WULM,Ammonia as N,2024-11-25 12:00:00.000+10:00,0.02,mg/L,0.01,,,,,,,,,
WULW,Ammonia as N,2024-11-25 12:00:00.000+10:00,0.02,mg/L,0.01,,,,,,,,,
WULE,Dissolved Reactive Phosphorus as P,2024-11-25 12:00:00.000+10:00,,mg/L,0.01,,,,,,,,,
WULW,Dissolved Reactive Phosphorus as P,2024-11-25 12:00:00.000+10:00,,mg/L,0.01,,,,,,,,,
WULM,Dissolved Reactive Phosphorus as P,2024-11-25 12:00:00.000+10:00,,mg/L,0.01,,,,,,,,,
WULW,Nitrate as N,2024-11-25 12:00:00.000+10:00,,mg/L,0.01,,,,,,,,,
WULM,Nitrate as N,2024-11-25 12:00:00.000+10:00,,mg/L,0.01,,,,,,,,,
WULE,Nitrate as N,2024-11-25 12:00:00.000+10:00,,mg/L,0.01,,,,,,,,,
WULE,Nitrite + Nitrate as N,2024-11-25 12:00:00.000+10:00,,mg/L,0.01,,,,,,,,,
WULM,Nitrite + Nitrate as N,2024-11-25 12:00:00.000+10:00,,mg/L,0.01,,,,,,,,,
WULW,Nitrite + Nitrate as N,2024-11-25 12:00:00.000+10:00,,mg/L,0.01,,,,,,,,,
WULE,Nitrite as N,2024-11-25 12:00:00.000+10:00,,mg/L,0.01,,,,,,,,,
WULM,Nitrite as N,2024-11-25 12:00:00.000+10:00,,mg/L,0.01,,,,,,,,,
WULW,Nitrite as N,2024-11-25 12:00:00.000+10:00,,mg/L,0.01,,,,,,,,,
WULE,Total Kjeldahl Nitrogen as N,2024-11-25 12:00:00.000+10:00,0.5,mg/L,0.1,,,,,,,,,
WULM,Total Kjeldahl Nitrogen as N,2024-11-25 12:00:00.000+10:00,0.4,mg/L,0.1,,,,,,,,,
WULW,Total Kjeldahl Nitrogen as N,2024-11-25 12:00:00.000+10:00,0.5,mg/L,0.1,,,,,,,,,
WULM,Total Nitrogen as N,2024-11-25 12:00:00.000+10:00,0.4,mg/L,0.1,,,,,,,,,
WULW,Total Nitrogen as N,2024-11-25 12:00:00.000+10:00,0.5,mg/L,0.1,,,,,,,,,
WULE,Total Nitrogen as N,2024-11-25 12:00:00.000+10:00,0.5,mg/L,0.1,,,,,,,,,
WULE,Total Phosphorus as P,2024-11-25 12:00:00.000+10:00,0.02,mg/L,0.01,,,,,,,,,
WULM,Total Phosphorus as P,2024-11-25 12:00:00.000+10:00,0.02,mg/L,0.01,,,,,,,,,
WULW,Total Phosphorus as P,2024-11-25 12:00:00.000+10:00,0.03,mg/L,0.01,,,,,,,,,
WULE,Total suspended solids,2024-11-25 12:00:00.000+10:00,,mg/L,5,,,,,,,,,
WULW,Total suspended solids,2024-11-25 12:00:00.000+10:00,,mg/L,5,,,,,,,,,
WULM,Total suspended solids,2024-11-25 12:00:00.000+10:00,,mg/L,5,,,,,,,,,
WULE,Chlorophyll - a,2024-11-25 09:50:00.000+11:00,4.19,mg/m^3,,,,,,,,,,
WULE,Coccoid Blue Green Picoplankton_Biovolume,2024-11-25 09:50:00.000+11:00,0.006,mm3/l,,,,,,,,,,
WULE,Coccoid Blue Green Picoplankton_Cell count,2024-11-25 09:50:00.000+11:00,15208,cells/ml,,,,,,,,,,
WULE,Cyanobacteria Biovolume,2024-11-25 09:50:00.000+11:00,0.08,mm3/l,,,,,,,,,,
WULE,Enterococci,2024-11-25 09:50:00.000+11:00,1,cfu/100ml,,,,,,,,,,
WULE,Microcystis_Biovolume,2024-11-25 09:50:00.000+11:00,0.074,mm3/l,,,,,,,,,,
WULE,Microcystis_Cell count,2024-11-25 09:50:00.000+11:00,2858,cells/ml,,,,,,,,,,
WULE,Potentially Toxic Cyanobacteria,2024-11-25 09:50:00.000+11:00,2860,cells/ml,,,,,,,,,,
WULE,Potentially Toxic Cyanobacteria Biovolume,2024-11-25 09:50:00.000+11:00,0.074,mm3/l,,,,,,,,,,
WULE,Total Cyanobacteria,2024-11-25 09:50:00.000+11:00,18070,cells/ml,,,,,,,,,,
WULM,Chlorophyll - a,2024-11-25 09:45:00.000+11:00,3.12,mg/m^3,,,,,,,,,,
WULM,Coccoid Blue Green Picoplankton_Biovolume,2024-11-25 09:45:00.000+11:00,0.002,mm3/l,,,,,,,,,,
WULM,Coccoid Blue Green Picoplankton_Cell count,2024-11-25 09:45:00.000+11:00,6410,cells/ml,,,,,,,,,,
WULM,Cyanobacteria Biovolume,2024-11-25 09:45:00.000+11:00,0.031,mm3/l,,,,,,,,,,
WULM,Enterococci,2024-11-25 09:45:00.000+11:00,1,cfu/100ml,,,,,,,,,,
WULM,Microcystis_Biovolume,2024-11-25 09:45:00.000+11:00,0.029,mm3/l,,,,,,,,,,
WULM,Microcystis_Cell count,2024-11-25 09:45:00.000+11:00,1123,cells/ml,,,,,,,,,,
WULM,Potentially Toxic Cyanobacteria,2024-11-25 09:45:00.000+11:00,1120,cells/ml,,,,,,,,,,
WULM,Potentially Toxic Cyanobacteria Biovolume,2024-11-25 09:45:00.000+11:00,0.029,mm3/l,,,,,,,,,,
WULM,Total Cyanobacteria,2024-11-25 09:45:00.000+11:00,7530,cells/ml,,,,,,,,,,
WULW,Chlorophyll - a,2024-11-25 09:35:00.000+11:00,2.62,mg/m^3,,,,,,,,,,
WULW,Coccoid Blue Green Picoplankton_Biovolume,2024-11-25 09:35:00.000+11:00,0.002,mm3/l,,,,,,,,,,
WULW,Coccoid Blue Green Picoplankton_Cell count,2024-11-25 09:35:00.000+11:00,6553,cells/ml,,,,,,,,,,
WULW,Cyanobacteria Biovolume,2024-11-25 09:35:00.000+11:00,0.031,mm3/l,,,,,,,,,,
WULW,Enterococci,2024-11-25 09:35:00.000+11:00,1,cfu/100ml,,,,,,,,,,
WULW,Microcystis_Biovolume,2024-11-25 09:35:00.000+11:00,0.029,mm3/l,,,,,,,,,,
WULW,Microcystis_Cell count,2024-11-25 09:35:00.000+11:00,1123,cells/ml,,,,,,,,,,
WULW,Potentially Toxic Cyanobacteria,2024-11-25 09:35:00.000+11:00,1120,cells/ml,,,,,,,,,,
WULW,Potentially Toxic Cyanobacteria Biovolume,2024-11-25 09:35:00.000+11:00,0.029,mm3/l,,,,,,,,,,
WULW,Total Cyanobacteria,2024-11-25 09:35:00.000+11:00,7680,cells/ml,,,,,,,,,,
WULW,Ammonia as N,2024-11-11 12:00:00.000+11:00,0.03,mg/L,0.01,,,,,,,,,
WULE,Ammonia as N,2024-11-11 12:00:00.000+11:00,0.02,mg/L,0.01,,,,,,,,,
WULM,Ammonia as N,2024-11-11 12:00:00.000+11:00,0.04,mg/L,0.01,,,,,,,,,
WULM,Dissolved Reactive Phosphorus as P,2024-11-11 12:00:00.000+11:00,,mg/L,0.01,,,,,,,,,
WULE,Dissolved Reactive Phosphorus as P,2024-11-11 12:00:00.000+11:00,,mg/L,0.01,,,,,,,,,
WULW,Dissolved Reactive Phosphorus as P,2024-11-11 12:00:00.000+11:00,,mg/L,0.01,,,,,,,,,
WULM,Nitrate as N,2024-11-11 12:00:00.000+11:00,,mg/L,0.01,,,,,,,,,
WULW,Nitrate as N,2024-11-11 12:00:00.000+11:00,,mg/L,0.01,,,,,,,,,
WULE,Nitrate as N,2024-11-11 12:00:00.000+11:00,,mg/L,0.01,,,,,,,,,
WULW,Nitrite + Nitrate as N,2024-11-11 12:00:00.000+11:00,,mg/L,0.01,,,,,,,,,
WULE,Nitrite + Nitrate as N,2024-11-11 12:00:00.000+11:00,,mg/L,0.01,,,,,,,,,
WULM,Nitrite + Nitrate as N,2024-11-11 12:00:00.000+11:00,,mg/L,0.01,,,,,,,,,
WULW,Nitrite as N,2024-11-11 12:00:00.000+11:00,,mg/L,0.01,,,,,,,,,
WULM,Nitrite as N,2024-11-11 12:00:00.000+11:00,,mg/L,0.01,,,,,,,,,
WULE,Nitrite as N,2024-11-11 12:00:00.000+11:00,,mg/L,0.01,,,,,,,,,
WULW,Total Kjeldahl Nitrogen as N,2024-11-11 12:00:00.000+11:00,0.4,mg/L,0.1,,,,,,,,,
WULE,Total Kjeldahl Nitrogen as N,2024-11-11 12:00:00.000+11:00,0.4,mg/L,0.1,,,,,,,,,
WULM,Total Kjeldahl Nitrogen as N,2024-11-11 12:00:00.000+11:00,0.4,mg/L,0.1,,,,,,,,,
WULE,Total Nitrogen as N,2024-11-11 12:00:00.000+11:00,0.4,mg/L,0.1,,,,,,,,,
WULM,Total Nitrogen as N,2024-11-11 12:00:00.000+11:00,0.4,mg/L,0.1,,,,,,,,,
WULW,Total Nitrogen as N,2024-11-11 12:00:00.000+11:00,0.4,mg/L,0.1,,,,,,,,,
WULW,Total Phosphorus as P,2024-11-11 12:00:00.000+11:00,0.02,mg/L,0.01,,,,,,,,,
WULE,Total Phosphorus as P,2024-11-11 12:00:00.000+11:00,0.02,mg/L,0.01,,,,,,,,,
WULM,Total Phosphorus as P,2024-11-11 12:00:00.000+11:00,0.02,mg/L,0.01,,,,,,,,,
WULE,Total suspended solids,2024-11-11 12:00:00.000+11:00,,mg/L,5,,,,,,,,,
WULW,Total suspended solids,2024-11-11 12:00:00.000+11:00,,mg/L,5,,,,,,,,,
WULM,Total suspended solids,2024-11-11 12:00:00.000+11:00,,mg/L,5,,,,,,,,,
WULE,Ammonia as N,2024-11-11 12:00:00.000+10:00,0.02,mg/L,0.01,,,,,,,,,
WULM,Ammonia as N,2024-11-11 12:00:00.000+10:00,0.04,mg/L,0.01,,,,,,,,,
WULW,Ammonia as N,2024-11-11 12:00:00.000+10:00,0.03,mg/L,0.01,,,,,,,,,
WULE,Dissolved Reactive Phosphorus as P,2024-11-11 12:00:00.000+10:00,,mg/L,0.01,,,,,,,,,
WULW,Dissolved Reactive Phosphorus as P,2024-11-11 12:00:00.000+10:00,,mg/L,0.01,,,,,,,,,
WULM,Dissolved Reactive Phosphorus as P,2024-11-11 12:00:00.000+10:00,,mg/L,0.01,,,,,,,,,
WULE,Nitrate as N,2024-11-11 12:00:00.000+10:00,,mg/L,0.01,,,,,,,,,
WULW,Nitrate as N,2024-11-11 12:00:00.000+10:00,,mg/L,0.01,,,,,,,,,
WULM,Nitrate as N,2024-11-11 12:00:00.000+10:00,,mg/L,0.01,,,,,,,,,
WULW,Nitrite + Nitrate as N,2024-11-11 12:00:00.000+10:00,,mg/L,0.01,,,,,,,,,
WULM,Nitrite + Nitrate as N,2024-11-11 12:00:00.000+10:00,,mg/L,0.01,,,,,,,,,
WULE,Nitrite + Nitrate as N,2024-11-11 12:00:00.000+10:00,,mg/L,0.01,,,,,,,,,
WULE,Nitrite as N,2024-11-11 12:00:00.000+10:00,,mg/L,0.01,,,,,,,,,
WULW,Nitrite as N,2024-11-11 12:00:00.000+10:00,,mg/L,0.01,,,,,,,,,
WULM,Nitrite as N,2024-11-11 12:00:00.000+10:00,,mg/L,0.01,,,,,,,,,
WULW,Total Kjeldahl Nitrogen as N,2024-11-11 12:00:00.000+10:00,0.4,mg/L,0.1,,,,,,,,,
WULE,Total Kjeldahl Nitrogen as N,2024-11-11 12:00:00.000+10:00,0.4,mg/L,0.1,,,,,,,,,
WULM,Total Kjeldahl Nitrogen as N,2024-11-11 12:00:00.000+10:00,0.4,mg/L,0.1,,,,,,,,,
WULM,Total Nitrogen as N,2024-11-11 12:00:00.000+10:00,0.4,mg/L,0.1,,,,,,,,,
WULW,Total Nitrogen as N,2024-11-11 12:00:00.000+10:00,0.4,mg/L,0.1,,,,,,,,,
WULE,Total Nitrogen as N,2024-11-11 12:00:00.000+10:00,0.4,mg/L,0.1,,,,,,,,,
WULE,Total Phosphorus as P,2024-11-11 12:00:00.000+10:00,0.02,mg/L,0.01,,,,,,,,,
WULM,Total Phosphorus as P,2024-11-11 12:00:00.000+10:00,0.02,mg/L,0.01,,,,,,,,,
WULW,Total Phosphorus as P,2024-11-11 12:00:00.000+10:00,0.02,mg/L,0.01,,,,,,,,,
WULW,Total suspended solids,2024-11-11 12:00:00.000+10:00,,mg/L,5,,,,,,,,,
WULM,Total suspended solids,2024-11-11 12:00:00.000+10:00,,mg/L,5,,,,,,,,,
WULE,Total suspended solids,2024-11-11 12:00:00.000+10:00,,mg/L,5,,,,,,,,,
WULE,Chlorophyll - a,2024-11-11 10:20:00.000+11:00,3.53,mg/m^3,,,,,,,,,,
WULE,Coccoid Blue Green Picoplankton_Biovolume,2024-11-11 10:20:00.000+11:00,0.007,mm3/l,,,,,,,,,,
WULE,Coccoid Blue Green Picoplankton_Cell count,2024-11-11 10:20:00.000+11:00,16086,cells/ml,,,,,,,,,,
WULE,Cyanobacteria Biovolume,2024-11-11 10:20:00.000+11:00,0.079,mm3/l,,,,,,,,,,
WULE,Enterococci,2024-11-11 10:20:00.000+11:00,3,cfu/100ml,,,,,,,,,,
WULE,Microcystis_Biovolume,2024-11-11 10:20:00.000+11:00,0.072,mm3/l,,,,,,,,,,
WULE,Microcystis_Cell count,2024-11-11 10:20:00.000+11:00,2763,cells/ml,,,,,,,,,,
WULE,Potentially Toxic Cyanobacteria,2024-11-11 10:20:00.000+11:00,2760,cells/ml,,,,,,,,,,
WULE,Potentially Toxic Cyanobacteria Biovolume,2024-11-11 10:20:00.000+11:00,0.072,mm3/l,,,,,,,,,,
WULE,Total Cyanobacteria,2024-11-11 10:20:00.000+11:00,18850,cells/ml,,,,,,,,,,
WULM,Chlorophyll - a,2024-11-11 10:10:00.000+11:00,3.23,mg/m^3,,,,,,,,,,
WULM,Coccoid Blue Green Picoplankton_Biovolume,2024-11-11 10:10:00.000+11:00,0.026,mm3/l,,,,,,,,,,
WULM,Coccoid Blue Green Picoplankton_Cell count,2024-11-11 10:10:00.000+11:00,59282,cells/ml,,,,,,,,,,
WULM,Cyanobacteria Biovolume,2024-11-11 10:10:00.000+11:00,0.087,mm3/l,,,,,,,,,,
WULM,Enterococci,2024-11-11 10:10:00.000+11:00,1,cfu/100ml,,,,,,,,,,
WULM,Microcystis_Biovolume,2024-11-11 10:10:00.000+11:00,0.061,mm3/l,,,,,,,,,,
WULM,Microcystis_Cell count,2024-11-11 10:10:00.000+11:00,2368,cells/ml,,,,,,,,,,
WULM,Potentially Toxic Cyanobacteria,2024-11-11 10:10:00.000+11:00,2370,cells/ml,,,,,,,,,,
WULM,Potentially Toxic Cyanobacteria Biovolume,2024-11-11 10:10:00.000+11:00,0.061,mm3/l,,,,,,,,,,
WULM,Total Cyanobacteria,2024-11-11 10:10:00.000+11:00,61650,cells/ml,,,,,,,,,,
WULW,Chlorophyll - a,2024-11-11 10:00:00.000+11:00,3.31,mg/m^3,,,,,,,,,,
WULW,Coccoid Blue Green Picoplankton_Biovolume,2024-11-11 10:00:00.000+11:00,0.006,mm3/l,,,,,,,,,,
WULW,Coccoid Blue Green Picoplankton_Cell count,2024-11-11 10:00:00.000+11:00,14684,cells/ml,,,,,,,,,,
WULW,Cyanobacteria Biovolume,2024-11-11 10:00:00.000+11:00,0.046,mm3/l,,,,,,,,,,
WULW,Enterococci,2024-11-11 10:00:00.000+11:00,5,cfu/100ml,,,,,,,,,,
WULW,Microcystis_Biovolume,2024-11-11 10:00:00.000+11:00,0.04,mm3/l,,,,,,,,,,
WULW,Microcystis_Cell count,2024-11-11 10:00:00.000+11:00,1551,cells/ml,,,,,,,,,,
WULW,Potentially Toxic Cyanobacteria,2024-11-11 10:00:00.000+11:00,1550,cells/ml,,,,,,,,,,
WULW,Potentially Toxic Cyanobacteria Biovolume,2024-11-11 10:00:00.000+11:00,0.04,mm3/l,,,,,,,,,,
WULW,Total Cyanobacteria,2024-11-11 10:00:00.000+11:00,16240,cells/ml,,,,,,,,,,
WULE,Coccoid Blue Green Picoplankton_Biovolume,2024-11-04 12:10:00.000+11:00,0.002,mm3/l,,,,,,,,,,
WULE,Coccoid Blue Green Picoplankton_Cell count,2024-11-04 12:10:00.000+11:00,4954,cells/ml,,,,,,,,,,
WULE,Cyanobacteria Biovolume,2024-11-04 12:10:00.000+11:00,0.053,mm3/l,,,,,,,,,,
WULE,Enterococci,2024-11-04 12:10:00.000+11:00,3,cfu/100ml,,,,,,,,,,
WULE,Microcystis_Biovolume,2024-11-04 12:10:00.000+11:00,0.051,mm3/l,,,,,,,,,,
WULE,Microcystis_Cell count,2024-11-04 12:10:00.000+11:00,1960,cells/ml,,,,,,,,,,
WULE,Potentially Toxic Cyanobacteria,2024-11-04 12:10:00.000+11:00,1960,cells/ml,,,,,,,,,,
WULE,Potentially Toxic Cyanobacteria Biovolume,2024-11-04 12:10:00.000+11:00,0.051,mm3/l,,,,,,,,,,
WULE,Total Cyanobacteria,2024-11-04 12:10:00.000+11:00,6910,cells/ml,,,,,,,,,,
WULM,Coccoid Blue Green Picoplankton_Biovolume,2024-11-04 12:00:00.000+11:00,0.006,mm3/l,,,,,,,,,,
WULM,Coccoid Blue Green Picoplankton_Cell count,2024-11-04 12:00:00.000+11:00,15127,cells/ml,,,,,,,,,,
WULM,Cyanobacteria Biovolume,2024-11-04 12:00:00.000+11:00,0.188,mm3/l,,,,,,,,,,
WULM,Enterococci,2024-11-04 12:00:00.000+11:00,6,cfu/100ml,,,,,,,,,,
WULM,Microcystis species 2_Biovolume,2024-11-04 12:00:00.000+11:00,0.057,mm3/l,,,,,,,,,,
WULM,Microcystis species 2_Cell count,2024-11-04 12:00:00.000+11:00,674,cells/ml,,,,,,,,,,
WULM,Microcystis_Biovolume,2024-11-04 12:00:00.000+11:00,0.125,mm3/l,,,,,,,,,,
WULM,Microcystis_Cell count,2024-11-04 12:00:00.000+11:00,4818,cells/ml,,,,,,,,,,
WULM,Potentially Toxic Cyanobacteria,2024-11-04 12:00:00.000+11:00,5490,cells/ml,,,,,,,,,,
WULM,Potentially Toxic Cyanobacteria Biovolume,2024-11-04 12:00:00.000+11:00,0.182,mm3/l,,,,,,,,,,
WULM,Total Cyanobacteria,2024-11-04 12:00:00.000+11:00,20620,cells/ml,,,,,,,,,,
WULW,Coccoid Blue Green Picoplankton_Biovolume,2024-11-04 11:45:00.000+11:00,0.01,mm3/l,,,,,,,,,,
WULW,Coccoid Blue Green Picoplankton_Cell count,2024-11-04 11:45:00.000+11:00,22755,cells/ml,,,,,,,,,,
WULW,Cyanobacteria Biovolume,2024-11-04 11:45:00.000+11:00,0.018,mm3/l,,,,,,,,,,
WULW,Enterococci,2024-11-04 11:45:00.000+11:00,1,cfu/100ml,,,,,,,,,,
WULW,Microcystis_Biovolume,2024-11-04 11:45:00.000+11:00,0.008,mm3/l,,,,,,,,,,
WULW,Microcystis_Cell count,2024-11-04 11:45:00.000+11:00,340,cells/ml,,,,,,,,,,
WULW,Potentially Toxic Cyanobacteria,2024-11-04 11:45:00.000+11:00,340,cells/ml,,,,,,,,,,
WULW,Potentially Toxic Cyanobacteria Biovolume,2024-11-04 11:45:00.000+11:00,0.008,mm3/l,,,,,,,,,,
WULW,Total Cyanobacteria,2024-11-04 11:45:00.000+11:00,23100,cells/ml,,,,,,,,,,
WULM,Ammonia as N,2024-10-28 12:00:00.000+10:00,0.01,mg/L,0.01,,,,,,,,,
WULE,Ammonia as N,2024-10-28 12:00:00.000+10:00,0.03,mg/L,0.01,,,,,,,,,
WULW,Ammonia as N,2024-10-28 12:00:00.000+10:00,0.04,mg/L,0.01,,,,,,,,,
WULM,Dissolved Reactive Phosphorus as P,2024-10-28 12:00:00.000+10:00,,mg/L,0.01,,,,,,,,,
WULE,Dissolved Reactive Phosphorus as P,2024-10-28 12:00:00.000+10:00,,mg/L,0.01,,,,,,,,,
WULW,Dissolved Reactive Phosphorus as P,2024-10-28 12:00:00.000+10:00,,mg/L,0.01,,,,,,,,,
WULM,Nitrate as N,2024-10-28 12:00:00.000+10:00,0.03,mg/L,0.01,,,,,,,,,
WULE,Nitrate as N,2024-10-28 12:00:00.000+10:00,0.04,mg/L,0.01,,,,,,,,,
WULW,Nitrate as N,2024-10-28 12:00:00.000+10:00,0.03,mg/L,0.01,,,,,,,,,
WULM,Nitrite + Nitrate as N,2024-10-28 12:00:00.000+10:00,0.03,mg/L,0.01,,,,,,,,,
WULE,Nitrite + Nitrate as N,2024-10-28 12:00:00.000+10:00,0.04,mg/L,0.01,,,,,,,,,
WULW,Nitrite + Nitrate as N,2024-10-28 12:00:00.000+10:00,0.03,mg/L,0.01,,,,,,,,,
WULW,Nitrite as N,2024-10-28 12:00:00.000+10:00,,mg/L,0.01,,,,,,,,,
WULE,Nitrite as N,2024-10-28 12:00:00.000+10:00,,mg/L,0.01,,,,,,,,,
WULM,Nitrite as N,2024-10-28 12:00:00.000+10:00,,mg/L,0.01,,,,,,,,,
WULM,Total Kjeldahl Nitrogen as N,2024-10-28 12:00:00.000+10:00,0.4,mg/L,0.1,,,,,,,,,
WULE,Total Kjeldahl Nitrogen as N,2024-10-28 12:00:00.000+10:00,0.5,mg/L,0.1,,,,,,,,,
WULW,Total Kjeldahl Nitrogen as N,2024-10-28 12:00:00.000+10:00,0.5,mg/L,0.1,,,,,,,,,
WULW,Total Nitrogen as N,2024-10-28 12:00:00.000+10:00,0.5,mg/L,0.1,,,,,,,,,
WULM,Total Nitrogen as N,2024-10-28 12:00:00.000+10:00,0.4,mg/L,0.1,,,,,,,,,
WULE,Total Nitrogen as N,2024-10-28 12:00:00.000+10:00,0.5,mg/L,0.1,,,,,,,,,
WULM,Total Phosphorus as P,2024-10-28 12:00:00.000+10:00,0.02,mg/L,0.01,,,,,,,,,
WULE,Total Phosphorus as P,2024-10-28 12:00:00.000+10:00,0.03,mg/L,0.01,,,,,,,,,
WULW,Total Phosphorus as P,2024-10-28 12:00:00.000+10:00,0.02,mg/L,0.01,,,,,,,,,
WULM,Total suspended solids,2024-10-28 12:00:00.000+10:00,,mg/L,5,,,,,,,,,
WULE,Total suspended solids,2024-10-28 12:00:00.000+10:00,,mg/L,5,,,,,,,,,
WULW,Total suspended solids,2024-10-28 12:00:00.000+10:00,,mg/L,5,,,,,,,,,
WULE,Chlorophyll - a,2024-10-28 11:10:00.000+11:00,5.27,mg/m^3,,,,,,,,,,
WULE,Coccoid Blue Green Picoplankton_Biovolume,2024-10-28 11:10:00.000+11:00,0.002,mm3/l,,,,,,,,,,
WULE,Coccoid Blue Green Picoplankton_Cell count,2024-10-28 11:10:00.000+11:00,4532,cells/ml,,,,,,,,,,
WULE,Cyanobacteria Biovolume,2024-10-28 11:10:00.000+11:00,0.044,mm3/l,,,,,,,,,,
WULE,Enterococci,2024-10-28 11:10:00.000+11:00,1,cfu/100ml,,,,,,,,,,
WULE,Microcystis_Biovolume,2024-10-28 11:10:00.000+11:00,0.042,mm3/l,,,,,,,,,,
WULE,Microcystis_Cell count,2024-10-28 11:10:00.000+11:00,1647,cells/ml,,,,,,,,,,
WULE,Potentially Toxic Cyanobacteria,2024-10-28 11:10:00.000+11:00,1650,cells/ml,,,,,,,,,,
WULE,Potentially Toxic Cyanobacteria Biovolume,2024-10-28 11:10:00.000+11:00,0.042,mm3/l,,,,,,,,,,
WULE,Total Cyanobacteria,2024-10-28 11:10:00.000+11:00,6180,cells/ml,,,,,,,,,,
WULM,Chlorophyll - a,2024-10-28 11:00:00.000+11:00,2.26,mg/m^3,,,,,,,,,,
WULM,Coccoid Blue Green Picoplankton_Biovolume,2024-10-28 11:00:00.000+11:00,0.001,mm3/l,,,,,,,,,,
WULM,Coccoid Blue Green Picoplankton_Cell count,2024-10-28 11:00:00.000+11:00,4083,cells/ml,,,,,,,,,,
WULM,Cyanobacteria Biovolume,2024-10-28 11:00:00.000+11:00,0.027,mm3/l,,,,,,,,,,
WULM,Enterococci,2024-10-28 11:00:00.000+11:00,1,cfu/100ml,,,,,,,,,,
WULM,Microcystis_Biovolume,2024-10-28 11:00:00.000+11:00,0.026,mm3/l,,,,,,,,,,
WULM,Microcystis_Cell count,2024-10-28 11:00:00.000+11:00,1034,cells/ml,,,,,,,,,,
WULM,Potentially Toxic Cyanobacteria,2024-10-28 11:00:00.000+11:00,1030,cells/ml,,,,,,,,,,
WULM,Potentially Toxic Cyanobacteria Biovolume,2024-10-28 11:00:00.000+11:00,0.026,mm3/l,,,,,,,,,,
WULM,Total Cyanobacteria,2024-10-28 11:00:00.000+11:00,5120,cells/ml,,,,,,,,,,
WULW,Chlorophyll - a,2024-10-28 10:45:00.000+11:00,7.67,mg/m^3,,,,,,,,,,
WULW,Coccoid Blue Green Picoplankton_Biovolume,2024-10-28 10:45:00.000+11:00,0,mm3/l,,,,,,,,,,
WULW,Coccoid Blue Green Picoplankton_Cell count,2024-10-28 10:45:00.000+11:00,1021,cells/ml,,,,,,,,,,
WULW,Cyanobacteria Biovolume,2024-10-28 10:45:00.000+11:00,0.041,mm3/l,,,,,,,,,,
WULW,Enterococci,2024-10-28 10:45:00.000+11:00,1,cfu/100ml,,,,,,,,,,
WULW,Microcystis_Biovolume,2024-10-28 10:45:00.000+11:00,0.041,mm3/l,,,,,,,,,,
WULW,Microcystis_Cell count,2024-10-28 10:45:00.000+11:00,1572,cells/ml,,,,,,,,,,
WULW,Potentially Toxic Cyanobacteria,2024-10-28 10:45:00.000+11:00,1570,cells/ml,,,,,,,,,,
WULW,Potentially Toxic Cyanobacteria Biovolume,2024-10-28 10:45:00.000+11:00,0.041,mm3/l,,,,,,,,,,
WULW,Total Cyanobacteria,2024-10-28 10:45:00.000+11:00,2590,cells/ml,,,,,,,,,,
WULW,Ammonia as N,2024-10-14 12:00:00.000+10:00,0.05,mg/L,0.01,,,,,,,,,
WULE,Ammonia as N,2024-10-14 12:00:00.000+10:00,0.02,mg/L,0.01,,,,,,,,,
WULM,Ammonia as N,2024-10-14 12:00:00.000+10:00,0.07,mg/L,0.01,,,,,,,,,
WULW,Dissolved Reactive Phosphorus as P,2024-10-14 12:00:00.000+10:00,,mg/L,0.01,,,,,,,,,
WULE,Dissolved Reactive Phosphorus as P,2024-10-14 12:00:00.000+10:00,,mg/L,0.01,,,,,,,,,
WULM,Dissolved Reactive Phosphorus as P,2024-10-14 12:00:00.000+10:00,,mg/L,0.01,,,,,,,,,
WULE,Nitrate as N,2024-10-14 12:00:00.000+10:00,,mg/L,0.01,,,,,,,,,
WULW,Nitrate as N,2024-10-14 12:00:00.000+10:00,,mg/L,0.01,,,,,,,,,
WULM,Nitrate as N,2024-10-14 12:00:00.000+10:00,,mg/L,0.01,,,,,,,,,
WULE,Nitrite + Nitrate as N,2024-10-14 12:00:00.000+10:00,,mg/L,0.01,,,,,,,,,
WULW,Nitrite + Nitrate as N,2024-10-14 12:00:00.000+10:00,,mg/L,0.01,,,,,,,,,
WULM,Nitrite + Nitrate as N,2024-10-14 12:00:00.000+10:00,,mg/L,0.01,,,,,,,,,
WULW,Nitrite as N,2024-10-14 12:00:00.000+10:00,,mg/L,0.01,,,,,,,,,
WULM,Nitrite as N,2024-10-14 12:00:00.000+10:00,,mg/L,0.01,,,,,,,,,
WULE,Nitrite as N,2024-10-14 12:00:00.000+10:00,,mg/L,0.01,,,,,,,,,
WULW,Total Kjeldahl Nitrogen as N,2024-10-14 12:00:00.000+10:00,0.4,mg/L,0.1,,,,,,,,,
WULM,Total Kjeldahl Nitrogen as N,2024-10-14 12:00:00.000+10:00,0.5,mg/L,0.1,,,,,,,,,
WULE,Total Kjeldahl Nitrogen as N,2024-10-14 12:00:00.000+10:00,0.4,mg/L,0.1,,,,,,,,,
WULM,Total Nitrogen as N,2024-10-14 12:00:00.000+10:00,0.5,mg/L,0.1,,,,,,,,,
WULE,Total Nitrogen as N,2024-10-14 12:00:00.000+10:00,0.4,mg/L,0.1,,,,,,,,,
WULW,Total Nitrogen as N,2024-10-14 12:00:00.000+10:00,0.4,mg/L,0.1,,,,,,,,,
WULM,Total Phosphorus as P,2024-10-14 12:00:00.000+10:00,0.03,mg/L,0.01,,,,,,,,,
WULE,Total Phosphorus as P,2024-10-14 12:00:00.000+10:00,0.04,mg/L,0.01,,,,,,,,,
WULW,Total Phosphorus as P,2024-10-14 12:00:00.000+10:00,0.05,mg/L,0.01,,,,,,,,,
WULW,Total suspended solids,2024-10-14 12:00:00.000+10:00,,mg/L,5,,,,,,,,,
WULE,Total suspended solids,2024-10-14 12:00:00.000+10:00,,mg/L,5,,,,,,,,,
WULM,Total suspended solids,2024-10-14 12:00:00.000+10:00,,mg/L,5,,,,,,,,,
WULE,Chlorophyll - a,2024-10-14 09:35:00.000+11:00,7.4,mg/m^3,,,,,,,,,,
WULE,Cyanobacteria Biovolume,2024-10-14 09:35:00.000+11:00,0.127,mm3/l,,,,,,,,,,
WULE,Enterococci,2024-10-14 09:35:00.000+11:00,1,cfu/100ml,,,,,,,,,,
WULE,Microcystis_Biovolume,2024-10-14 09:35:00.000+11:00,0.127,mm3/l,,,,,,,,,,
WULE,Microcystis_Cell count,2024-10-14 09:35:00.000+11:00,4899,cells/ml,,,,,,,,,,
WULE,Potentially Toxic Cyanobacteria,2024-10-14 09:35:00.000+11:00,4900,cells/ml,,,,,,,,,,
WULE,Potentially Toxic Cyanobacteria Biovolume,2024-10-14 09:35:00.000+11:00,0.127,mm3/l,,,,,,,,,,
WULE,Total Cyanobacteria,2024-10-14 09:35:00.000+11:00,4900,cells/ml,,,,,,,,,,
WULM,Chlorophyll - a,2024-10-14 09:20:00.000+11:00,6.6,mg/m^3,,,,,,,,,,
WULM,Cyanobacteria Biovolume,2024-10-14 09:20:00.000+11:00,0.196,mm3/l,,,,,,,,,,
WULM,Enterococci,2024-10-14 09:20:00.000+11:00,1,cfu/100ml,,,,,,,,,,
WULM,Microcystis_Biovolume,2024-10-14 09:20:00.000+11:00,0.196,mm3/l,,,,,,,,,,
WULM,Microcystis_Cell count,2024-10-14 09:20:00.000+11:00,7526,cells/ml,,,,,,,,,,
WULM,Potentially Toxic Cyanobacteria,2024-10-14 09:20:00.000+11:00,7530,cells/ml,,,,,,,,,,
WULM,Potentially Toxic Cyanobacteria Biovolume,2024-10-14 09:20:00.000+11:00,0.196,mm3/l,,,,,,,,,,
WULM,Total Cyanobacteria,2024-10-14 09:20:00.000+11:00,7530,cells/ml,,,,,,,,,,
WULW,Chlorophyll - a,2024-10-14 09:10:00.000+11:00,6.5,mg/m^3,,,,,,,,,,
WULW,Cyanobacteria Biovolume,2024-10-14 09:10:00.000+11:00,0.07,mm3/l,,,,,,,,,,
WULW,Enterococci,2024-10-14 09:10:00.000+11:00,1,cfu/100ml,,,,,,,,,,
WULW,Microcystis_Biovolume,2024-10-14 09:10:00.000+11:00,0.07,mm3/l,,,,,,,,,,
WULW,Microcystis_Cell count,2024-10-14 09:10:00.000+11:00,2695,cells/ml,,,,,,,,,,
WULW,Potentially Toxic Cyanobacteria,2024-10-14 09:10:00.000+11:00,2700,cells/ml,,,,,,,,,,
WULW,Potentially Toxic Cyanobacteria Biovolume,2024-10-14 09:10:00.000+11:00,0.07,mm3/l,,,,,,,,,,
WULW,Total Cyanobacteria,2024-10-14 09:10:00.000+11:00,2700,cells/ml,,,,,,,,,,
WULW,Ammonia as N,2024-09-30 12:00:00.000+10:00,0.02,mg/L,0.01,,,,,,,,,
WULM,Ammonia as N,2024-09-30 12:00:00.000+10:00,0.02,mg/L,0.01,,,,,,,,,
WULE,Ammonia as N,2024-09-30 12:00:00.000+10:00,0.04,mg/L,0.01,,,,,,,,,
WULE,Dissolved Reactive Phosphorus as P,2024-09-30 12:00:00.000+10:00,,mg/L,0.01,,,,,,,,,
WULW,Dissolved Reactive Phosphorus as P,2024-09-30 12:00:00.000+10:00,,mg/L,0.01,,,,,,,,,
WULM,Dissolved Reactive Phosphorus as P,2024-09-30 12:00:00.000+10:00,,mg/L,0.01,,,,,,,,,
WULW,Nitrate as N,2024-09-30 12:00:00.000+10:00,,mg/L,0.01,,,,,,,,,
WULM,Nitrate as N,2024-09-30 12:00:00.000+10:00,,mg/L,0.01,,,,,,,,,
WULE,Nitrate as N,2024-09-30 12:00:00.000+10:00,,mg/L,0.01,,,,,,,,,
WULW,Nitrite + Nitrate as N,2024-09-30 12:00:00.000+10:00,,mg/L,0.01,,,,,,,,,
WULM,Nitrite + Nitrate as N,2024-09-30 12:00:00.000+10:00,,mg/L,0.01,,,,,,,,,
WULE,Nitrite + Nitrate as N,2024-09-30 12:00:00.000+10:00,,mg/L,0.01,,,,,,,,,
WULE,Nitrite as N,2024-09-30 12:00:00.000+10:00,,mg/L,0.01,,,,,,,,,
WULM,Nitrite as N,2024-09-30 12:00:00.000+10:00,,mg/L,0.01,,,,,,,,,
WULW,Nitrite as N,2024-09-30 12:00:00.000+10:00,,mg/L,0.01,,,,,,,,,
WULW,Total Kjeldahl Nitrogen as N,2024-09-30 12:00:00.000+10:00,0.5,mg/L,0.1,,,,,,,,,
WULM,Total Kjeldahl Nitrogen as N,2024-09-30 12:00:00.000+10:00,0.5,mg/L,0.1,,,,,,,,,
WULE,Total Kjeldahl Nitrogen as N,2024-09-30 12:00:00.000+10:00,0.5,mg/L,0.1,,,,,,,,,
WULE,Total Nitrogen as N,2024-09-30 12:00:00.000+10:00,0.5,mg/L,0.1,,,,,,,,,
WULW,Total Nitrogen as N,2024-09-30 12:00:00.000+10:00,0.5,mg/L,0.1,,,,,,,,,
WULM,Total Nitrogen as N,2024-09-30 12:00:00.000+10:00,0.5,mg/L,0.1,,,,,,,,,
WULW,Total Phosphorus as P,2024-09-30 12:00:00.000+10:00,0.02,mg/L,0.01,,,,,,,,,
WULM,Total Phosphorus as P,2024-09-30 12:00:00.000+10:00,0.06,mg/L,0.01,,,,,,,,,
WULE,Total Phosphorus as P,2024-09-30 12:00:00.000+10:00,0.04,mg/L,0.01,,,,,,,,,
WULE,Total suspended solids,2024-09-30 12:00:00.000+10:00,,mg/L,5,,,,,,,,,
WULM,Total suspended solids,2024-09-30 12:00:00.000+10:00,,mg/L,5,,,,,,,,,
WULW,Total suspended solids,2024-09-30 12:00:00.000+10:00,,mg/L,5,,,,,,,,,
WULE,Chlorophyll - a,2024-09-30 09:15:00.000+11:00,3,mg/m^3,,,,,,,,,,
WULE,Coccoid Blue Green Picoplankton_Biovolume,2024-09-30 09:15:00.000+11:00,0,mm3/l,,,,,,,,,,
WULE,Coccoid Blue Green Picoplankton_Cell count,2024-09-30 09:15:00.000+11:00,680,cells/ml,,,,,,,,,,
WULE,Cyanobacteria Biovolume,2024-09-30 09:15:00.000+11:00,0.042,mm3/l,,,,,,,,,,
WULE,Enterococci,2024-09-30 09:15:00.000+11:00,1,cfu/100ml,,,,,,,,,,
WULE,Microcystis_Biovolume,2024-09-30 09:15:00.000+11:00,0.042,mm3/l,,,,,,,,,,
WULE,Microcystis_Cell count,2024-09-30 09:15:00.000+11:00,1633,cells/ml,,,,,,,,,,
WULE,Potentially Toxic Cyanobacteria,2024-09-30 09:15:00.000+11:00,1630,cells/ml,,,,,,,,,,
WULE,Potentially Toxic Cyanobacteria Biovolume,2024-09-30 09:15:00.000+11:00,0.042,mm3/l,,,,,,,,,,
WULE,Total Cyanobacteria,2024-09-30 09:15:00.000+11:00,2310,cells/ml,,,,,,,,,,
WULM,Chlorophyll - a,2024-09-30 09:05:00.000+11:00,3.3,mg/m^3,,,,,,,,,,
WULM,Cyanobacteria Biovolume,2024-09-30 09:05:00.000+11:00,0.636,mm3/l,,,,,,,,,,
WULM,Enterococci,2024-09-30 09:05:00.000+11:00,2,cfu/100ml,,,,,,,,,,
WULM,Microcystis_Biovolume,2024-09-30 09:05:00.000+11:00,0.636,mm3/l,,,,,,,,,,
WULM,Microcystis_Cell count,2024-09-30 09:05:00.000+11:00,24388,cells/ml,,,,,,,,,,
WULM,Potentially Toxic Cyanobacteria,2024-09-30 09:05:00.000+11:00,24390,cells/ml,,,,,,,,,,
WULM,Potentially Toxic Cyanobacteria Biovolume,2024-09-30 09:05:00.000+11:00,0.636,mm3/l,,,,,,,,,,
WULM,Total Cyanobacteria,2024-09-30 09:05:00.000+11:00,24390,cells/ml,,,,,,,,,,
WULW,Chlorophyll - a,2024-09-30 08:50:00.000+11:00,3.6,mg/m^3,,,,,,,,,,
WULW,Coccoid Blue Green Picoplankton_Biovolume,2024-09-30 08:50:00.000+11:00,0,mm3/l,,,,,,,,,,
WULW,Coccoid Blue Green Picoplankton_Cell count,2024-09-30 08:50:00.000+11:00,1497,cells/ml,,,,,,,,,,
WULW,Cyanobacteria Biovolume,2024-09-30 08:50:00.000+11:00,0.108,mm3/l,,,,,,,,,,
WULW,Enterococci,2024-09-30 08:50:00.000+11:00,2,cfu/100ml,,,,,,,,,,
WULW,Microcystis_Biovolume,2024-09-30 08:50:00.000+11:00,0.108,mm3/l,,,,,,,,,,
WULW,Microcystis_Cell count,2024-09-30 08:50:00.000+11:00,4164,cells/ml,,,,,,,,,,
WULW,Potentially Toxic Cyanobacteria,2024-09-30 08:50:00.000+11:00,4160,cells/ml,,,,,,,,,,
WULW,Potentially Toxic Cyanobacteria Biovolume,2024-09-30 08:50:00.000+11:00,0.108,mm3/l,,,,,,,,,,
WULW,Total Cyanobacteria,2024-09-30 08:50:00.000+11:00,5660,cells/ml,,,,,,,,,,
WULW,Ammonia as N,2024-09-16 12:00:00.000+10:00,0.05,mg/L,0.01,,,,,,,,,
WULE,Ammonia as N,2024-09-16 12:00:00.000+10:00,0.05,mg/L,0.01,,,,,,,,,
WULM,Ammonia as N,2024-09-16 12:00:00.000+10:00,0.04,mg/L,0.01,,,,,,,,,
WULW,Dissolved Reactive Phosphorus as P,2024-09-16 12:00:00.000+10:00,,mg/L,0.01,,,,,,,,,
WULE,Dissolved Reactive Phosphorus as P,2024-09-16 12:00:00.000+10:00,,mg/L,0.01,,,,,,,,,
WULM,Dissolved Reactive Phosphorus as P,2024-09-16 12:00:00.000+10:00,,mg/L,0.01,,,,,,,,,
WULE,Nitrate as N,2024-09-16 12:00:00.000+10:00,,mg/L,0.01,,,,,,,,,
WULM,Nitrate as N,2024-09-16 12:00:00.000+10:00,,mg/L,0.01,,,,,,,,,
WULW,Nitrate as N,2024-09-16 12:00:00.000+10:00,,mg/L,0.01,,,,,,,,,
WULW,Nitrite + Nitrate as N,2024-09-16 12:00:00.000+10:00,,mg/L,0.01,,,,,,,,,
WULE,Nitrite + Nitrate as N,2024-09-16 12:00:00.000+10:00,,mg/L,0.01,,,,,,,,,
WULM,Nitrite + Nitrate as N,2024-09-16 12:00:00.000+10:00,,mg/L,0.01,,,,,,,,,
WULM,Nitrite as N,2024-09-16 12:00:00.000+10:00,,mg/L,0.01,,,,,,,,,
WULW,Nitrite as N,2024-09-16 12:00:00.000+10:00,,mg/L,0.01,,,,,,,,,
WULE,Nitrite as N,2024-09-16 12:00:00.000+10:00,,mg/L,0.01,,,,,,,,,
WULE,Total Kjeldahl Nitrogen as N,2024-09-16 12:00:00.000+10:00,0.4,mg/L,0.1,,,,,,,,,
WULM,Total Kjeldahl Nitrogen as N,2024-09-16 12:00:00.000+10:00,0.4,mg/L,0.1,,,,,,,,,
WULW,Total Kjeldahl Nitrogen as N,2024-09-16 12:00:00.000+10:00,0.5,mg/L,0.1,,,,,,,,,
WULW,Total Nitrogen as N,2024-09-16 12:00:00.000+10:00,0.5,mg/L,0.1,,,,,,,,,
WULE,Total Nitrogen as N,2024-09-16 12:00:00.000+10:00,0.4,mg/L,0.1,,,,,,,,,
WULM,Total Nitrogen as N,2024-09-16 12:00:00.000+10:00,0.4,mg/L,0.1,,,,,,,,,
WULM,Total Phosphorus as P,2024-09-16 12:00:00.000+10:00,0.02,mg/L,0.01,,,,,,,,,
WULW,Total Phosphorus as P,2024-09-16 12:00:00.000+10:00,0.02,mg/L,0.01,,,,,,,,,
WULE,Total Phosphorus as P,2024-09-16 12:00:00.000+10:00,0.05,mg/L,0.01,,,,,,,,,
WULM,Total suspended solids,2024-09-16 12:00:00.000+10:00,6,mg/L,5,,,,,,,,,
WULW,Total suspended solids,2024-09-16 12:00:00.000+10:00,,mg/L,5,,,,,,,,,
WULE,Total suspended solids,2024-09-16 12:00:00.000+10:00,5,mg/L,5,,,,,,,,,
WULE,Chlorophyll - a,2024-09-16 09:05:00.000+11:00,5.7,mg/m^3,,,,,,,,,,
WULE,Coccoid Blue Green Picoplankton_Biovolume,2024-09-16 09:05:00.000+11:00,0.003,mm3/l,,,,,,,,,,
WULE,Coccoid Blue Green Picoplankton_Cell count,2024-09-16 09:05:00.000+11:00,6859,cells/ml,,,,,,,,,,
WULE,Cyanobacteria Biovolume,2024-09-16 09:05:00.000+11:00,0.112,mm3/l,,,,,,,,,,
WULE,Enterococci,2024-09-16 09:05:00.000+11:00,1,cfu/100ml,,,,,,,,,,
WULE,Microcystis_Biovolume,2024-09-16 09:05:00.000+11:00,0.109,mm3/l,,,,,,,,,,
WULE,Microcystis_Cell count,2024-09-16 09:05:00.000+11:00,4192,cells/ml,,,,,,,,,,
WULE,Potentially Toxic Cyanobacteria,2024-09-16 09:05:00.000+11:00,4190,cells/ml,,,,,,,,,,
WULE,Potentially Toxic Cyanobacteria Biovolume,2024-09-16 09:05:00.000+11:00,0.109,mm3/l,,,,,,,,,,
WULE,Total Cyanobacteria,2024-09-16 09:05:00.000+11:00,11050,cells/ml,,,,,,,,,,
WULM,Chlorophyll - a,2024-09-16 08:55:00.000+11:00,8.6,mg/m^3,,,,,,,,,,
WULM,Coccoid Blue Green Picoplankton_Biovolume,2024-09-16 08:55:00.000+11:00,0.004,mm3/l,,,,,,,,,,
WULM,Coccoid Blue Green Picoplankton_Cell count,2024-09-16 08:55:00.000+11:00,9819,cells/ml,,,,,,,,,,
WULM,Cyanobacteria Biovolume,2024-09-16 08:55:00.000+11:00,0.223,mm3/l,,,,,,,,,,
WULM,Enterococci,2024-09-16 08:55:00.000+11:00,1,cfu/100ml,,,,,,,,,,
WULM,Microcystis_Biovolume,2024-09-16 08:55:00.000+11:00,0.219,mm3/l,,,,,,,,,,
WULM,Microcystis_Cell count,2024-09-16 08:55:00.000+11:00,8404,cells/ml,,,,,,,,,,
WULM,Potentially Toxic Cyanobacteria,2024-09-16 08:55:00.000+11:00,8400,cells/ml,,,,,,,,,,
WULM,Potentially Toxic Cyanobacteria Biovolume,2024-09-16 08:55:00.000+11:00,0.219,mm3/l,,,,,,,,,,
WULM,Total Cyanobacteria,2024-09-16 08:55:00.000+11:00,18220,cells/ml,,,,,,,,,,
WULW,Chlorophyll - a,2024-09-16 08:45:00.000+11:00,9.6,mg/m^3,,,,,,,,,,
WULW,Coccoid Blue Green Picoplankton_Biovolume,2024-09-16 08:45:00.000+11:00,0.004,mm3/l,,,,,,,,,,
WULW,Coccoid Blue Green Picoplankton_Cell count,2024-09-16 08:45:00.000+11:00,10193,cells/ml,,,,,,,,,,
WULW,Cyanobacteria Biovolume,2024-09-16 08:45:00.000+11:00,0.322,mm3/l,,,,,,,,,,
WULW,Enterococci,2024-09-16 08:45:00.000+11:00,1,cfu/100ml,,,,,,,,,,
WULW,Microcystis_Biovolume,2024-09-16 08:45:00.000+11:00,0.316,mm3/l,,,,,,,,,,
WULW,Microcystis_Cell count,2024-09-16 08:45:00.000+11:00,12149,cells/ml,,,,,,,,,,
WULW,Planktolyngbya_Biovolume,2024-09-16 08:45:00.000+11:00,0,mm3/l,,,,,,,,,,
WULW,Planktolyngbya_Cell count,2024-09-16 08:45:00.000+11:00,272,cells/ml,,,,,,,,,,
WULW,Potentially Toxic Cyanobacteria,2024-09-16 08:45:00.000+11:00,12150,cells/ml,,,,,,,,,,
WULW,Potentially Toxic Cyanobacteria Biovolume,2024-09-16 08:45:00.000+11:00,0.316,mm3/l,,,,,,,,,,
WULW,Synechococcus cf_Biovolume,2024-09-16 08:45:00.000+11:00,0.002,mm3/l,,,,,,,,,,
WULW,Synechococcus cf_Cell count,2024-09-16 08:45:00.000+11:00,408,cells/ml,,,,,,,,,,
WULW,Total Cyanobacteria,2024-09-16 08:45:00.000+11:00,23020,cells/ml,,,,,,,,,,
WULE,Ammonia as N,2024-09-12 12:00:00.000+11:00,,mg/L,0.01,,,,,,,,,
WULM,Ammonia as N,2024-09-12 12:00:00.000+11:00,,mg/L,0.01,,,,,,,,,
WULW,Ammonia as N,2024-09-12 12:00:00.000+11:00,0.03,mg/L,0.01,,,,,,,,,
WULM,Dissolved Reactive Phosphorus as P,2024-09-12 12:00:00.000+11:00,,mg/L,0.01,,,,,,,,,
WULW,Dissolved Reactive Phosphorus as P,2024-09-12 12:00:00.000+11:00,,mg/L,0.01,,,,,,,,,
WULE,Dissolved Reactive Phosphorus as P,2024-09-12 12:00:00.000+11:00,,mg/L,0.01,,,,,,,,,
WULE,Nitrate as N,2024-09-12 12:00:00.000+11:00,,mg/L,0.01,,,,,,,,,
WULM,Nitrate as N,2024-09-12 12:00:00.000+11:00,,mg/L,0.01,,,,,,,,,
WULW,Nitrate as N,2024-09-12 12:00:00.000+11:00,,mg/L,0.01,,,,,,,,,
WULM,Nitrite + Nitrate as N,2024-09-12 12:00:00.000+11:00,,mg/L,0.01,,,,,,,,,
WULE,Nitrite + Nitrate as N,2024-09-12 12:00:00.000+11:00,,mg/L,0.01,,,,,,,,,
WULW,Nitrite + Nitrate as N,2024-09-12 12:00:00.000+11:00,,mg/L,0.01,,,,,,,,,
WULE,Nitrite as N,2024-09-12 12:00:00.000+11:00,,mg/L,0.01,,,,,,,,,
WULM,Nitrite as N,2024-09-12 12:00:00.000+11:00,,mg/L,0.01,,,,,,,,,
WULW,Nitrite as N,2024-09-12 12:00:00.000+11:00,,mg/L,0.01,,,,,,,,,
WULW,Total Kjeldahl Nitrogen as N,2024-09-12 12:00:00.000+11:00,0.4,mg/L,0.1,,,,,,,,,
WULE,Total Kjeldahl Nitrogen as N,2024-09-12 12:00:00.000+11:00,0.5,mg/L,0.1,,,,,,,,,
WULM,Total Kjeldahl Nitrogen as N,2024-09-12 12:00:00.000+11:00,0.4,mg/L,0.1,,,,,,,,,
WULE,Total Nitrogen as N,2024-09-12 12:00:00.000+11:00,0.5,mg/L,0.1,,,,,,,,,
WULM,Total Nitrogen as N,2024-09-12 12:00:00.000+11:00,0.4,mg/L,0.1,,,,,,,,,
WULW,Total Nitrogen as N,2024-09-12 12:00:00.000+11:00,0.4,mg/L,0.1,,,,,,,,,
WULM,Total Phosphorus as P,2024-09-12 12:00:00.000+11:00,0.05,mg/L,0.01,,,,,,,,,
WULW,Total Phosphorus as P,2024-09-12 12:00:00.000+11:00,0.04,mg/L,0.01,,,,,,,,,
WULE,Total Phosphorus as P,2024-09-12 12:00:00.000+11:00,0.04,mg/L,0.01,,,,,,,,,
WULW,Total suspended solids,2024-09-12 12:00:00.000+11:00,,mg/L,5,,,,,,,,,
WULE,Total suspended solids,2024-09-12 12:00:00.000+11:00,,mg/L,5,,,,,,,,,
WULM,Total suspended solids,2024-09-12 12:00:00.000+11:00,,mg/L,5,,,,,,,,,
WULE,Ammonia as N,2024-09-02 12:00:00.000+11:00,0.08,mg/L,0.01,,,,,,,,,
WULM,Ammonia as N,2024-09-02 12:00:00.000+11:00,0.04,mg/L,0.01,,,,,,,,,
WULW,Ammonia as N,2024-09-02 12:00:00.000+11:00,0.07,mg/L,0.01,,,,,,,,,
WULW,Dissolved Reactive Phosphorus as P,2024-09-02 12:00:00.000+11:00,,mg/L,0.01,,,,,,,,,
WULE,Dissolved Reactive Phosphorus as P,2024-09-02 12:00:00.000+11:00,,mg/L,0.01,,,,,,,,,
WULM,Dissolved Reactive Phosphorus as P,2024-09-02 12:00:00.000+11:00,,mg/L,0.01,,,,,,,,,
WULM,Nitrate as N,2024-09-02 12:00:00.000+11:00,0.03,mg/L,0.01,,,,,,,,,
WULE,Nitrate as N,2024-09-02 12:00:00.000+11:00,0.02,mg/L,0.01,,,,,,,,,
WULW,Nitrate as N,2024-09-02 12:00:00.000+11:00,0.03,mg/L,0.01,,,,,,,,,
WULE,Nitrite + Nitrate as N,2024-09-02 12:00:00.000+11:00,0.02,mg/L,0.01,,,,,,,,,
WULW,Nitrite + Nitrate as N,2024-09-02 12:00:00.000+11:00,0.03,mg/L,0.01,,,,,,,,,
WULM,Nitrite + Nitrate as N,2024-09-02 12:00:00.000+11:00,0.03,mg/L,0.01,,,,,,,,,
WULM,Nitrite as N,2024-09-02 12:00:00.000+11:00,,mg/L,0.01,,,,,,,,,
WULE,Nitrite as N,2024-09-02 12:00:00.000+11:00,,mg/L,0.01,,,,,,,,,
WULW,Nitrite as N,2024-09-02 12:00:00.000+11:00,,mg/L,0.01,,,,,,,,,
WULE,Total Kjeldahl Nitrogen as N,2024-09-02 12:00:00.000+11:00,0.6,mg/L,0.1,,,,,,,,,
WULW,Total Kjeldahl Nitrogen as N,2024-09-02 12:00:00.000+11:00,0.5,mg/L,0.1,,,,,,,,,
WULM,Total Kjeldahl Nitrogen as N,2024-09-02 12:00:00.000+11:00,0.5,mg/L,0.1,,,,,,,,,
WULW,Total Nitrogen as N,2024-09-02 12:00:00.000+11:00,0.5,mg/L,0.1,,,,,,,,,
WULM,Total Nitrogen as N,2024-09-02 12:00:00.000+11:00,0.5,mg/L,0.1,,,,,,,,,
WULE,Total Nitrogen as N,2024-09-02 12:00:00.000+11:00,0.6,mg/L,0.1,,,,,,,,,
WULM,Total Phosphorus as P,2024-09-02 12:00:00.000+11:00,0.03,mg/L,0.01,,,,,,,,,
WULW,Total Phosphorus as P,2024-09-02 12:00:00.000+11:00,0.01,mg/L,0.01,,,,,,,,,
WULE,Total Phosphorus as P,2024-09-02 12:00:00.000+11:00,0.02,mg/L,0.01,,,,,,,,,
WULW,Total suspended solids,2024-09-02 12:00:00.000+11:00,,mg/L,5,,,,,,,,,
WULM,Total suspended solids,2024-09-02 12:00:00.000+11:00,,mg/L,5,,,,,,,,,
WULE,Total suspended solids,2024-09-02 12:00:00.000+11:00,6,mg/L,5,,,,,,,,,
WULE,Ammonia as N,2024-09-02 12:00:00.000+10:00,0.08,mg/L,0.01,,,,,,,,,
WULM,Ammonia as N,2024-09-02 12:00:00.000+10:00,0.04,mg/L,0.01,,,,,,,,,
WULW,Ammonia as N,2024-09-02 12:00:00.000+10:00,0.07,mg/L,0.01,,,,,,,,,
WULE,Dissolved Reactive Phosphorus as P,2024-09-02 12:00:00.000+10:00,,mg/L,0.01,,,,,,,,,
WULM,Dissolved Reactive Phosphorus as P,2024-09-02 12:00:00.000+10:00,,mg/L,0.01,,,,,,,,,
WULW,Dissolved Reactive Phosphorus as P,2024-09-02 12:00:00.000+10:00,,mg/L,0.01,,,,,,,,,
WULM,Nitrate as N,2024-09-02 12:00:00.000+10:00,0.03,mg/L,0.01,,,,,,,,,
WULE,Nitrate as N,2024-09-02 12:00:00.000+10:00,0.02,mg/L,0.01,,,,,,,,,
WULW,Nitrate as N,2024-09-02 12:00:00.000+10:00,0.03,mg/L,0.01,,,,,,,,,
WULE,Nitrite + Nitrate as N,2024-09-02 12:00:00.000+10:00,0.02,mg/L,0.01,,,,,,,,,
WULW,Nitrite + Nitrate as N,2024-09-02 12:00:00.000+10:00,0.03,mg/L,0.01,,,,,,,,,
WULM,Nitrite + Nitrate as N,2024-09-02 12:00:00.000+10:00,0.03,mg/L,0.01,,,,,,,,,
WULW,Nitrite as N,2024-09-02 12:00:00.000+10:00,,mg/L,0.01,,,,,,,,,
WULE,Nitrite as N,2024-09-02 12:00:00.000+10:00,,mg/L,0.01,,,,,,,,,
WULM,Nitrite as N,2024-09-02 12:00:00.000+10:00,,mg/L,0.01,,,,,,,,,
WULM,Total Kjeldahl Nitrogen as N,2024-09-02 12:00:00.000+10:00,0.5,mg/L,0.1,,,,,,,,,
WULW,Total Kjeldahl Nitrogen as N,2024-09-02 12:00:00.000+10:00,0.5,mg/L,0.1,,,,,,,,,
WULE,Total Kjeldahl Nitrogen as N,2024-09-02 12:00:00.000+10:00,0.6,mg/L,0.1,,,,,,,,,
WULW,Total Nitrogen as N,2024-09-02 12:00:00.000+10:00,0.5,mg/L,0.1,,,,,,,,,
WULM,Total Nitrogen as N,2024-09-02 12:00:00.000+10:00,0.5,mg/L,0.1,,,,,,,,,
WULE,Total Nitrogen as N,2024-09-02 12:00:00.000+10:00,0.6,mg/L,0.1,,,,,,,,,
WULE,Total Phosphorus as P,2024-09-02 12:00:00.000+10:00,0.02,mg/L,0.01,,,,,,,,,
WULW,Total Phosphorus as P,2024-09-02 12:00:00.000+10:00,0.01,mg/L,0.01,,,,,,,,,
WULM,Total Phosphorus as P,2024-09-02 12:00:00.000+10:00,0.03,mg/L,0.01,,,,,,,,,
WULW,Total suspended solids,2024-09-02 12:00:00.000+10:00,,mg/L,5,,,,,,,,,
WULE,Total suspended solids,2024-09-02 12:00:00.000+10:00,6,mg/L,5,,,,,,,,,
WULM,Total suspended solids,2024-09-02 12:00:00.000+10:00,,mg/L,5,,,,,,,,,
WULE,Chlorophyll - a,2024-09-02 09:10:00.000+11:00,19.7,mg/m^3,,,,,,,,,,
WULE,Coccoid Blue Green Picoplankton_Biovolume,2024-09-02 09:10:00.000+11:00,0,mm3/l,,,,,,,,,,
WULE,Coccoid Blue Green Picoplankton_Cell count,2024-09-02 09:10:00.000+11:00,817,cells/ml,,,,,,,,,,
WULE,Cyanobacteria Biovolume,2024-09-02 09:10:00.000+11:00,0.128,mm3/l,,,,,,,,,,
WULE,Dolichospermum circinale_Biovolume,2024-09-02 09:10:00.000+11:00,0.103,mm3/l,,,,,,,,,,
WULE,Dolichospermum circinale_Cell count,2024-09-02 09:10:00.000+11:00,596,cells/ml,,,,,,,,,,
WULE,Enterococci,2024-09-02 09:10:00.000+11:00,1,cfu/100ml,,,,,,,,,,
WULE,Microcystis_Biovolume,2024-09-02 09:10:00.000+11:00,0.025,mm3/l,,,,,,,,,,
WULE,Microcystis_Cell count,2024-09-02 09:10:00.000+11:00,980,cells/ml,,,,,,,,,,
WULE,Potentially Toxic Cyanobacteria,2024-09-02 09:10:00.000+11:00,1580,cells/ml,,,,,,,,,,
WULE,Potentially Toxic Cyanobacteria Biovolume,2024-09-02 09:10:00.000+11:00,0.128,mm3/l,,,,,,,,,,
WULE,Total Cyanobacteria,2024-09-02 09:10:00.000+11:00,2390,cells/ml,,,,,,,,,,
WULM,Chlorophyll - a,2024-09-02 09:00:00.000+11:00,15.1,mg/m^3,,,,,,,,,,
WULM,Cyanobacteria Biovolume,2024-09-02 09:00:00.000+11:00,0.18,mm3/l,,,,,,,,,,
WULM,Dolichospermum circinale_Biovolume,2024-09-02 09:00:00.000+11:00,0.079,mm3/l,,,,,,,,,,
WULM,Dolichospermum circinale_Cell count,2024-09-02 09:00:00.000+11:00,459,cells/ml,,,,,,,,,,
WULM,Enterococci,2024-09-02 09:00:00.000+11:00,1,cfu/100ml,,,,,,,,,,
WULM,Microcystis_Biovolume,2024-09-02 09:00:00.000+11:00,0.101,mm3/l,,,,,,,,,,
WULM,Microcystis_Cell count,2024-09-02 09:00:00.000+11:00,3892,cells/ml,,,,,,,,,,
WULM,Potentially Toxic Cyanobacteria,2024-09-02 09:00:00.000+11:00,4350,cells/ml,,,,,,,,,,
WULM,Potentially Toxic Cyanobacteria Biovolume,2024-09-02 09:00:00.000+11:00,0.18,mm3/l,,,,,,,,,,
WULM,Total Cyanobacteria,2024-09-02 09:00:00.000+11:00,4350,cells/ml,,,,,,,,,,
WULW,Chlorophyll - a,2024-09-02 08:45:00.000+11:00,6.7,mg/m^3,,,,,,,,,,
WULW,Cyanobacteria Biovolume,2024-09-02 08:45:00.000+11:00,0.175,mm3/l,,,,,,,,,,
WULW,Dolichospermum circinale_Biovolume,2024-09-02 08:45:00.000+11:00,0.139,mm3/l,,,,,,,,,,
WULW,Dolichospermum circinale_Cell count,2024-09-02 08:45:00.000+11:00,800,cells/ml,,,,,,,,,,
WULW,Enterococci,2024-09-02 08:45:00.000+11:00,2,cfu/100ml,,,,,,,,,,
WULW,Microcystis_Biovolume,2024-09-02 08:45:00.000+11:00,0.036,mm3/l,,,,,,,,,,
WULW,Microcystis_Cell count,2024-09-02 08:45:00.000+11:00,1415,cells/ml,,,,,,,,,,
WULW,Potentially Toxic Cyanobacteria,2024-09-02 08:45:00.000+11:00,2220,cells/ml,,,,,,,,,,
WULW,Potentially Toxic Cyanobacteria Biovolume,2024-09-02 08:45:00.000+11:00,0.175,mm3/l,,,,,,,,,,
WULW,Total Cyanobacteria,2024-09-02 08:45:00.000+11:00,2220,cells/ml,,,,,,,,,,
WULM,Ammonia as N,2024-08-05 12:00:00.000+10:00,0.04,mg/L,0.01,,,,,,,,,
WULE,Ammonia as N,2024-08-05 12:00:00.000+10:00,0.06,mg/L,0.01,,,,,,,,,
WULW,Ammonia as N,2024-08-05 12:00:00.000+10:00,0.06,mg/L,0.01,,,,,,,,,
WULW,Dissolved Reactive Phosphorus as P,2024-08-05 12:00:00.000+10:00,,mg/L,0.01,,,,,,,,,
WULM,Dissolved Reactive Phosphorus as P,2024-08-05 12:00:00.000+10:00,0.01,mg/L,0.01,,,,,,,,,
WULE,Dissolved Reactive Phosphorus as P,2024-08-05 12:00:00.000+10:00,,mg/L,0.01,,,,,,,,,
WULW,Nitrate as N,2024-08-05 12:00:00.000+10:00,0.06,mg/L,0.01,,,,,,,,,
WULE,Nitrate as N,2024-08-05 12:00:00.000+10:00,0.06,mg/L,0.01,,,,,,,,,
WULM,Nitrate as N,2024-08-05 12:00:00.000+10:00,0.06,mg/L,0.01,,,,,,,,,
WULW,Nitrite + Nitrate as N,2024-08-05 12:00:00.000+10:00,0.06,mg/L,0.01,,,,,,,,,
WULM,Nitrite + Nitrate as N,2024-08-05 12:00:00.000+10:00,0.06,mg/L,0.01,,,,,,,,,
WULE,Nitrite + Nitrate as N,2024-08-05 12:00:00.000+10:00,0.06,mg/L,0.01,,,,,,,,,
WULE,Nitrite as N,2024-08-05 12:00:00.000+10:00,,mg/L,0.01,,,,,,,,,
WULM,Nitrite as N,2024-08-05 12:00:00.000+10:00,,mg/L,0.01,,,,,,,,,
WULW,Nitrite as N,2024-08-05 12:00:00.000+10:00,,mg/L,0.01,,,,,,,,,
WULW,Total Kjeldahl Nitrogen as N,2024-08-05 12:00:00.000+10:00,0.6,mg/L,0.1,,,,,,,,,
WULM,Total Kjeldahl Nitrogen as N,2024-08-05 12:00:00.000+10:00,0.7,mg/L,0.1,,,,,,,,,
WULE,Total Kjeldahl Nitrogen as N,2024-08-05 12:00:00.000+10:00,0.7,mg/L,0.1,,,,,,,,,
WULM,Total Nitrogen as N,2024-08-05 12:00:00.000+10:00,0.8,mg/L,0.1,,,,,,,,,
WULE,Total Nitrogen as N,2024-08-05 12:00:00.000+10:00,0.8,mg/L,0.1,,,,,,,,,
WULW,Total Nitrogen as N,2024-08-05 12:00:00.000+10:00,0.7,mg/L,0.1,,,,,,,,,
WULW,Total Phosphorus as P,2024-08-05 12:00:00.000+10:00,0.03,mg/L,0.01,,,,,,,,,
WULE,Total Phosphorus as P,2024-08-05 12:00:00.000+10:00,0.03,mg/L,0.01,,,,,,,,,
WULM,Total Phosphorus as P,2024-08-05 12:00:00.000+10:00,0.03,mg/L,0.01,,,,,,,,,
WULW,Total suspended solids,2024-08-05 12:00:00.000+10:00,,mg/L,5,,,,,,,,,
WULM,Total suspended solids,2024-08-05 12:00:00.000+10:00,,mg/L,5,,,,,,,,,
WULE,Total suspended solids,2024-08-05 12:00:00.000+10:00,,mg/L,5,,,,,,,,,
WULE,Chlorophyll - a,2024-08-05 09:20:00.000+11:00,6.6,mg/m^3,,,,,,,,,,
WULE,Coccoid Blue Green Picoplankton_Biovolume,2024-08-05 09:20:00.000+11:00,0,mm3/l,,,,,,,,,,
WULE,Coccoid Blue Green Picoplankton_Cell count,2024-08-05 09:20:00.000+11:00,408,cells/ml,,,,,,,,,,
WULE,Cyanobacteria Biovolume,2024-08-05 09:20:00.000+11:00,0.01,mm3/l,,,,,,,,,,
WULE,Enterococci,2024-08-05 09:20:00.000+11:00,1,cfu/100ml,,,,,,,,,,
WULE,Microcystis_Biovolume,2024-08-05 09:20:00.000+11:00,0.01,mm3/l,,,,,,,,,,
WULE,Microcystis_Cell count,2024-08-05 09:20:00.000+11:00,408,cells/ml,,,,,,,,,,
WULE,Potentially Toxic Cyanobacteria,2024-08-05 09:20:00.000+11:00,408,cells/ml,,,,,,,,,,
WULE,Potentially Toxic Cyanobacteria Biovolume,2024-08-05 09:20:00.000+11:00,0.01,mm3/l,,,,,,,,,,
WULE,Total Cyanobacteria,2024-08-05 09:20:00.000+11:00,816,cells/ml,,,,,,,,,,
WULE,Chlorophyll - a,2024-08-05 09:20:00.000+10:00,6.6,mg/m^3,,,,,,,,,,
WULE,Coccoid Blue Green Picoplankton_Biovolume,2024-08-05 09:20:00.000+10:00,0,mm3/l,,,,,,,,,,
WULE,Coccoid Blue Green Picoplankton_Cell count,2024-08-05 09:20:00.000+10:00,408,cells/ml,,,,,,,,,,
WULE,Cyanobacteria Biovolume,2024-08-05 09:20:00.000+10:00,0.01,mm3/l,,,,,,,,,,
WULE,Enterococci,2024-08-05 09:20:00.000+10:00,1,cfu/100ml,,,,,,,,,,
WULE,Microcystis_Biovolume,2024-08-05 09:20:00.000+10:00,0.01,mm3/l,,,,,,,,,,
WULE,Microcystis_Cell count,2024-08-05 09:20:00.000+10:00,408,cells/ml,,,,,,,,,,
WULE,Potentially Toxic Cyanobacteria,2024-08-05 09:20:00.000+10:00,408,cells/ml,,,,,,,,,,
WULE,Potentially Toxic Cyanobacteria Biovolume,2024-08-05 09:20:00.000+10:00,0.01,mm3/l,,,,,,,,,,
WULE,Total Cyanobacteria,2024-08-05 09:20:00.000+10:00,816,cells/ml,,,,,,,,,,
WULM,Chlorophyll - a,2024-08-05 09:10:00.000+11:00,9.1,mg/m^3,,,,,,,,,,
WULM,Cyanobacteria Biovolume,2024-08-05 09:10:00.000+11:00,0.121,mm3/l,,,,,,,,,,
WULM,Dolichospermum circinale_Biovolume,2024-08-05 09:10:00.000+11:00,0.118,mm3/l,,,,,,,,,,
WULM,Dolichospermum circinale_Cell count,2024-08-05 09:10:00.000+11:00,680,cells/ml,,,,,,,,,,
WULM,Enterococci,2024-08-05 09:10:00.000+11:00,1,cfu/100ml,,,,,,,,,,
WULM,Microcystis_Biovolume,2024-08-05 09:10:00.000+11:00,0.003,mm3/l,,,,,,,,,,
WULM,Microcystis_Cell count,2024-08-05 09:10:00.000+11:00,136,cells/ml,,,,,,,,,,
WULM,Potentially Toxic Cyanobacteria,2024-08-05 09:10:00.000+11:00,816,cells/ml,,,,,,,,,,
WULM,Potentially Toxic Cyanobacteria Biovolume,2024-08-05 09:10:00.000+11:00,0.121,mm3/l,,,,,,,,,,
WULM,Total Cyanobacteria,2024-08-05 09:10:00.000+11:00,816,cells/ml,,,,,,,,,,
WULM,Chlorophyll - a,2024-08-05 09:10:00.000+10:00,9.1,mg/m^3,,,,,,,,,,
WULM,Cyanobacteria Biovolume,2024-08-05 09:10:00.000+10:00,0.121,mm3/l,,,,,,,,,,
WULM,Dolichospermum circinale_Biovolume,2024-08-05 09:10:00.000+10:00,0.118,mm3/l,,,,,,,,,,
WULM,Dolichospermum circinale_Cell count,2024-08-05 09:10:00.000+10:00,680,cells/ml,,,,,,,,,,
WULM,Enterococci,2024-08-05 09:10:00.000+10:00,1,cfu/100ml,,,,,,,,,,
WULM,Microcystis_Biovolume,2024-08-05 09:10:00.000+10:00,0.003,mm3/l,,,,,,,,,,
WULM,Microcystis_Cell count,2024-08-05 09:10:00.000+10:00,136,cells/ml,,,,,,,,,,
WULM,Potentially Toxic Cyanobacteria,2024-08-05 09:10:00.000+10:00,816,cells/ml,,,,,,,,,,
WULM,Potentially Toxic Cyanobacteria Biovolume,2024-08-05 09:10:00.000+10:00,0.121,mm3/l,,,,,,,,,,
WULM,Total Cyanobacteria,2024-08-05 09:10:00.000+10:00,816,cells/ml,,,,,,,,,,
WULW,Chlorophyll - a,2024-08-05 09:00:00.000+11:00,7.6,mg/m^3,,,,,,,,,,
WULW,Coccoid Blue Green Picoplankton_Biovolume,2024-08-05 09:00:00.000+11:00,0,mm3/l,,,,,,,,,,
WULW,Coccoid Blue Green Picoplankton_Cell count,2024-08-05 09:00:00.000+11:00,1701,cells/ml,,,,,,,,,,
WULW,Cyanobacteria Biovolume,2024-08-05 09:00:00.000+11:00,0.738,mm3/l,,,,,,,,,,
WULW,Dolichospermum circinale_Biovolume,2024-08-05 09:00:00.000+11:00,0.493,mm3/l,,,,,,,,,,
WULW,Dolichospermum circinale_Cell count,2024-08-05 09:00:00.000+11:00,2841,cells/ml,,,,,,,,,,
WULW,Enterococci,2024-08-05 09:00:00.000+11:00,1,cfu/100ml,,,,,,,,,,
WULW,Microcystis_Biovolume,2024-08-05 09:00:00.000+11:00,0.245,mm3/l,,,,,,,,,,
WULW,Microcystis_Cell count,2024-08-05 09:00:00.000+11:00,9431,cells/ml,,,,,,,,,,
WULW,Potentially Toxic Cyanobacteria,2024-08-05 09:00:00.000+11:00,12270,cells/ml,,,,,,,,,,
WULW,Potentially Toxic Cyanobacteria Biovolume,2024-08-05 09:00:00.000+11:00,0.738,mm3/l,,,,,,,,,,
WULW,Total Cyanobacteria,2024-08-05 09:00:00.000+11:00,13970,cells/ml,,,,,,,,,,
WULW,Chlorophyll - a,2024-08-05 09:00:00.000+10:00,7.6,mg/m^3,,,,,,,,,,
WULW,Coccoid Blue Green Picoplankton_Biovolume,2024-08-05 09:00:00.000+10:00,0,mm3/l,,,,,,,,,,
WULW,Coccoid Blue Green Picoplankton_Cell count,2024-08-05 09:00:00.000+10:00,1701,cells/ml,,,,,,,,,,
WULW,Cyanobacteria Biovolume,2024-08-05 09:00:00.000+10:00,0.738,mm3/l,,,,,,,,,,
WULW,Dolichospermum circinale_Biovolume,2024-08-05 09:00:00.000+10:00,0.493,mm3/l,,,,,,,,,,
WULW,Dolichospermum circinale_Cell count,2024-08-05 09:00:00.000+10:00,2841,cells/ml,,,,,,,,,,
WULW,Enterococci,2024-08-05 09:00:00.000+10:00,1,cfu/100ml,,,,,,,,,,
WULW,Microcystis_Biovolume,2024-08-05 09:00:00.000+10:00,0.245,mm3/l,,,,,,,,,,
WULW,Microcystis_Cell count,2024-08-05 09:00:00.000+10:00,9431,cells/ml,,,,,,,,,,
WULW,Potentially Toxic Cyanobacteria,2024-08-05 09:00:00.000+10:00,12270,cells/ml,,,,,,,,,,
WULW,Potentially Toxic Cyanobacteria Biovolume,2024-08-05 09:00:00.000+10:00,0.738,mm3/l,,,,,,,,,,
WULW,Total Cyanobacteria,2024-08-05 09:00:00.000+10:00,13970,cells/ml,,,,,,,,,,
WULW,Ammonia as N,2024-07-01 12:00:00.000+10:00,0.04,mg/L,0.01,,,,,,,,,
WULE,Ammonia as N,2024-07-01 12:00:00.000+10:00,0.08,mg/L,0.01,,,,,,,,,
WULM,Ammonia as N,2024-07-01 12:00:00.000+10:00,0.04,mg/L,0.01,,,,,,,,,
WULE,Dissolved Reactive Phosphorus as P,2024-07-01 12:00:00.000+10:00,,mg/L,0.01,,,,,,,,,
WULW,Dissolved Reactive Phosphorus as P,2024-07-01 12:00:00.000+10:00,,mg/L,0.01,,,,,,,,,
WULM,Dissolved Reactive Phosphorus as P,2024-07-01 12:00:00.000+10:00,,mg/L,0.01,,,,,,,,,
WULM,Nitrate as N,2024-07-01 12:00:00.000+10:00,0.05,mg/L,0.01,,,,,,,,,
WULE,Nitrate as N,2024-07-01 12:00:00.000+10:00,0.05,mg/L,0.01,,,,,,,,,
WULW,Nitrate as N,2024-07-01 12:00:00.000+10:00,0.05,mg/L,0.01,,,,,,,,,
WULW,Nitrite + Nitrate as N,2024-07-01 12:00:00.000+10:00,0.05,mg/L,0.01,,,,,,,,,
WULE,Nitrite + Nitrate as N,2024-07-01 12:00:00.000+10:00,0.05,mg/L,0.01,,,,,,,,,
WULM,Nitrite + Nitrate as N,2024-07-01 12:00:00.000+10:00,0.05,mg/L,0.01,,,,,,,,,
WULW,Nitrite as N,2024-07-01 12:00:00.000+10:00,,mg/L,0.01,,,,,,,,,
WULM,Nitrite as N,2024-07-01 12:00:00.000+10:00,,mg/L,0.01,,,,,,,,,
WULE,Nitrite as N,2024-07-01 12:00:00.000+10:00,,mg/L,0.01,,,,,,,,,
WULE,Total Kjeldahl Nitrogen as N,2024-07-01 12:00:00.000+10:00,0.7,mg/L,0.1,,,,,,,,,
WULW,Total Kjeldahl Nitrogen as N,2024-07-01 12:00:00.000+10:00,0.7,mg/L,0.1,,,,,,,,,
WULM,Total Kjeldahl Nitrogen as N,2024-07-01 12:00:00.000+10:00,0.6,mg/L,0.1,,,,,,,,,
WULM,Total Nitrogen as N,2024-07-01 12:00:00.000+10:00,0.6,mg/L,0.1,,,,,,,,,
WULE,Total Nitrogen as N,2024-07-01 12:00:00.000+10:00,0.8,mg/L,0.1,,,,,,,,,
WULW,Total Nitrogen as N,2024-07-01 12:00:00.000+10:00,0.8,mg/L,0.1,,,,,,,,,
WULE,Total Phosphorus as P,2024-07-01 12:00:00.000+10:00,0.02,mg/L,0.01,,,,,,,,,
WULM,Total Phosphorus as P,2024-07-01 12:00:00.000+10:00,0.02,mg/L,0.01,,,,,,,,,
WULW,Total Phosphorus as P,2024-07-01 12:00:00.000+10:00,0.02,mg/L,0.01,,,,,,,,,
WULM,Total suspended solids,2024-07-01 12:00:00.000+10:00,,mg/L,5,,,,,,,,,
WULW,Total suspended solids,2024-07-01 12:00:00.000+10:00,,mg/L,5,,,,,,,,,
WULE,Total suspended solids,2024-07-01 12:00:00.000+10:00,,mg/L,5,,,,,,,,,
WULE,Chlorophyll - a,2024-07-01 09:55:00.000+10:00,9.6,mg/m^3,,,,,,,,,,
WULE,Coccoid Blue Green Picoplankton_Biovolume,2024-07-01 09:55:00.000+10:00,0.015,mm3/l,,,,,,,,,,
WULE,Coccoid Blue Green Picoplankton_Cell count,2024-07-01 09:55:00.000+10:00,34744,cells/ml,,,,,,,,,,
WULE,Cyanobacteria Biovolume,2024-07-01 09:55:00.000+10:00,0.13,mm3/l,,,,,,,,,,
WULE,Enterococci,2024-07-01 09:55:00.000+10:00,3,cfu/100ml,,,,,,,,,,
WULE,Microcystis_Biovolume,2024-07-01 09:55:00.000+10:00,0.115,mm3/l,,,,,,,,,,
WULE,Microcystis_Cell count,2024-07-01 09:55:00.000+10:00,4409,cells/ml,,,,,,,,,,
WULE,Potentially Toxic Cyanobacteria,2024-07-01 09:55:00.000+10:00,4410,cells/ml,,,,,,,,,,
WULE,Potentially Toxic Cyanobacteria Biovolume,2024-07-01 09:55:00.000+10:00,0.115,mm3/l,,,,,,,,,,
WULE,Total Cyanobacteria,2024-07-01 09:55:00.000+10:00,39150,cells/ml,,,,,,,,,,
WULM,Chlorophyll - a,2024-07-01 09:40:00.000+10:00,8.8,mg/m^3,,,,,,,,,,
WULM,Coccoid Blue Green Picoplankton_Biovolume,2024-07-01 09:40:00.000+10:00,0.014,mm3/l,,,,,,,,,,
WULM,Coccoid Blue Green Picoplankton_Cell count,2024-07-01 09:40:00.000+10:00,31846,cells/ml,,,,,,,,,,
WULM,Cyanobacteria Biovolume,2024-07-01 09:40:00.000+10:00,0.098,mm3/l,,,,,,,,,,
WULM,Enterococci,2024-07-01 09:40:00.000+10:00,1,cfu/100ml,,,,,,,,,,
WULM,Microcystis_Biovolume,2024-07-01 09:40:00.000+10:00,0.084,mm3/l,,,,,,,,,,
WULM,Microcystis_Cell count,2024-07-01 09:40:00.000+10:00,3232,cells/ml,,,,,,,,,,
WULM,Potentially Toxic Cyanobacteria,2024-07-01 09:40:00.000+10:00,3230,cells/ml,,,,,,,,,,
WULM,Potentially Toxic Cyanobacteria Biovolume,2024-07-01 09:40:00.000+10:00,0.084,mm3/l,,,,,,,,,,
WULM,Total Cyanobacteria,2024-07-01 09:40:00.000+10:00,35080,cells/ml,,,,,,,,,,
WULW,Chlorophyll - a,2024-07-01 09:20:00.000+10:00,16.4,mg/m^3,,,,,,,,,,
WULW,Coccoid Blue Green Picoplankton_Biovolume,2024-07-01 09:20:00.000+10:00,0.005,mm3/l,,,,,,,,,,
WULW,Coccoid Blue Green Picoplankton_Cell count,2024-07-01 09:20:00.000+10:00,12922,cells/ml,,,,,,,,,,
WULW,Cyanobacteria Biovolume,2024-07-01 09:20:00.000+10:00,0.146,mm3/l,,,,,,,,,,
WULW,Enterococci,2024-07-01 09:20:00.000+10:00,1,cfu/100ml,,,,,,,,,,
WULW,Microcystis_Biovolume,2024-07-01 09:20:00.000+10:00,0.141,mm3/l,,,,,,,,,,
WULW,Microcystis_Cell count,2024-07-01 09:20:00.000+10:00,5430,cells/ml,,,,,,,,,,
WULW,Potentially Toxic Cyanobacteria,2024-07-01 09:20:00.000+10:00,5430,cells/ml,,,,,,,,,,
WULW,Potentially Toxic Cyanobacteria Biovolume,2024-07-01 09:20:00.000+10:00,0.141,mm3/l,,,,,,,,,,
WULW,Total Cyanobacteria,2024-07-01 09:20:00.000+10:00,18350,cells/ml,,,,,,,,,,
WULE,Ammonia as N,2024-06-03 12:00:00.000+10:00,0.06,mg/L,0.01,,,,,,,,,
WULM,Ammonia as N,2024-06-03 12:00:00.000+10:00,0.11,mg/L,0.01,,,,,,,,,
WULW,Ammonia as N,2024-06-03 12:00:00.000+10:00,0.09,mg/L,0.01,,,,,,,,,
WULE,Dissolved Reactive Phosphorus as P,2024-06-03 12:00:00.000+10:00,,mg/L,0.01,,,,,,,,,
WULM,Dissolved Reactive Phosphorus as P,2024-06-03 12:00:00.000+10:00,,mg/L,0.01,,,,,,,,,
WULW,Dissolved Reactive Phosphorus as P,2024-06-03 12:00:00.000+10:00,,mg/L,0.01,,,,,,,,,
WULW,Nitrate as N,2024-06-03 12:00:00.000+10:00,0.04,mg/L,0.01,,,,,,,,,
WULM,Nitrate as N,2024-06-03 12:00:00.000+10:00,0.04,mg/L,0.01,,,,,,,,,
WULE,Nitrate as N,2024-06-03 12:00:00.000+10:00,0.04,mg/L,0.01,,,,,,,,,
WULW,Nitrite + Nitrate as N,2024-06-03 12:00:00.000+10:00,0.04,mg/L,0.01,,,,,,,,,
WULM,Nitrite + Nitrate as N,2024-06-03 12:00:00.000+10:00,0.04,mg/L,0.01,,,,,,,,,
WULE,Nitrite + Nitrate as N,2024-06-03 12:00:00.000+10:00,0.04,mg/L,0.01,,,,,,,,,
WULW,Nitrite as N,2024-06-03 12:00:00.000+10:00,,mg/L,0.01,,,,,,,,,
WULE,Nitrite as N,2024-06-03 12:00:00.000+10:00,,mg/L,0.01,,,,,,,,,
WULM,Nitrite as N,2024-06-03 12:00:00.000+10:00,,mg/L,0.01,,,,,,,,,
WULM,Total Kjeldahl Nitrogen as N,2024-06-03 12:00:00.000+10:00,0.7,mg/L,0.1,,,,,,,,,
WULE,Total Kjeldahl Nitrogen as N,2024-06-03 12:00:00.000+10:00,0.7,mg/L,0.1,,,,,,,,,
WULW,Total Kjeldahl Nitrogen as N,2024-06-03 12:00:00.000+10:00,0.5,mg/L,0.1,,,,,,,,,
WULM,Total Nitrogen as N,2024-06-03 12:00:00.000+10:00,0.7,mg/L,0.1,,,,,,,,,
WULE,Total Nitrogen as N,2024-06-03 12:00:00.000+10:00,0.7,mg/L,0.1,,,,,,,,,
WULW,Total Nitrogen as N,2024-06-03 12:00:00.000+10:00,0.5,mg/L,0.1,,,,,,,,,
WULW,Total Phosphorus as P,2024-06-03 12:00:00.000+10:00,0.03,mg/L,0.01,,,,,,,,,
WULE,Total Phosphorus as P,2024-06-03 12:00:00.000+10:00,0.03,mg/L,0.01,,,,,,,,,
WULM,Total Phosphorus as P,2024-06-03 12:00:00.000+10:00,0.04,mg/L,0.01,,,,,,,,,
WULM,Total suspended solids,2024-06-03 12:00:00.000+10:00,5,mg/L,5,,,,,,,,,
WULE,Total suspended solids,2024-06-03 12:00:00.000+10:00,8,mg/L,5,,,,,,,,,
WULW,Total suspended solids,2024-06-03 12:00:00.000+10:00,5,mg/L,5,,,,,,,,,
WULE,Chlorophyll - a,2024-06-03 09:00:00.000+10:00,26,mg/m^3,,,,,,,,,,
WULE,Coccoid Blue Green Picoplankton_Biovolume,2024-06-03 09:00:00.000+10:00,0.033,mm3/l,,,,,,,,,,
WULE,Coccoid Blue Green Picoplankton_Cell count,2024-06-03 09:00:00.000+10:00,74688,cells/ml,,,,,,,,,,
WULE,Cyanobacteria Biovolume,2024-06-03 09:00:00.000+10:00,0.2,mm3/l,,,,,,,,,,
WULE,Enterococci,2024-06-03 09:00:00.000+10:00,1,cfu/100ml,,,,,,,,,,
WULE,Microcystis_Biovolume,2024-06-03 09:00:00.000+10:00,0.167,mm3/l,,,,,,,,,,
WULE,Microcystis_Cell count,2024-06-03 09:00:00.000+10:00,6437,cells/ml,,,,,,,,,,
WULE,Potentially Toxic Cyanobacteria,2024-06-03 09:00:00.000+10:00,6440,cells/ml,,,,,,,,,,
WULE,Potentially Toxic Cyanobacteria Biovolume,2024-06-03 09:00:00.000+10:00,0.167,mm3/l,,,,,,,,,,
WULE,Total Cyanobacteria,2024-06-03 09:00:00.000+10:00,81130,cells/ml,,,,,,,,,,
WULM,Chlorophyll - a,2024-06-03 08:50:00.000+10:00,19.2,mg/m^3,,,,,,,,,,
WULM,Coccoid Blue Green Picoplankton_Biovolume,2024-06-03 08:50:00.000+10:00,0.055,mm3/l,,,,,,,,,,
WULM,Coccoid Blue Green Picoplankton_Cell count,2024-06-03 08:50:00.000+10:00,124007,cells/ml,,,,,,,,,,
WULM,Cyanobacteria Biovolume,2024-06-03 08:50:00.000+10:00,0.856,mm3/l,,,,,,,,,,
WULM,Enterococci,2024-06-03 08:50:00.000+10:00,2,cfu/100ml,,,,,,,,,,
WULM,Microcystis_Biovolume,2024-06-03 08:50:00.000+10:00,0.795,mm3/l,,,,,,,,,,
WULM,Microcystis_Cell count,2024-06-03 08:50:00.000+10:00,30485,cells/ml,,,,,,,,,,
WULM,Planktolyngbya_Biovolume,2024-06-03 08:50:00.000+10:00,0.006,mm3/l,,,,,,,,,,
WULM,Planktolyngbya_Cell count,2024-06-03 08:50:00.000+10:00,2722,cells/ml,,,,,,,,,,
WULM,Potentially Toxic Cyanobacteria,2024-06-03 08:50:00.000+10:00,30490,cells/ml,,,,,,,,,,
WULM,Potentially Toxic Cyanobacteria Biovolume,2024-06-03 08:50:00.000+10:00,0.795,mm3/l,,,,,,,,,,
WULM,Total Cyanobacteria,2024-06-03 08:50:00.000+10:00,157200,cells/ml,,,,,,,,,,
WULW,Chlorophyll - a,2024-06-03 08:40:00.000+10:00,12.1,mg/m^3,,,,,,,,,,
WULW,Coccoid Blue Green Picoplankton_Biovolume,2024-06-03 08:40:00.000+10:00,0.022,mm3/l,,,,,,,,,,
WULW,Coccoid Blue Green Picoplankton_Cell count,2024-06-03 08:40:00.000+10:00,50082,cells/ml,,,,,,,,,,
WULW,Cyanobacteria Biovolume,2024-06-03 08:40:00.000+10:00,0.087,mm3/l,,,,,,,,,,
WULW,Enterococci,2024-06-03 08:40:00.000+10:00,2,cfu/100ml,,,,,,,,,,
WULW,Microcystis_Biovolume,2024-06-03 08:40:00.000+10:00,0.064,mm3/l,,,,,,,,,,
WULW,Microcystis_Cell count,2024-06-03 08:40:00.000+10:00,2456,cells/ml,,,,,,,,,,
WULW,Planktolyngbya_Biovolume,2024-06-03 08:40:00.000+10:00,0.001,mm3/l,,,,,,,,,,
WULW,Planktolyngbya_Cell count,2024-06-03 08:40:00.000+10:00,476,cells/ml,,,,,,,,,,
WULW,Potentially Toxic Cyanobacteria,2024-06-03 08:40:00.000+10:00,2460,cells/ml,,,,,,,,,,
WULW,Potentially Toxic Cyanobacteria Biovolume,2024-06-03 08:40:00.000+10:00,0.064,mm3/l,,,,,,,,,,
WULW,Total Cyanobacteria,2024-06-03 08:40:00.000+10:00,53010,cells/ml,,,,,,,,,,
WULE,Coccoid Blue Green Picoplankton_Biovolume,2024-05-20 07:35:00.000+10:00,0.091,mm3/l,,,,,,,,,,
WULE,Coccoid Blue Green Picoplankton_Cell count,2024-05-20 07:35:00.000+10:00,203295,cells/ml,,,,,,,,,,
WULE,Cyanobacteria Biovolume,2024-05-20 07:35:00.000+10:00,0.137,mm3/l,,,,,,,,,,
WULE,Enterococci,2024-05-20 07:35:00.000+10:00,1,cfu/100ml,,,,,,,,,,
WULE,Microcystis_Biovolume,2024-05-20 07:35:00.000+10:00,0.044,mm3/l,,,,,,,,,,
WULE,Microcystis_Cell count,2024-05-20 07:35:00.000+10:00,1592,cells/ml,,,,,,,,,,
WULE,Potentially Toxic Cyanobacteria,2024-05-20 07:35:00.000+10:00,1590,cells/ml,,,,,,,,,,
WULE,Potentially Toxic Cyanobacteria Biovolume,2024-05-20 07:35:00.000+10:00,0.044,mm3/l,,,,,,,,,,
WULE,Pseudanabaena_Biovolume,2024-05-20 07:35:00.000+10:00,0.002,mm3/l,,,,,,,,,,
WULE,Pseudanabaena_Cell count,2024-05-20 07:35:00.000+10:00,204,cells/ml,,,,,,,,,,
WULE,Total Cyanobacteria,2024-05-20 07:35:00.000+10:00,205100,cells/ml,,,,,,,,,,
WULM,Coccoid Blue Green Picoplankton_Biovolume,2024-05-20 07:25:00.000+10:00,0.1,mm3/l,,,,,,,,,,
WULM,Coccoid Blue Green Picoplankton_Cell count,2024-05-20 07:25:00.000+10:00,222212,cells/ml,,,,,,,,,,
WULM,Cyanobacteria Biovolume,2024-05-20 07:25:00.000+10:00,0.222,mm3/l,,,,,,,,,,
WULM,Enterococci,2024-05-20 07:25:00.000+10:00,5,cfu/100ml,,,,,,,,,,
WULM,Microcystis_Biovolume,2024-05-20 07:25:00.000+10:00,0.122,mm3/l,,,,,,,,,,
WULM,Microcystis_Cell count,2024-05-20 07:25:00.000+10:00,4409,cells/ml,,,,,,,,,,
WULM,Potentially Toxic Cyanobacteria,2024-05-20 07:25:00.000+10:00,4410,cells/ml,,,,,,,,,,
WULM,Potentially Toxic Cyanobacteria Biovolume,2024-05-20 07:25:00.000+10:00,0.122,mm3/l,,,,,,,,,,
WULM,Total Cyanobacteria,2024-05-20 07:25:00.000+10:00,226600,cells/ml,,,,,,,,,,
WULW,Coccoid Blue Green Picoplankton_Biovolume,2024-05-20 07:15:00.000+10:00,0.058,mm3/l,,,,,,,,,,
WULW,Coccoid Blue Green Picoplankton_Cell count,2024-05-20 07:15:00.000+10:00,130322,cells/ml,,,,,,,,,,
WULW,Cyanobacteria Biovolume,2024-05-20 07:15:00.000+10:00,0.254,mm3/l,,,,,,,,,,
WULW,Enterococci,2024-05-20 07:15:00.000+10:00,3,cfu/100ml,,,,,,,,,,
WULW,Microcystis aeruginosa_Biovolume,2024-05-20 07:15:00.000+10:00,0.085,mm3/l,,,,,,,,,,
WULW,Microcystis aeruginosa_Cell count,2024-05-20 07:15:00.000+10:00,1062,cells/ml,,,,,,,,,,
WULW,Microcystis_Biovolume,2024-05-20 07:15:00.000+10:00,0.106,mm3/l,,,,,,,,,,
WULW,Microcystis_Cell count,2024-05-20 07:15:00.000+10:00,4069,cells/ml,,,,,,,,,,
WULW,Planktolyngbya_Biovolume,2024-05-20 07:15:00.000+10:00,0,mm3/l,,,,,,,,,,
WULW,Planktolyngbya_Cell count,2024-05-20 07:15:00.000+10:00,204,cells/ml,,,,,,,,,,
WULW,Potentially Toxic Cyanobacteria,2024-05-20 07:15:00.000+10:00,5130,cells/ml,,,,,,,,,,
WULW,Potentially Toxic Cyanobacteria Biovolume,2024-05-20 07:15:00.000+10:00,0.191,mm3/l,,,,,,,,,,
WULW,Pseudanabaena mucicola_Biovolume,2024-05-20 07:15:00.000+10:00,0.005,mm3/l,,,,,,,,,,
WULW,Pseudanabaena mucicola_Cell count,2024-05-20 07:15:00.000+10:00,408,cells/ml,,,,,,,,,,
WULW,Romeria_Biovolume,2024-05-20 07:15:00.000+10:00,0,mm3/l,,,,,,,,,,
WULW,Romeria_Cell count,2024-05-20 07:15:00.000+10:00,136,cells/ml,,,,,,,,,,
WULW,Total Cyanobacteria,2024-05-20 07:15:00.000+10:00,136200,cells/ml,,,,,,,,,,
WULE,Ammonia as N,2024-05-08 12:00:00.000+11:00,0.06,mg/L,0.01,,,,,,,,,
WULM,Ammonia as N,2024-05-08 12:00:00.000+11:00,0.04,mg/L,0.01,,,,,,,,,
WULW,Ammonia as N,2024-05-08 12:00:00.000+11:00,0.06,mg/L,0.01,,,,,,,,,
WULW,Dissolved Reactive Phosphorus as P,2024-05-08 12:00:00.000+11:00,,mg/L,0.01,,,,,,,,,
WULE,Dissolved Reactive Phosphorus as P,2024-05-08 12:00:00.000+11:00,,mg/L,0.01,,,,,,,,,
WULM,Dissolved Reactive Phosphorus as P,2024-05-08 12:00:00.000+11:00,0.01,mg/L,0.01,,,,,,,,,
WULE,Nitrate as N,2024-05-08 12:00:00.000+11:00,0.06,mg/L,0.01,,,,,,,,,
WULM,Nitrate as N,2024-05-08 12:00:00.000+11:00,0.06,mg/L,0.01,,,,,,,,,
WULW,Nitrate as N,2024-05-08 12:00:00.000+11:00,0.06,mg/L,0.01,,,,,,,,,
WULM,Nitrite + Nitrate as N,2024-05-08 12:00:00.000+11:00,0.06,mg/L,0.01,,,,,,,,,
WULW,Nitrite + Nitrate as N,2024-05-08 12:00:00.000+11:00,0.06,mg/L,0.01,,,,,,,,,
WULE,Nitrite + Nitrate as N,2024-05-08 12:00:00.000+11:00,0.06,mg/L,0.01,,,,,,,,,
WULE,Nitrite as N,2024-05-08 12:00:00.000+11:00,,mg/L,0.01,,,,,,,,,
WULM,Nitrite as N,2024-05-08 12:00:00.000+11:00,,mg/L,0.01,,,,,,,,,
WULW,Nitrite as N,2024-05-08 12:00:00.000+11:00,,mg/L,0.01,,,,,,,,,
WULW,Total Kjeldahl Nitrogen as N,2024-05-08 12:00:00.000+11:00,0.6,mg/L,0.1,,,,,,,,,
WULE,Total Kjeldahl Nitrogen as N,2024-05-08 12:00:00.000+11:00,0.7,mg/L,0.1,,,,,,,,,
WULM,Total Kjeldahl Nitrogen as N,2024-05-08 12:00:00.000+11:00,0.7,mg/L,0.1,,,,,,,,,
WULM,Total Nitrogen as N,2024-05-08 12:00:00.000+11:00,0.8,mg/L,0.1,,,,,,,,,
WULE,Total Nitrogen as N,2024-05-08 12:00:00.000+11:00,0.8,mg/L,0.1,,,,,,,,,
WULW,Total Nitrogen as N,2024-05-08 12:00:00.000+11:00,0.7,mg/L,0.1,,,,,,,,,
WULW,Total Phosphorus as P,2024-05-08 12:00:00.000+11:00,0.03,mg/L,0.01,,,,,,,,,
WULE,Total Phosphorus as P,2024-05-08 12:00:00.000+11:00,0.03,mg/L,0.01,,,,,,,,,
WULM,Total Phosphorus as P,2024-05-08 12:00:00.000+11:00,0.03,mg/L,0.01,,,,,,,,,
WULM,Total suspended solids,2024-05-08 12:00:00.000+11:00,,mg/L,5,,,,,,,,,
WULE,Total suspended solids,2024-05-08 12:00:00.000+11:00,,mg/L,5,,,,,,,,,
WULW,Total suspended solids,2024-05-08 12:00:00.000+11:00,,mg/L,5,,,,,,,,,
WULE,7-deoxy-Cylindrospermopsin(extracellular),2024-05-06 08:35:00.000+10:00,0.2,ug/l,,,,,,,,,,
WULE,7-deoxy-Cylindrospermopsin(intracellular),2024-05-06 08:35:00.000+10:00,0.1,ug/l,,,,,,,,,,
WULE,7-deoxy-Cylindrospermopsin(total),2024-05-06 08:35:00.000+10:00,0.2,ug/l,,,,,,,,,,
WULE,7-desmethyl Microcystin-LR(extracellular),2024-05-06 08:35:00.000+10:00,2,ug/l,,,,,,,,,,
WULE,7-desmethyl Microcystin-LR(intracellular),2024-05-06 08:35:00.000+10:00,2,ug/l,,,,,,,,,,
WULE,7-desmethyl Microcystin-LR(total),2024-05-06 08:35:00.000+10:00,2,ug/l,,,,,,,,,,
WULE,7-Epi-Cylindrospermopsin(extracellular),2024-05-06 08:35:00.000+10:00,0.1,ug/l,,,,,,,,,,
WULE,7-Epi-Cylindrospermopsin(intracellular),2024-05-06 08:35:00.000+10:00,0.1,ug/l,,,,,,,,,,
WULE,7-Epi-Cylindrospermopsin(total),2024-05-06 08:35:00.000+10:00,0.1,ug/l,,,,,,,,,,
WULE,Anatoxin-a(extracellular),2024-05-06 08:35:00.000+10:00,0.1,ug/l,,,,,,,,,,
WULE,Anatoxin-a(intracellular),2024-05-06 08:35:00.000+10:00,0.1,ug/l,,,,,,,,,,
WULE,Anatoxin-a(total),2024-05-06 08:35:00.000+10:00,0.1,ug/l,,,,,,,,,,
WULE,Coccoid Blue Green Picoplankton_Biovolume,2024-05-06 08:35:00.000+10:00,0.139,mm3/l,,,,,,,,,,
WULE,Coccoid Blue Green Picoplankton_Cell count,2024-05-06 08:35:00.000+10:00,308070,cells/ml,,,,,,,,,,
WULE,Cyanobacteria Biovolume,2024-05-06 08:35:00.000+10:00,0.431,mm3/l,,,,,,,,,,
WULE,Cylindrospermopsin (extracellular),2024-05-06 08:35:00.000+10:00,0.05,ug/l,,,,,,,,,,
WULE,Cylindrospermopsin (intracellular),2024-05-06 08:35:00.000+10:00,0.05,ug/l,,,,,,,,,,
WULE,Cylindrospermopsin(total),2024-05-06 08:35:00.000+10:00,0.06,ug/l,,,,,,,,,,
WULE,Microcystin LR(extracellular),2024-05-06 08:35:00.000+10:00,0.06,ug/l,,,,,,,,,,
WULE,Microcystin LR(intracellular),2024-05-06 08:35:00.000+10:00,0.17,ug/l,,,,,,,,,,
WULE,Microcystin LR(total),2024-05-06 08:35:00.000+10:00,0.23,ug/l,,,,,,,,,,
WULE,Microcystin RR(extracellular),2024-05-06 08:35:00.000+10:00,0.05,ug/l,,,,,,,,,,
WULE,Microcystin RR(intracellular),2024-05-06 08:35:00.000+10:00,0.05,ug/l,,,,,,,,,,
WULE,Microcystin RR(total),2024-05-06 08:35:00.000+10:00,0.05,ug/l,,,,,,,,,,
WULE,Microcystin YR(extracellular),2024-05-06 08:35:00.000+10:00,0.05,ug/l,,,,,,,,,,
WULE,Microcystin YR(intracellular),2024-05-06 08:35:00.000+10:00,0.05,ug/l,,,,,,,,,,
WULE,Microcystin YR(total),2024-05-06 08:35:00.000+10:00,0.05,ug/l,,,,,,,,,,
WULE,Microcystin-LA(extracellular),2024-05-06 08:35:00.000+10:00,0.5,ug/l,,,,,,,,,,
WULE,Microcystin-LA(intracellular),2024-05-06 08:35:00.000+10:00,0.5,ug/l,,,,,,,,,,
WULE,Microcystin-LA(total),2024-05-06 08:35:00.000+10:00,0.5,ug/l,,,,,,,,,,
WULE,Microcystin-LF(extracellular),2024-05-06 08:35:00.000+10:00,1,ug/l,,,,,,,,,,
WULE,Microcystin-LF(intracellular),2024-05-06 08:35:00.000+10:00,1,ug/l,,,,,,,,,,
WULE,Microcystin-LF(total),2024-05-06 08:35:00.000+10:00,1,ug/l,,,,,,,,,,
WULE,Microcystin-LW(extracellular),2024-05-06 08:35:00.000+10:00,1,ug/l,,,,,,,,,,
WULE,Microcystin-LW(intracellular),2024-05-06 08:35:00.000+10:00,1,ug/l,,,,,,,,,,
WULE,Microcystin-LW(total),2024-05-06 08:35:00.000+10:00,1,ug/l,,,,,,,,,,
WULE,Microcystin-LY(extracellular),2024-05-06 08:35:00.000+10:00,0.5,ug/l,,,,,,,,,,
WULE,Microcystin-LY(intracellular),2024-05-06 08:35:00.000+10:00,0.5,ug/l,,,,,,,,,,
WULE,Microcystin-LY(total),2024-05-06 08:35:00.000+10:00,0.5,ug/l,,,,,,,,,,
WULE,Microcystis aeruginosa_Biovolume,2024-05-06 08:35:00.000+10:00,0.256,mm3/l,,,,,,,,,,
WULE,Microcystis aeruginosa_Cell count,2024-05-06 08:35:00.000+10:00,3185,cells/ml,,,,,,,,,,
WULE,Microcystis_Biovolume,2024-05-06 08:35:00.000+10:00,0.031,mm3/l,,,,,,,,,,
WULE,Microcystis_Cell count,2024-05-06 08:35:00.000+10:00,1143,cells/ml,,,,,,,,,,
WULE,Nodularin (extracellular),2024-05-06 08:35:00.000+10:00,0.1,ug/l,,,,,,,,,,
WULE,Nodularin (intracellular),2024-05-06 08:35:00.000+10:00,0.1,ug/l,,,,,,,,,,
WULE,Nodularin (total),2024-05-06 08:35:00.000+10:00,0.1,ug/l,,,,,,,,,,
WULE,Planktolyngbya_Biovolume,2024-05-06 08:35:00.000+10:00,0.003,mm3/l,,,,,,,,,,
WULE,Planktolyngbya_Cell count,2024-05-06 08:35:00.000+10:00,1633,cells/ml,,,,,,,,,,
WULE,Potentially Toxic Cyanobacteria,2024-05-06 08:35:00.000+10:00,4330,cells/ml,,,,,,,,,,
WULE,Potentially Toxic Cyanobacteria Biovolume,2024-05-06 08:35:00.000+10:00,0.287,mm3/l,,,,,,,,,,
WULE,Pseudanabaena mucicola_Biovolume,2024-05-06 08:35:00.000+10:00,0.002,mm3/l,,,,,,,,,,
WULE,Pseudanabaena mucicola_Cell count,2024-05-06 08:35:00.000+10:00,204,cells/ml,,,,,,,,,,
WULE,Total Cyanobacteria,2024-05-06 08:35:00.000+10:00,314200,cells/ml,,,,,,,,,,
WULE,Total Microcystins,2024-05-06 08:35:00.000+10:00,0.5,ug/l,,,,,,,,,,
WULM,Ammonia as N,2024-04-29 12:00:00.000+10:00,0.03,mg/L,0.01,,,,,,,,,
WULE,Ammonia as N,2024-04-29 12:00:00.000+10:00,0.02,mg/L,0.01,,,,,,,,,
WULW,Ammonia as N,2024-04-29 12:00:00.000+10:00,0.03,mg/L,0.01,,,,,,,,,
WULE,Dissolved Reactive Phosphorus as P,2024-04-29 12:00:00.000+10:00,,mg/L,0.01,,,,,,,,,
WULW,Dissolved Reactive Phosphorus as P,2024-04-29 12:00:00.000+10:00,,mg/L,0.01,,,,,,,,,
WULM,Dissolved Reactive Phosphorus as P,2024-04-29 12:00:00.000+10:00,,mg/L,0.01,,,,,,,,,
WULE,Nitrate as N,2024-04-29 12:00:00.000+10:00,0.02,mg/L,0.01,,,,,,,,,
WULM,Nitrate as N,2024-04-29 12:00:00.000+10:00,0.02,mg/L,0.01,,,,,,,,,
WULW,Nitrate as N,2024-04-29 12:00:00.000+10:00,0.02,mg/L,0.01,,,,,,,,,
WULE,Nitrite + Nitrate as N,2024-04-29 12:00:00.000+10:00,0.02,mg/L,0.01,,,,,,,,,
WULM,Nitrite + Nitrate as N,2024-04-29 12:00:00.000+10:00,0.02,mg/L,0.01,,,,,,,,,
WULW,Nitrite + Nitrate as N,2024-04-29 12:00:00.000+10:00,0.02,mg/L,0.01,,,,,,,,,
WULM,Nitrite as N,2024-04-29 12:00:00.000+10:00,,mg/L,0.01,,,,,,,,,
WULW,Nitrite as N,2024-04-29 12:00:00.000+10:00,,mg/L,0.01,,,,,,,,,
WULE,Nitrite as N,2024-04-29 12:00:00.000+10:00,,mg/L,0.01,,,,,,,,,
WULM,Total Kjeldahl Nitrogen as N,2024-04-29 12:00:00.000+10:00,0.6,mg/L,0.1,,,,,,,,,
WULW,Total Kjeldahl Nitrogen as N,2024-04-29 12:00:00.000+10:00,0.7,mg/L,0.1,,,,,,,,,
WULE,Total Kjeldahl Nitrogen as N,2024-04-29 12:00:00.000+10:00,0.6,mg/L,0.1,,,,,,,,,
WULM,Total Nitrogen as N,2024-04-29 12:00:00.000+10:00,0.6,mg/L,0.1,,,,,,,,,
WULE,Total Nitrogen as N,2024-04-29 12:00:00.000+10:00,0.6,mg/L,0.1,,,,,,,,,
WULW,Total Nitrogen as N,2024-04-29 12:00:00.000+10:00,0.7,mg/L,0.1,,,,,,,,,
WULE,Total Phosphorus as P,2024-04-29 12:00:00.000+10:00,0.06,mg/L,0.01,,,,,,,,,
WULM,Total Phosphorus as P,2024-04-29 12:00:00.000+10:00,0.03,mg/L,0.01,,,,,,,,,
WULW,Total Phosphorus as P,2024-04-29 12:00:00.000+10:00,0.04,mg/L,0.01,,,,,,,,,
WULM,Total suspended solids,2024-04-29 12:00:00.000+10:00,,mg/L,5,,,,,,,,,
WULE,Total suspended solids,2024-04-29 12:00:00.000+10:00,6,mg/L,5,,,,,,,,,
WULW,Total suspended solids,2024-04-29 12:00:00.000+10:00,7,mg/L,5,,,,,,,,,
WULE,7-deoxy-Cylindrospermopsin(extracellular),2024-04-29 08:37:00.000+10:00,0.3,ug/l,,,,,,,,,,
WULE,7-deoxy-Cylindrospermopsin(intracellular),2024-04-29 08:37:00.000+10:00,0.1,ug/l,,,,,,,,,,
WULE,7-deoxy-Cylindrospermopsin(total),2024-04-29 08:37:00.000+10:00,0.4,ug/l,,,,,,,,,,
WULE,7-desmethyl Microcystin-LR(extracellular),2024-04-29 08:37:00.000+10:00,2,ug/l,,,,,,,,,,
WULE,7-desmethyl Microcystin-LR(intracellular),2024-04-29 08:37:00.000+10:00,2,ug/l,,,,,,,,,,
WULE,7-desmethyl Microcystin-LR(total),2024-04-29 08:37:00.000+10:00,2,ug/l,,,,,,,,,,
WULE,7-Epi-Cylindrospermopsin(extracellular),2024-04-29 08:37:00.000+10:00,0.1,ug/l,,,,,,,,,,
WULE,7-Epi-Cylindrospermopsin(intracellular),2024-04-29 08:37:00.000+10:00,0.1,ug/l,,,,,,,,,,
WULE,7-Epi-Cylindrospermopsin(total),2024-04-29 08:37:00.000+10:00,0.1,ug/l,,,,,,,,,,
WULE,Anatoxin-a(extracellular),2024-04-29 08:37:00.000+10:00,0.1,ug/l,,,,,,,,,,
WULE,Anatoxin-a(intracellular),2024-04-29 08:37:00.000+10:00,0.1,ug/l,,,,,,,,,,
WULE,Anatoxin-a(total),2024-04-29 08:37:00.000+10:00,0.1,ug/l,,,,,,,,,,
WULE,Chlorophyll - a,2024-04-29 08:37:00.000+10:00,10.9,mg/m^3,,,,,,,,,,
WULE,Coccoid Blue Green Picoplankton_Biovolume,2024-04-29 08:37:00.000+10:00,0.05,mm3/l,,,,,,,,,,
WULE,Coccoid Blue Green Picoplankton_Cell count,2024-04-29 08:37:00.000+10:00,112031,cells/ml,,,,,,,,,,
WULE,Cyanobacteria Biovolume,2024-04-29 08:37:00.000+10:00,0.079,mm3/l,,,,,,,,,,
WULE,Cylindrospermopsin (extracellular),2024-04-29 08:37:00.000+10:00,0.05,ug/l,,,,,,,,,,
WULE,Cylindrospermopsin (intracellular),2024-04-29 08:37:00.000+10:00,0.05,ug/l,,,,,,,,,,
WULE,Cylindrospermopsin(total),2024-04-29 08:37:00.000+10:00,0.05,ug/l,,,,,,,,,,
WULE,Enterococci,2024-04-29 08:37:00.000+10:00,1,cfu/100ml,,,,,,,,,,
WULE,Microcystin LR(extracellular),2024-04-29 08:37:00.000+10:00,0.05,ug/l,,,,,,,,,,
WULE,Microcystin LR(intracellular),2024-04-29 08:37:00.000+10:00,1.6,ug/l,,,,,,,,,,
WULE,Microcystin LR(total),2024-04-29 08:37:00.000+10:00,1.6,ug/l,,,,,,,,,,
WULE,Microcystin RR(extracellular),2024-04-29 08:37:00.000+10:00,0.05,ug/l,,,,,,,,,,
WULE,Microcystin RR(intracellular),2024-04-29 08:37:00.000+10:00,0.05,ug/l,,,,,,,,,,
WULE,Microcystin RR(total),2024-04-29 08:37:00.000+10:00,0.05,ug/l,,,,,,,,,,
WULE,Microcystin YR(extracellular),2024-04-29 08:37:00.000+10:00,0.05,ug/l,,,,,,,,,,
WULE,Microcystin YR(intracellular),2024-04-29 08:37:00.000+10:00,0.05,ug/l,,,,,,,,,,
WULE,Microcystin YR(total),2024-04-29 08:37:00.000+10:00,0.05,ug/l,,,,,,,,,,
WULE,Microcystin-LA(extracellular),2024-04-29 08:37:00.000+10:00,0.5,ug/l,,,,,,,,,,
WULE,Microcystin-LA(intracellular),2024-04-29 08:37:00.000+10:00,0.5,ug/l,,,,,,,,,,
WULE,Microcystin-LA(total),2024-04-29 08:37:00.000+10:00,0.5,ug/l,,,,,,,,,,
WULE,Microcystin-LF(extracellular),2024-04-29 08:37:00.000+10:00,1,ug/l,,,,,,,,,,
WULE,Microcystin-LF(intracellular),2024-04-29 08:37:00.000+10:00,1,ug/l,,,,,,,,,,
WULE,Microcystin-LF(total),2024-04-29 08:37:00.000+10:00,1,ug/l,,,,,,,,,,
WULE,Microcystin-LW(extracellular),2024-04-29 08:37:00.000+10:00,1,ug/l,,,,,,,,,,
WULE,Microcystin-LW(intracellular),2024-04-29 08:37:00.000+10:00,1,ug/l,,,,,,,,,,
WULE,Microcystin-LW(total),2024-04-29 08:37:00.000+10:00,1,ug/l,,,,,,,,,,
WULE,Microcystin-LY(extracellular),2024-04-29 08:37:00.000+10:00,0.5,ug/l,,,,,,,,,,
WULE,Microcystin-LY(intracellular),2024-04-29 08:37:00.000+10:00,0.5,ug/l,,,,,,,,,,
WULE,Microcystin-LY(total),2024-04-29 08:37:00.000+10:00,0.5,ug/l,,,,,,,,,,
WULE,Microcystis_Biovolume,2024-04-29 08:37:00.000+10:00,0.029,mm3/l,,,,,,,,,,
WULE,Microcystis_Cell count,2024-04-29 08:37:00.000+10:00,1062,cells/ml,,,,,,,,,,
WULE,Nodularin (extracellular),2024-04-29 08:37:00.000+10:00,0.1,ug/l,,,,,,,,,,
WULE,Nodularin (intracellular),2024-04-29 08:37:00.000+10:00,0.1,ug/l,,,,,,,,,,
WULE,Nodularin (total),2024-04-29 08:37:00.000+10:00,0.1,ug/l,,,,,,,,,,
WULE,Potentially Toxic Cyanobacteria,2024-04-29 08:37:00.000+10:00,1060,cells/ml,,,,,,,,,,
WULE,Potentially Toxic Cyanobacteria Biovolume,2024-04-29 08:37:00.000+10:00,0.029,mm3/l,,,,,,,,,,
WULE,Total Cyanobacteria,2024-04-29 08:37:00.000+10:00,113100,cells/ml,,,,,,,,,,
WULE,Total Microcystins,2024-04-29 08:37:00.000+10:00,2,ug/l,,,,,,,,,,
WULM,Chlorophyll - a,2024-04-29 08:30:00.000+10:00,14.2,mg/m^3,,,,,,,,,,
WULM,Coccoid Blue Green Picoplankton_Biovolume,2024-04-29 08:30:00.000+10:00,0.033,mm3/l,,,,,,,,,,
WULM,Coccoid Blue Green Picoplankton_Cell count,2024-04-29 08:30:00.000+10:00,74470,cells/ml,,,,,,,,,,
WULM,Cyanobacteria Biovolume,2024-04-29 08:30:00.000+10:00,0.125,mm3/l,,,,,,,,,,
WULM,Enterococci,2024-04-29 08:30:00.000+10:00,2,cfu/100ml,,,,,,,,,,
WULM,Microcystis_Biovolume,2024-04-29 08:30:00.000+10:00,0.089,mm3/l,,,,,,,,,,
WULM,Microcystis_Cell count,2024-04-29 08:30:00.000+10:00,3205,cells/ml,,,,,,,,,,
WULM,Planktolyngbya_Biovolume,2024-04-29 08:30:00.000+10:00,0.003,mm3/l,,,,,,,,,,
WULM,Planktolyngbya_Cell count,2024-04-29 08:30:00.000+10:00,1361,cells/ml,,,,,,,,,,
WULM,Potentially Toxic Cyanobacteria,2024-04-29 08:30:00.000+10:00,3210,cells/ml,,,,,,,,,,
WULM,Potentially Toxic Cyanobacteria Biovolume,2024-04-29 08:30:00.000+10:00,0.089,mm3/l,,,,,,,,,,
WULM,Total Cyanobacteria,2024-04-29 08:30:00.000+10:00,79040,cells/ml,,,,,,,,,,
WULW,Chlorophyll - a,2024-04-29 08:15:00.000+10:00,29.8,mg/m^3,,,,,,,,,,
WULW,Coccoid Blue Green Picoplankton_Biovolume,2024-04-29 08:15:00.000+10:00,0.029,mm3/l,,,,,,,,,,
WULW,Coccoid Blue Green Picoplankton_Cell count,2024-04-29 08:15:00.000+10:00,65506,cells/ml,,,,,,,,,,
WULW,Cyanobacteria Biovolume,2024-04-29 08:15:00.000+10:00,1.51,mm3/l,,,,,,,,,,
WULW,Enterococci,2024-04-29 08:15:00.000+10:00,13,cfu/100ml,,,,,,,,,,
WULW,Microcystis species 2_Biovolume,2024-04-29 08:15:00.000+10:00,1.12,mm3/l,,,,,,,,,,
WULW,Microcystis species 2_Cell count,2024-04-29 08:15:00.000+10:00,13174,cells/ml,,,,,,,,,,
WULW,Microcystis_Biovolume,2024-04-29 08:15:00.000+10:00,0.324,mm3/l,,,,,,,,,,
WULW,Microcystis_Cell count,2024-04-29 08:15:00.000+10:00,11650,cells/ml,,,,,,,,,,
WULW,Planktolyngbya_Biovolume,2024-04-29 08:15:00.000+10:00,0.004,mm3/l,,,,,,,,,,
WULW,Planktolyngbya_Cell count,2024-04-29 08:15:00.000+10:00,1796,cells/ml,,,,,,,,,,
WULW,Potentially Toxic Cyanobacteria,2024-04-29 08:15:00.000+10:00,24820,cells/ml,,,,,,,,,,
WULW,Potentially Toxic Cyanobacteria Biovolume,2024-04-29 08:15:00.000+10:00,1.44,mm3/l,,,,,,,,,,
WULW,Pseudanabaena_Biovolume,2024-04-29 08:15:00.000+10:00,0.03,mm3/l,,,,,,,,,,
WULW,Pseudanabaena_Cell count,2024-04-29 08:15:00.000+10:00,3085,cells/ml,,,,,,,,,,
WULW,Total Cyanobacteria,2024-04-29 08:15:00.000+10:00,95210,cells/ml,,,,,,,,,,
WULM,Ammonia as N,2024-04-15 12:00:00.000+10:00,0.02,mg/L,0.01,,,,,,,,,
WULW,Ammonia as N,2024-04-15 12:00:00.000+10:00,0.06,mg/L,0.01,,,,,,,,,
WULE,Ammonia as N,2024-04-15 12:00:00.000+10:00,,mg/L,0.01,,,,,,,,,
WULM,Dissolved Reactive Phosphorus as P,2024-04-15 12:00:00.000+10:00,,mg/L,0.01,,,,,,,,,
WULE,Dissolved Reactive Phosphorus as P,2024-04-15 12:00:00.000+10:00,0.04,mg/L,0.01,,,,,,,,,
WULW,Dissolved Reactive Phosphorus as P,2024-04-15 12:00:00.000+10:00,,mg/L,0.01,,,,,,,,,
WULW,Nitrate as N,2024-04-15 12:00:00.000+10:00,,mg/L,0.01,,,,,,,,,
WULM,Nitrate as N,2024-04-15 12:00:00.000+10:00,,mg/L,0.01,,,,,,,,,
WULE,Nitrate as N,2024-04-15 12:00:00.000+10:00,,mg/L,0.01,,,,,,,,,
WULE,Nitrite + Nitrate as N,2024-04-15 12:00:00.000+10:00,,mg/L,0.01,,,,,,,,,
WULW,Nitrite + Nitrate as N,2024-04-15 12:00:00.000+10:00,,mg/L,0.01,,,,,,,,,
WULM,Nitrite + Nitrate as N,2024-04-15 12:00:00.000+10:00,,mg/L,0.01,,,,,,,,,
WULE,Nitrite as N,2024-04-15 12:00:00.000+10:00,,mg/L,0.01,,,,,,,,,
WULW,Nitrite as N,2024-04-15 12:00:00.000+10:00,,mg/L,0.01,,,,,,,,,
WULM,Nitrite as N,2024-04-15 12:00:00.000+10:00,,mg/L,0.01,,,,,,,,,
WULE,Total Kjeldahl Nitrogen as N,2024-04-15 12:00:00.000+10:00,0.5,mg/L,0.1,,,,,,,,,
WULW,Total Kjeldahl Nitrogen as N,2024-04-15 12:00:00.000+10:00,0.6,mg/L,0.1,,,,,,,,,
WULM,Total Kjeldahl Nitrogen as N,2024-04-15 12:00:00.000+10:00,0.6,mg/L,0.1,,,,,,,,,
WULM,Total Nitrogen as N,2024-04-15 12:00:00.000+10:00,0.6,mg/L,0.1,,,,,,,,,
WULW,Total Nitrogen as N,2024-04-15 12:00:00.000+10:00,0.6,mg/L,0.1,,,,,,,,,
WULE,Total Nitrogen as N,2024-04-15 12:00:00.000+10:00,0.5,mg/L,0.1,,,,,,,,,
WULW,Total Phosphorus as P,2024-04-15 12:00:00.000+10:00,0.06,mg/L,0.01,,,,,,,,,
WULE,Total Phosphorus as P,2024-04-15 12:00:00.000+10:00,0.03,mg/L,0.01,,,,,,,,,
WULM,Total Phosphorus as P,2024-04-15 12:00:00.000+10:00,0.06,mg/L,0.01,,,,,,,,,
WULM,Total suspended solids,2024-04-15 12:00:00.000+10:00,,mg/L,5,,,,,,,,,
WULE,Total suspended solids,2024-04-15 12:00:00.000+10:00,,mg/L,5,,,,,,,,,
WULW,Total suspended solids,2024-04-15 12:00:00.000+10:00,,mg/L,5,,,,,,,,,
WULE,Aphanizomenonaceae_Biovolume,2024-04-15 09:40:00.000+10:00,0.099,mm3/l,,,,,,,,,,
WULE,Aphanizomenonaceae_Cell count,2024-04-15 09:40:00.000+10:00,953,cells/ml,,,,,,,,,,
WULE,Chlorophyll - a,2024-04-15 09:40:00.000+10:00,9.1,mg/m^3,,,,,,,,,,
WULE,Coccoid Blue Green Picoplankton_Biovolume,2024-04-15 09:40:00.000+10:00,0.242,mm3/l,,,,,,,,,,
WULE,Coccoid Blue Green Picoplankton_Cell count,2024-04-15 09:40:00.000+10:00,536531,cells/ml,,,,,,,,,,
WULE,Cyanobacteria Biovolume,2024-04-15 09:40:00.000+10:00,0.591,mm3/l,,,,,,,,,,
WULE,Enterococci,2024-04-15 09:40:00.000+10:00,1,cfu/100ml,,,,,,,,,,
WULE,Microcystis_Biovolume,2024-04-15 09:40:00.000+10:00,0.018,mm3/l,,,,,,,,,,
WULE,Microcystis_Cell count,2024-04-15 09:40:00.000+10:00,653,cells/ml,,,,,,,,,,
WULE,Planktolyngbya_Biovolume,2024-04-15 09:40:00.000+10:00,0.083,mm3/l,,,,,,,,,,
WULE,Planktolyngbya_Cell count,2024-04-15 09:40:00.000+10:00,35166,cells/ml,,,,,,,,,,
WULE,Potentially Toxic Cyanobacteria,2024-04-15 09:40:00.000+10:00,1610,cells/ml,,,,,,,,,,
WULE,Potentially Toxic Cyanobacteria Biovolume,2024-04-15 09:40:00.000+10:00,0.117,mm3/l,,,,,,,,,,
WULE,Pseudanabaena_Biovolume,2024-04-15 09:40:00.000+10:00,0.149,mm3/l,,,,,,,,,,
WULE,Pseudanabaena_Cell count,2024-04-15 09:40:00.000+10:00,14916,cells/ml,,,,,,,,,,
WULE,Total Cyanobacteria,2024-04-15 09:40:00.000+10:00,588200,cells/ml,,,,,,,,,,
WULM,Anagnostidinema_Biovolume,2024-04-15 09:30:00.000+10:00,0.009,mm3/l,,,,,,,,,,
WULM,Anagnostidinema_Cell count,2024-04-15 09:30:00.000+10:00,544,cells/ml,,,,,,,,,,
WULM,Chlorophyll - a,2024-04-15 09:30:00.000+10:00,7.9,mg/m^3,,,,,,,,,,
WULM,Coccoid Blue Green Picoplankton_Biovolume,2024-04-15 09:30:00.000+10:00,0.188,mm3/l,,,,,,,,,,
WULM,Coccoid Blue Green Picoplankton_Cell count,2024-04-15 09:30:00.000+10:00,418484,cells/ml,,,,,,,,,,
WULM,Cyanobacteria Biovolume,2024-04-15 09:30:00.000+10:00,0.444,mm3/l,,,,,,,,,,
WULM,Enterococci,2024-04-15 09:30:00.000+10:00,2,cfu/100ml,,,,,,,,,,
WULM,Merismopedia_Biovolume,2024-04-15 09:30:00.000+10:00,0.018,mm3/l,,,,,,,,,,
WULM,Merismopedia_Cell count,2024-04-15 09:30:00.000+10:00,2177,cells/ml,,,,,,,,,,
WULM,Microcystis_Biovolume,2024-04-15 09:30:00.000+10:00,0.007,mm3/l,,,,,,,,,,
WULM,Microcystis_Cell count,2024-04-15 09:30:00.000+10:00,272,cells/ml,,,,,,,,,,
WULM,Planktolyngbya_Biovolume,2024-04-15 09:30:00.000+10:00,0.126,mm3/l,,,,,,,,,,
WULM,Planktolyngbya_Cell count,2024-04-15 09:30:00.000+10:00,53003,cells/ml,,,,,,,,,,
WULM,Potentially Toxic Cyanobacteria,2024-04-15 09:30:00.000+10:00,1120,cells/ml,,,,,,,,,,
WULM,Potentially Toxic Cyanobacteria Biovolume,2024-04-15 09:30:00.000+10:00,0.031,mm3/l,,,,,,,,,,
WULM,Pseudanabaena_Biovolume,2024-04-15 09:30:00.000+10:00,0.072,mm3/l,,,,,,,,,,
WULM,Pseudanabaena_Cell count,2024-04-15 09:30:00.000+10:00,7240,cells/ml,,,,,,,,,,
WULM,Raphidiopsis raciborskii_Biovolume,2024-04-15 09:30:00.000+10:00,0.024,mm3/l,,,,,,,,,,
WULM,Raphidiopsis raciborskii_Cell count,2024-04-15 09:30:00.000+10:00,850,cells/ml,,,,,,,,,,
WULM,Total Cyanobacteria,2024-04-15 09:30:00.000+10:00,482600,cells/ml,,,,,,,,,,
WULW,Anagnostidinema_Biovolume,2024-04-15 09:15:00.000+10:00,0.063,mm3/l,,,,,,,,,,
WULW,Anagnostidinema_Cell count,2024-04-15 09:15:00.000+10:00,3629,cells/ml,,,,,,,,,,
WULW,Aphanizomenonaceae_Biovolume,2024-04-15 09:15:00.000+10:00,0.008,mm3/l,,,,,,,,,,
WULW,Aphanizomenonaceae_Cell count,2024-04-15 09:15:00.000+10:00,85,cells/ml,,,,,,,,,,
WULW,Chlorophyll - a,2024-04-15 09:15:00.000+10:00,8.9,mg/m^3,,,,,,,,,,
WULW,Coccoid Blue Green Picoplankton_Biovolume,2024-04-15 09:15:00.000+10:00,0.181,mm3/l,,,,,,,,,,
WULW,Coccoid Blue Green Picoplankton_Cell count,2024-04-15 09:15:00.000+10:00,402562,cells/ml,,,,,,,,,,
WULW,Cyanobacteria Biovolume,2024-04-15 09:15:00.000+10:00,0.625,mm3/l,,,,,,,,,,
WULW,Enterococci,2024-04-15 09:15:00.000+10:00,1,cfu/100ml,,,,,,,,,,
WULW,Microcystis wesenbergii_Biovolume,2024-04-15 09:15:00.000+10:00,0.063,mm3/l,,,,,,,,,,
WULW,Microcystis wesenbergii_Cell count,2024-04-15 09:15:00.000+10:00,408,cells/ml,,,,,,,,,,
WULW,Microcystis_Biovolume,2024-04-15 09:15:00.000+10:00,0.013,mm3/l,,,,,,,,,,
WULW,Microcystis_Cell count,2024-04-15 09:15:00.000+10:00,490,cells/ml,,,,,,,,,,
WULW,Planktolyngbya_Biovolume,2024-04-15 09:15:00.000+10:00,0.153,mm3/l,,,,,,,,,,
WULW,Planktolyngbya_Cell count,2024-04-15 09:15:00.000+10:00,64181,cells/ml,,,,,,,,,,
WULW,Potentially Toxic Cyanobacteria,2024-04-15 09:15:00.000+10:00,1090,cells/ml,,,,,,,,,,
WULW,Potentially Toxic Cyanobacteria Biovolume,2024-04-15 09:15:00.000+10:00,0.035,mm3/l,,,,,,,,,,
WULW,Pseudanabaena_Biovolume,2024-04-15 09:15:00.000+10:00,0.13,mm3/l,,,,,,,,,,
WULW,Pseudanabaena_Cell count,2024-04-15 09:15:00.000+10:00,13065,cells/ml,,,,,,,,,,
WULW,Raphidiopsis raciborskii_Biovolume,2024-04-15 09:15:00.000+10:00,0.014,mm3/l,,,,,,,,,,
WULW,Raphidiopsis raciborskii_Cell count,2024-04-15 09:15:00.000+10:00,510,cells/ml,,,,,,,,,,
WULW,Total Cyanobacteria,2024-04-15 09:15:00.000+10:00,484900,cells/ml,,,,,,,,,,
WULE,Ammonia as N,2024-04-03 12:00:00.000+10:00,,mg/L,0.01,,,,,,,,,
WULM,Ammonia as N,2024-04-03 12:00:00.000+10:00,,mg/L,0.01,,,,,,,,,
WULW,Ammonia as N,2024-04-03 12:00:00.000+10:00,0.06,mg/L,0.01,,,,,,,,,
WULW,Dissolved Reactive Phosphorus as P,2024-04-03 12:00:00.000+10:00,,mg/L,0.01,,,,,,,,,
WULM,Dissolved Reactive Phosphorus as P,2024-04-03 12:00:00.000+10:00,,mg/L,0.01,,,,,,,,,
WULE,Dissolved Reactive Phosphorus as P,2024-04-03 12:00:00.000+10:00,,mg/L,0.01,,,,,,,,,
WULW,Nitrate as N,2024-04-03 12:00:00.000+10:00,,mg/L,0.01,,,,,,,,,
WULE,Nitrate as N,2024-04-03 12:00:00.000+10:00,,mg/L,0.01,,,,,,,,,
WULM,Nitrate as N,2024-04-03 12:00:00.000+10:00,,mg/L,0.01,,,,,,,,,
WULM,Nitrite + Nitrate as N,2024-04-03 12:00:00.000+10:00,,mg/L,0.01,,,,,,,,,
WULE,Nitrite + Nitrate as N,2024-04-03 12:00:00.000+10:00,,mg/L,0.01,,,,,,,,,
WULW,Nitrite + Nitrate as N,2024-04-03 12:00:00.000+10:00,,mg/L,0.01,,,,,,,,,
WULM,Nitrite as N,2024-04-03 12:00:00.000+10:00,,mg/L,0.01,,,,,,,,,
WULW,Nitrite as N,2024-04-03 12:00:00.000+10:00,,mg/L,0.01,,,,,,,,,
WULE,Nitrite as N,2024-04-03 12:00:00.000+10:00,,mg/L,0.01,,,,,,,,,
WULE,Total Kjeldahl Nitrogen as N,2024-04-03 12:00:00.000+10:00,0.6,mg/L,0.1,,,,,,,,,
WULW,Total Kjeldahl Nitrogen as N,2024-04-03 12:00:00.000+10:00,0.6,mg/L,0.1,,,,,,,,,
WULM,Total Kjeldahl Nitrogen as N,2024-04-03 12:00:00.000+10:00,0.5,mg/L,0.1,,,,,,,,,
WULE,Total Nitrogen as N,2024-04-03 12:00:00.000+10:00,0.6,mg/L,0.1,,,,,,,,,
WULM,Total Nitrogen as N,2024-04-03 12:00:00.000+10:00,0.5,mg/L,0.1,,,,,,,,,
WULW,Total Nitrogen as N,2024-04-03 12:00:00.000+10:00,0.6,mg/L,0.1,,,,,,,,,
WULW,Total Phosphorus as P,2024-04-03 12:00:00.000+10:00,0.05,mg/L,0.01,,,,,,,,,
WULM,Total Phosphorus as P,2024-04-03 12:00:00.000+10:00,0.01,mg/L,0.01,,,,,,,,,
WULE,Total Phosphorus as P,2024-04-03 12:00:00.000+10:00,0.02,mg/L,0.01,,,,,,,,,
WULW,Total suspended solids,2024-04-03 12:00:00.000+10:00,,mg/L,5,,,,,,,,,
WULM,Total suspended solids,2024-04-03 12:00:00.000+10:00,,mg/L,5,,,,,,,,,
WULE,Total suspended solids,2024-04-03 12:00:00.000+10:00,,mg/L,5,,,,,,,,,
WULM,Ammonia as N,2024-04-02 12:00:00.000+10:00,0.02,mg/L,0.01,,,,,,,,,
WULE,Ammonia as N,2024-04-02 12:00:00.000+10:00,,mg/L,0.01,,,,,,,,,
WULW,Ammonia as N,2024-04-02 12:00:00.000+10:00,,mg/L,0.01,,,,,,,,,
WULW,Dissolved Reactive Phosphorus as P,2024-04-02 12:00:00.000+10:00,,mg/L,0.01,,,,,,,,,
WULE,Dissolved Reactive Phosphorus as P,2024-04-02 12:00:00.000+10:00,,mg/L,0.01,,,,,,,,,
WULM,Dissolved Reactive Phosphorus as P,2024-04-02 12:00:00.000+10:00,,mg/L,0.01,,,,,,,,,
WULE,Nitrate as N,2024-04-02 12:00:00.000+10:00,,mg/L,0.01,,,,,,,,,
WULM,Nitrate as N,2024-04-02 12:00:00.000+10:00,,mg/L,0.01,,,,,,,,,
WULW,Nitrate as N,2024-04-02 12:00:00.000+10:00,,mg/L,0.01,,,,,,,,,
WULM,Nitrite + Nitrate as N,2024-04-02 12:00:00.000+10:00,,mg/L,0.01,,,,,,,,,
WULW,Nitrite + Nitrate as N,2024-04-02 12:00:00.000+10:00,,mg/L,0.01,,,,,,,,,
WULE,Nitrite + Nitrate as N,2024-04-02 12:00:00.000+10:00,,mg/L,0.01,,,,,,,,,
WULE,Nitrite as N,2024-04-02 12:00:00.000+10:00,,mg/L,0.01,,,,,,,,,
WULW,Nitrite as N,2024-04-02 12:00:00.000+10:00,,mg/L,0.01,,,,,,,,,
WULM,Nitrite as N,2024-04-02 12:00:00.000+10:00,,mg/L,0.01,,,,,,,,,
WULW,Total Kjeldahl Nitrogen as N,2024-04-02 12:00:00.000+10:00,0.6,mg/L,0.1,,,,,,,,,
WULE,Total Kjeldahl Nitrogen as N,2024-04-02 12:00:00.000+10:00,0.6,mg/L,0.1,,,,,,,,,
WULM,Total Kjeldahl Nitrogen as N,2024-04-02 12:00:00.000+10:00,0.6,mg/L,0.1,,,,,,,,,
WULW,Total Nitrogen as N,2024-04-02 12:00:00.000+10:00,0.6,mg/L,0.1,,,,,,,,,
WULE,Total Nitrogen as N,2024-04-02 12:00:00.000+10:00,0.6,mg/L,0.1,,,,,,,,,
WULM,Total Nitrogen as N,2024-04-02 12:00:00.000+10:00,0.6,mg/L,0.1,,,,,,,,,
WULM,Total Phosphorus as P,2024-04-02 12:00:00.000+10:00,0.02,mg/L,0.01,,,,,,,,,
WULE,Total Phosphorus as P,2024-04-02 12:00:00.000+10:00,0.03,mg/L,0.01,,,,,,,,,
WULW,Total Phosphorus as P,2024-04-02 12:00:00.000+10:00,0.03,mg/L,0.01,,,,,,,,,
WULW,Total suspended solids,2024-04-02 12:00:00.000+10:00,14,mg/L,5,,,,,,,,,
WULM,Total suspended solids,2024-04-02 12:00:00.000+10:00,,mg/L,5,,,,,,,,,
WULE,Total suspended solids,2024-04-02 12:00:00.000+10:00,5,mg/L,5,,,,,,,,,
WULE,Chlorophyll - a,2024-04-02 07:40:00.000+10:00,7.7,mg/m^3,,,,,,,,,,
WULE,Chroococcus species 2_Biovolume,2024-04-02 07:40:00.000+10:00,0.031,mm3/l,,,,,,,,,,
WULE,Chroococcus species 2_Cell count,2024-04-02 07:40:00.000+10:00,363,cells/ml,,,,,,,,,,
WULE,Coccoid Blue Green Picoplankton_Biovolume,2024-04-02 07:40:00.000+10:00,0.316,mm3/l,,,,,,,,,,
WULE,Coccoid Blue Green Picoplankton_Cell count,2024-04-02 07:40:00.000+10:00,701784,cells/ml,,,,,,,,,,
WULE,Cyanobacteria Biovolume,2024-04-02 07:40:00.000+10:00,0.73,mm3/l,,,,,,,,,,
WULE,Enterococci,2024-04-02 07:40:00.000+10:00,1,cfu/100ml,,,,,,,,,,
WULE,Planktolyngbya_Biovolume,2024-04-02 07:40:00.000+10:00,0.15,mm3/l,,,,,,,,,,
WULE,Planktolyngbya_Cell count,2024-04-02 07:40:00.000+10:00,63147,cells/ml,,,,,,,,,,
WULE,Planktothrix_Biovolume,2024-04-02 07:40:00.000+10:00,0.096,mm3/l,,,,,,,,,,
WULE,Planktothrix_Cell count,2024-04-02 07:40:00.000+10:00,510,cells/ml,,,,,,,,,,
WULE,Potentially Toxic Cyanobacteria,2024-04-02 07:40:00.000+10:00,4120,cells/ml,,,,,,,,,,
WULE,Potentially Toxic Cyanobacteria Biovolume,2024-04-02 07:40:00.000+10:00,0.201,mm3/l,,,,,,,,,,
WULE,Pseudanabaena_Biovolume,2024-04-02 07:40:00.000+10:00,0.032,mm3/l,,,,,,,,,,
WULE,Pseudanabaena_Cell count,2024-04-02 07:40:00.000+10:00,3266,cells/ml,,,,,,,,,,
WULE,Raphidiopsis raciborskii_Biovolume,2024-04-02 07:40:00.000+10:00,0.105,mm3/l,,,,,,,,,,
WULE,Raphidiopsis raciborskii_Cell count,2024-04-02 07:40:00.000+10:00,3606,cells/ml,,,,,,,,,,
WULE,Total Cyanobacteria,2024-04-02 07:40:00.000+10:00,772700,cells/ml,,,,,,,,,,
WULM,7-deoxy-Cylindrospermopsin(extracellular),2024-04-02 07:25:00.000+10:00,0.5,ug/l,,,,,,,,,,
WULM,7-deoxy-Cylindrospermopsin(intracellular),2024-04-02 07:25:00.000+10:00,0.1,ug/l,,,,,,,,,,
WULM,7-deoxy-Cylindrospermopsin(total),2024-04-02 07:25:00.000+10:00,0.5,ug/l,,,,,,,,,,
WULM,7-desmethyl Microcystin-LR(extracellular),2024-04-02 07:25:00.000+10:00,2,ug/l,,,,,,,,,,
WULM,7-desmethyl Microcystin-LR(intracellular),2024-04-02 07:25:00.000+10:00,2,ug/l,,,,,,,,,,
WULM,7-desmethyl Microcystin-LR(total),2024-04-02 07:25:00.000+10:00,2,ug/l,,,,,,,,,,
WULM,7-Epi-Cylindrospermopsin(extracellular),2024-04-02 07:25:00.000+10:00,0.1,ug/l,,,,,,,,,,
WULM,7-Epi-Cylindrospermopsin(intracellular),2024-04-02 07:25:00.000+10:00,0.1,ug/l,,,,,,,,,,
WULM,7-Epi-Cylindrospermopsin(total),2024-04-02 07:25:00.000+10:00,0.1,ug/l,,,,,,,,,,
WULM,Anatoxin-a(extracellular),2024-04-02 07:25:00.000+10:00,0.1,ug/l,,,,,,,,,,
WULM,Anatoxin-a(intracellular),2024-04-02 07:25:00.000+10:00,0.1,ug/l,,,,,,,,,,
WULM,Anatoxin-a(total),2024-04-02 07:25:00.000+10:00,0.1,ug/l,,,,,,,,,,
WULM,Chlorophyll - a,2024-04-02 07:25:00.000+10:00,11.4,mg/m^3,,,,,,,,,,
WULM,Coccoid Blue Green Picoplankton_Biovolume,2024-04-02 07:25:00.000+10:00,0.272,mm3/l,,,,,,,,,,
WULM,Coccoid Blue Green Picoplankton_Cell count,2024-04-02 07:25:00.000+10:00,604115,cells/ml,,,,,,,,,,
WULM,Cyanobacteria Biovolume,2024-04-02 07:25:00.000+10:00,0.448,mm3/l,,,,,,,,,,
WULM,Cylindrospermopsin (extracellular),2024-04-02 07:25:00.000+10:00,0.05,ug/l,,,,,,,,,,
WULM,Cylindrospermopsin (intracellular),2024-04-02 07:25:00.000+10:00,0.05,ug/l,,,,,,,,,,
WULM,Cylindrospermopsin(total),2024-04-02 07:25:00.000+10:00,0.05,ug/l,,,,,,,,,,
WULM,Enterococci,2024-04-02 07:25:00.000+10:00,3,cfu/100ml,,,,,,,,,,
WULM,Microcystin LR(extracellular),2024-04-02 07:25:00.000+10:00,0.05,ug/l,,,,,,,,,,
WULM,Microcystin LR(intracellular),2024-04-02 07:25:00.000+10:00,0.06,ug/l,,,,,,,,,,
WULM,Microcystin LR(total),2024-04-02 07:25:00.000+10:00,0.06,ug/l,,,,,,,,,,
WULM,Microcystin RR(extracellular),2024-04-02 07:25:00.000+10:00,0.05,ug/l,,,,,,,,,,
WULM,Microcystin RR(intracellular),2024-04-02 07:25:00.000+10:00,0.05,ug/l,,,,,,,,,,
WULM,Microcystin RR(total),2024-04-02 07:25:00.000+10:00,0.05,ug/l,,,,,,,,,,
WULM,Microcystin YR(extracellular),2024-04-02 07:25:00.000+10:00,0.05,ug/l,,,,,,,,,,
WULM,Microcystin YR(intracellular),2024-04-02 07:25:00.000+10:00,0.05,ug/l,,,,,,,,,,
WULM,Microcystin YR(total),2024-04-02 07:25:00.000+10:00,0.05,ug/l,,,,,,,,,,
WULM,Microcystin-LA(extracellular),2024-04-02 07:25:00.000+10:00,0.5,ug/l,,,,,,,,,,
WULM,Microcystin-LA(intracellular),2024-04-02 07:25:00.000+10:00,0.5,ug/l,,,,,,,,,,
WULM,Microcystin-LA(total),2024-04-02 07:25:00.000+10:00,0.5,ug/l,,,,,,,,,,
WULM,Microcystin-LF(extracellular),2024-04-02 07:25:00.000+10:00,1,ug/l,,,,,,,,,,
WULM,Microcystin-LF(intracellular),2024-04-02 07:25:00.000+10:00,1,ug/l,,,,,,,,,,
WULM,Microcystin-LF(total),2024-04-02 07:25:00.000+10:00,1,ug/l,,,,,,,,,,
WULM,Microcystin-LW(extracellular),2024-04-02 07:25:00.000+10:00,1,ug/l,,,,,,,,,,
WULM,Microcystin-LW(intracellular),2024-04-02 07:25:00.000+10:00,1,ug/l,,,,,,,,,,
WULM,Microcystin-LW(total),2024-04-02 07:25:00.000+10:00,1,ug/l,,,,,,,,,,
WULM,Microcystin-LY(extracellular),2024-04-02 07:25:00.000+10:00,0.5,ug/l,,,,,,,,,,
WULM,Microcystin-LY(intracellular),2024-04-02 07:25:00.000+10:00,0.5,ug/l,,,,,,,,,,
WULM,Microcystin-LY(total),2024-04-02 07:25:00.000+10:00,0.5,ug/l,,,,,,,,,,
WULM,Nodularin (extracellular),2024-04-02 07:25:00.000+10:00,0.1,ug/l,,,,,,,,,,
WULM,Nodularin (intracellular),2024-04-02 07:25:00.000+10:00,0.1,ug/l,,,,,,,,,,
WULM,Nodularin (total),2024-04-02 07:25:00.000+10:00,0.1,ug/l,,,,,,,,,,
WULM,Planktolyngbya_Biovolume,2024-04-02 07:25:00.000+10:00,0.135,mm3/l,,,,,,,,,,
WULM,Planktolyngbya_Cell count,2024-04-02 07:25:00.000+10:00,56905,cells/ml,,,,,,,,,,
WULM,Potentially Toxic Cyanobacteria,2024-04-02 07:25:00.000+10:00,1430,cells/ml,,,,,,,,,,
WULM,Potentially Toxic Cyanobacteria Biovolume,2024-04-02 07:25:00.000+10:00,0.041,mm3/l,,,,,,,,,,
WULM,Raphidiopsis raciborskii_Biovolume,2024-04-02 07:25:00.000+10:00,0.041,mm3/l,,,,,,,,,,
WULM,Raphidiopsis raciborskii_Cell count,2024-04-02 07:25:00.000+10:00,1429,cells/ml,,,,,,,,,,
WULM,Total Cyanobacteria,2024-04-02 07:25:00.000+10:00,662400,cells/ml,,,,,,,,,,
WULW,7-deoxy-Cylindrospermopsin(extracellular),2024-04-02 07:10:00.000+10:00,0.5,ug/l,,,,,,,,,,
WULW,7-deoxy-Cylindrospermopsin(intracellular),2024-04-02 07:10:00.000+10:00,0.1,ug/l,,,,,,,,,,
WULW,7-deoxy-Cylindrospermopsin(total),2024-04-02 07:10:00.000+10:00,0.5,ug/l,,,,,,,,,,
WULW,7-desmethyl Microcystin-LR(extracellular),2024-04-02 07:10:00.000+10:00,2,ug/l,,,,,,,,,,
WULW,7-desmethyl Microcystin-LR(intracellular),2024-04-02 07:10:00.000+10:00,2,ug/l,,,,,,,,,,
WULW,7-desmethyl Microcystin-LR(total),2024-04-02 07:10:00.000+10:00,2,ug/l,,,,,,,,,,
WULW,7-Epi-Cylindrospermopsin(extracellular),2024-04-02 07:10:00.000+10:00,0.1,ug/l,,,,,,,,,,
WULW,7-Epi-Cylindrospermopsin(intracellular),2024-04-02 07:10:00.000+10:00,0.1,ug/l,,,,,,,,,,
WULW,7-Epi-Cylindrospermopsin(total),2024-04-02 07:10:00.000+10:00,0.1,ug/l,,,,,,,,,,
WULW,Anatoxin-a(extracellular),2024-04-02 07:10:00.000+10:00,0.1,ug/l,,,,,,,,,,
WULW,Anatoxin-a(intracellular),2024-04-02 07:10:00.000+10:00,0.1,ug/l,,,,,,,,,,
WULW,Anatoxin-a(total),2024-04-02 07:10:00.000+10:00,0.1,ug/l,,,,,,,,,,
WULW,Chlorophyll - a,2024-04-02 07:10:00.000+10:00,11.1,mg/m^3,,,,,,,,,,
WULW,Coccoid Blue Green Picoplankton_Biovolume,2024-04-02 07:10:00.000+10:00,0.331,mm3/l,,,,,,,,,,
WULW,Coccoid Blue Green Picoplankton_Cell count,2024-04-02 07:10:00.000+10:00,734355,cells/ml,,,,,,,,,,
WULW,Cyanobacteria Biovolume,2024-04-02 07:10:00.000+10:00,0.509,mm3/l,,,,,,,,,,
WULW,Cylindrospermopsin (extracellular),2024-04-02 07:10:00.000+10:00,0.05,ug/l,,,,,,,,,,
WULW,Cylindrospermopsin (intracellular),2024-04-02 07:10:00.000+10:00,0.05,ug/l,,,,,,,,,,
WULW,Cylindrospermopsin(total),2024-04-02 07:10:00.000+10:00,0.05,ug/l,,,,,,,,,,
WULW,Enterococci,2024-04-02 07:10:00.000+10:00,6,cfu/100ml,,,,,,,,,,
WULW,Microcystin LR(extracellular),2024-04-02 07:10:00.000+10:00,0.05,ug/l,,,,,,,,,,
WULW,Microcystin LR(intracellular),2024-04-02 07:10:00.000+10:00,0.06,ug/l,,,,,,,,,,
WULW,Microcystin LR(total),2024-04-02 07:10:00.000+10:00,0.06,ug/l,,,,,,,,,,
WULW,Microcystin RR(extracellular),2024-04-02 07:10:00.000+10:00,0.05,ug/l,,,,,,,,,,
WULW,Microcystin RR(intracellular),2024-04-02 07:10:00.000+10:00,0.05,ug/l,,,,,,,,,,
WULW,Microcystin RR(total),2024-04-02 07:10:00.000+10:00,0.05,ug/l,,,,,,,,,,
WULW,Microcystin YR(extracellular),2024-04-02 07:10:00.000+10:00,0.05,ug/l,,,,,,,,,,
WULW,Microcystin YR(intracellular),2024-04-02 07:10:00.000+10:00,0.05,ug/l,,,,,,,,,,
WULW,Microcystin YR(total),2024-04-02 07:10:00.000+10:00,0.05,ug/l,,,,,,,,,,
WULW,Microcystin-LA(extracellular),2024-04-02 07:10:00.000+10:00,0.5,ug/l,,,,,,,,,,
WULW,Microcystin-LA(intracellular),2024-04-02 07:10:00.000+10:00,0.5,ug/l,,,,,,,,,,
WULW,Microcystin-LA(total),2024-04-02 07:10:00.000+10:00,0.5,ug/l,,,,,,,,,,
WULW,Microcystin-LF(extracellular),2024-04-02 07:10:00.000+10:00,1,ug/l,,,,,,,,,,
WULW,Microcystin-LF(intracellular),2024-04-02 07:10:00.000+10:00,1,ug/l,,,,,,,,,,
WULW,Microcystin-LF(total),2024-04-02 07:10:00.000+10:00,1,ug/l,,,,,,,,,,
WULW,Microcystin-LW(extracellular),2024-04-02 07:10:00.000+10:00,1,ug/l,,,,,,,,,,
WULW,Microcystin-LW(intracellular),2024-04-02 07:10:00.000+10:00,1,ug/l,,,,,,,,,,
WULW,Microcystin-LW(total),2024-04-02 07:10:00.000+10:00,1,ug/l,,,,,,,,,,
WULW,Microcystin-LY(extracellular),2024-04-02 07:10:00.000+10:00,0.5,ug/l,,,,,,,,,,
WULW,Microcystin-LY(intracellular),2024-04-02 07:10:00.000+10:00,0.5,ug/l,,,,,,,,,,
WULW,Microcystin-LY(total),2024-04-02 07:10:00.000+10:00,0.5,ug/l,,,,,,,,,,
WULW,Nodularin (extracellular),2024-04-02 07:10:00.000+10:00,0.1,ug/l,,,,,,,,,,
WULW,Nodularin (intracellular),2024-04-02 07:10:00.000+10:00,0.1,ug/l,,,,,,,,,,
WULW,Nodularin (total),2024-04-02 07:10:00.000+10:00,0.1,ug/l,,,,,,,,,,
WULW,Planktolyngbya_Biovolume,2024-04-02 07:10:00.000+10:00,0.114,mm3/l,,,,,,,,,,
WULW,Planktolyngbya_Cell count,2024-04-02 07:10:00.000+10:00,47759,cells/ml,,,,,,,,,,
WULW,Potentially Toxic Cyanobacteria,2024-04-02 07:10:00.000+10:00,2180,cells/ml,,,,,,,,,,
WULW,Potentially Toxic Cyanobacteria Biovolume,2024-04-02 07:10:00.000+10:00,0.064,mm3/l,,,,,,,,,,
WULW,Raphidiopsis raciborskii_Biovolume,2024-04-02 07:10:00.000+10:00,0.064,mm3/l,,,,,,,,,,
WULW,Raphidiopsis raciborskii_Cell count,2024-04-02 07:10:00.000+10:00,2184,cells/ml,,,,,,,,,,
WULW,Total Cyanobacteria,2024-04-02 07:10:00.000+10:00,784300,cells/ml,,,,,,,,,,
WULE,Anagnostidinema_Biovolume,2024-03-26 12:40:00.000+10:00,0.159,mm3/l,,,,,,,,,,
WULE,Anagnostidinema_Cell count,2024-03-26 12:40:00.000+10:00,9073,cells/ml,,,,,,,,,,
WULE,Coccoid Blue Green Picoplankton_Biovolume,2024-03-26 12:40:00.000+10:00,0.321,mm3/l,,,,,,,,,,
WULE,Coccoid Blue Green Picoplankton_Cell count,2024-03-26 12:40:00.000+10:00,712580,cells/ml,,,,,,,,,,
WULE,Cyanobacteria Biovolume,2024-03-26 12:40:00.000+10:00,2.96,mm3/l,,,,,,,,,,
WULE,Enterococci,2024-03-26 12:40:00.000+10:00,1,cfu/100ml,,,,,,,,,,
WULE,Microcystis_Biovolume,2024-03-26 12:40:00.000+10:00,0.106,mm3/l,,,,,,,,,,
WULE,Microcystis_Cell count,2024-03-26 12:40:00.000+10:00,3817,cells/ml,,,,,,,,,,
WULE,Planktolyngbya_Biovolume,2024-03-26 12:40:00.000+10:00,0.547,mm3/l,,,,,,,,,,
WULE,Planktolyngbya_Cell count,2024-03-26 12:40:00.000+10:00,229289,cells/ml,,,,,,,,,,
WULE,Potentially Toxic Cyanobacteria,2024-03-26 12:40:00.000+10:00,59460,cells/ml,,,,,,,,,,
WULE,Potentially Toxic Cyanobacteria Biovolume,2024-03-26 12:40:00.000+10:00,1.74,mm3/l,,,,,,,,,,
WULE,Pseudanabaena_Biovolume,2024-03-26 12:40:00.000+10:00,0.194,mm3/l,,,,,,,,,,
WULE,Pseudanabaena_Cell count,2024-03-26 12:40:00.000+10:00,19434,cells/ml,,,,,,,,,,
WULE,Raphidiopsis raciborskii_Biovolume,2024-03-26 12:40:00.000+10:00,1.632,mm3/l,,,,,,,,,,
WULE,Raphidiopsis raciborskii_Cell count,2024-03-26 12:40:00.000+10:00,55641,cells/ml,,,,,,,,,,
WULE,Total Cyanobacteria,2024-03-26 12:40:00.000+10:00,1030000,cells/ml,,,,,,,,,,
WULM,Anagnostidinema_Biovolume,2024-03-26 12:35:00.000+10:00,0.044,mm3/l,,,,,,,,,,
WULM,Anagnostidinema_Cell count,2024-03-26 12:35:00.000+10:00,2540,cells/ml,,,,,,,,,,
WULM,Coccoid Blue Green Picoplankton_Biovolume,2024-03-26 12:35:00.000+10:00,0.502,mm3/l,,,,,,,,,,
WULM,Coccoid Blue Green Picoplankton_Cell count,2024-03-26 12:35:00.000+10:00,1112964,cells/ml,,,,,,,,,,
WULM,Cyanobacteria Biovolume,2024-03-26 12:35:00.000+10:00,2.48,mm3/l,,,,,,,,,,
WULM,Enterococci,2024-03-26 12:35:00.000+10:00,1,cfu/100ml,,,,,,,,,,
WULM,Microcystis_Biovolume,2024-03-26 12:35:00.000+10:00,0.014,mm3/l,,,,,,,,,,
WULM,Microcystis_Cell count,2024-03-26 12:35:00.000+10:00,510,cells/ml,,,,,,,,,,
WULM,Planktolyngbya_Biovolume,2024-03-26 12:35:00.000+10:00,0.371,mm3/l,,,,,,,,,,
WULM,Planktolyngbya_Cell count,2024-03-26 12:35:00.000+10:00,155617,cells/ml,,,,,,,,,,
WULM,Potentially Toxic Cyanobacteria,2024-03-26 12:35:00.000+10:00,50240,cells/ml,,,,,,,,,,
WULM,Potentially Toxic Cyanobacteria Biovolume,2024-03-26 12:35:00.000+10:00,1.47,mm3/l,,,,,,,,,,
WULM,Pseudanabaena_Biovolume,2024-03-26 12:35:00.000+10:00,0.09,mm3/l,,,,,,,,,,
WULM,Pseudanabaena_Cell count,2024-03-26 12:35:00.000+10:00,9091,cells/ml,,,,,,,,,,
WULM,Raphidiopsis raciborskii_Biovolume,2024-03-26 12:35:00.000+10:00,1.458,mm3/l,,,,,,,,,,
WULM,Raphidiopsis raciborskii_Cell count,2024-03-26 12:35:00.000+10:00,49728,cells/ml,,,,,,,,,,
WULM,Total Cyanobacteria,2024-03-26 12:35:00.000+10:00,1330000,cells/ml,,,,,,,,,,
WULW,Anagnostidinema_Biovolume,2024-03-26 12:30:00.000+10:00,0.159,mm3/l,,,,,,,,,,
WULW,Anagnostidinema_Cell count,2024-03-26 12:30:00.000+10:00,9073,cells/ml,,,,,,,,,,
WULW,Chroococcus species 1_Biovolume,2024-03-26 12:30:00.000+10:00,0.086,mm3/l,,,,,,,,,,
WULW,Chroococcus species 1_Cell count,2024-03-26 12:30:00.000+10:00,7258,cells/ml,,,,,,,,,,
WULW,Chroococcus species 2_Biovolume,2024-03-26 12:30:00.000+10:00,0.031,mm3/l,,,,,,,,,,
WULW,Chroococcus species 2_Cell count,2024-03-26 12:30:00.000+10:00,363,cells/ml,,,,,,,,,,
WULW,Coccoid Blue Green Picoplankton_Biovolume,2024-03-26 12:30:00.000+10:00,0.532,mm3/l,,,,,,,,,,
WULW,Coccoid Blue Green Picoplankton_Cell count,2024-03-26 12:30:00.000+10:00,1178997,cells/ml,,,,,,,,,,
WULW,Cuspidothrix issatschenkoi_Biovolume,2024-03-26 12:30:00.000+10:00,0.059,mm3/l,,,,,,,,,,
WULW,Cuspidothrix issatschenkoi_Cell count,2024-03-26 12:30:00.000+10:00,1089,cells/ml,,,,,,,,,,
WULW,Cyanobacteria Biovolume,2024-03-26 12:30:00.000+10:00,3.09,mm3/l,,,,,,,,,,
WULW,Enterococci,2024-03-26 12:30:00.000+10:00,1,cfu/100ml,,,,,,,,,,
WULW,Planktolyngbya_Biovolume,2024-03-26 12:30:00.000+10:00,0.355,mm3/l,,,,,,,,,,
WULW,Planktolyngbya_Cell count,2024-03-26 12:30:00.000+10:00,148649,cells/ml,,,,,,,,,,
WULW,Potentially Toxic Cyanobacteria,2024-03-26 12:30:00.000+10:00,55730,cells/ml,,,,,,,,,,
WULW,Potentially Toxic Cyanobacteria Biovolume,2024-03-26 12:30:00.000+10:00,1.63,mm3/l,,,,,,,,,,
WULW,Pseudanabaena_Biovolume,2024-03-26 12:30:00.000+10:00,0.229,mm3/l,,,,,,,,,,
WULW,Pseudanabaena_Cell count,2024-03-26 12:30:00.000+10:00,22936,cells/ml,,,,,,,,,,
WULW,Raphidiopsis raciborskii_Biovolume,2024-03-26 12:30:00.000+10:00,1.634,mm3/l,,,,,,,,,,
WULW,Raphidiopsis raciborskii_Cell count,2024-03-26 12:30:00.000+10:00,55730,cells/ml,,,,,,,,,,
WULW,Total Cyanobacteria,2024-03-26 12:30:00.000+10:00,1424000,cells/ml,,,,,,,,,,
WULE,Ammonia as N,2024-03-18 12:00:00.000+10:00,,mg/L,0.01,,,,,,,,,
WULM,Ammonia as N,2024-03-18 12:00:00.000+10:00,0.05,mg/L,0.01,,,,,,,,,
WULW,Ammonia as N,2024-03-18 12:00:00.000+10:00,0.11,mg/L,0.01,,,,,,,,,
WULE,Dissolved Reactive Phosphorus as P,2024-03-18 12:00:00.000+10:00,,mg/L,0.01,,,,,,,,,
WULW,Dissolved Reactive Phosphorus as P,2024-03-18 12:00:00.000+10:00,,mg/L,0.01,,,,,,,,,
WULM,Dissolved Reactive Phosphorus as P,2024-03-18 12:00:00.000+10:00,,mg/L,0.01,,,,,,,,,
WULM,Nitrate as N,2024-03-18 12:00:00.000+10:00,0.01,mg/L,0.01,,,,,,,,,
WULW,Nitrate as N,2024-03-18 12:00:00.000+10:00,0.02,mg/L,0.01,,,,,,,,,
WULE,Nitrate as N,2024-03-18 12:00:00.000+10:00,0.01,mg/L,0.01,,,,,,,,,
WULW,Nitrite + Nitrate as N,2024-03-18 12:00:00.000+10:00,0.02,mg/L,0.01,,,,,,,,,
WULE,Nitrite + Nitrate as N,2024-03-18 12:00:00.000+10:00,0.01,mg/L,0.01,,,,,,,,,
WULM,Nitrite + Nitrate as N,2024-03-18 12:00:00.000+10:00,0.01,mg/L,0.01,,,,,,,,,
WULE,Nitrite as N,2024-03-18 12:00:00.000+10:00,,mg/L,0.01,,,,,,,,,
WULW,Nitrite as N,2024-03-18 12:00:00.000+10:00,,mg/L,0.01,,,,,,,,,
WULM,Nitrite as N,2024-03-18 12:00:00.000+10:00,,mg/L,0.01,,,,,,,,,
WULM,Total Kjeldahl Nitrogen as N,2024-03-18 12:00:00.000+10:00,0.6,mg/L,0.1,,,,,,,,,
WULE,Total Kjeldahl Nitrogen as N,2024-03-18 12:00:00.000+10:00,0.6,mg/L,0.1,,,,,,,,,
WULW,Total Kjeldahl Nitrogen as N,2024-03-18 12:00:00.000+10:00,0.7,mg/L,0.1,,,,,,,,,
WULM,Total Nitrogen as N,2024-03-18 12:00:00.000+10:00,0.6,mg/L,0.1,,,,,,,,,
WULE,Total Nitrogen as N,2024-03-18 12:00:00.000+10:00,0.6,mg/L,0.1,,,,,,,,,
WULW,Total Nitrogen as N,2024-03-18 12:00:00.000+10:00,0.7,mg/L,0.1,,,,,,,,,
WULW,Total Phosphorus as P,2024-03-18 12:00:00.000+10:00,0.03,mg/L,0.01,,,,,,,,,
WULE,Total Phosphorus as P,2024-03-18 12:00:00.000+10:00,0.02,mg/L,0.01,,,,,,,,,
WULM,Total Phosphorus as P,2024-03-18 12:00:00.000+10:00,0.02,mg/L,0.01,,,,,,,,,
WULM,Total suspended solids,2024-03-18 12:00:00.000+10:00,,mg/L,5,,,,,,,,,
WULW,Total suspended solids,2024-03-18 12:00:00.000+10:00,,mg/L,5,,,,,,,,,
WULE,Total suspended solids,2024-03-18 12:00:00.000+10:00,8,mg/L,5,,,,,,,,,
WULW,Anagnostidinema_Biovolume,2024-03-18 07:05:00.000+10:00,0.008,mm3/l,,,,,,,,,,
WULW,Anagnostidinema_Cell count,2024-03-18 07:05:00.000+10:00,476,cells/ml,,,,,,,,,,
WULW,Aphanizomenonaceae_Biovolume,2024-03-18 07:05:00.000+10:00,0.014,mm3/l,,,,,,,,,,
WULW,Aphanizomenonaceae_Cell count,2024-03-18 07:05:00.000+10:00,136,cells/ml,,,,,,,,,,
WULW,Chlorophyll - a,2024-03-18 07:05:00.000+10:00,11.9,mg/m^3,,,,,,,,,,
WULW,Coccoid Blue Green Picoplankton_Biovolume,2024-03-18 07:05:00.000+10:00,0.186,mm3/l,,,,,,,,,,
WULW,Coccoid Blue Green Picoplankton_Cell count,2024-03-18 07:05:00.000+10:00,413449,cells/ml,,,,,,,,,,
WULW,Cyanobacteria Biovolume,2024-03-18 07:05:00.000+10:00,1.08,mm3/l,,,,,,,,,,
WULW,Enterococci,2024-03-18 07:05:00.000+10:00,7,cfu/100ml,,,,,,,,,,
WULW,Geitlerinema_Biovolume,2024-03-18 07:05:00.000+10:00,0.004,mm3/l,,,,,,,,,,
WULW,Geitlerinema_Cell count,2024-03-18 07:05:00.000+10:00,272,cells/ml,,,,,,,,,,
WULW,Merismopedia_Biovolume,2024-03-18 07:05:00.000+10:00,0.082,mm3/l,,,,,,,,,,
WULW,Merismopedia_Cell count,2024-03-18 07:05:00.000+10:00,9781,cells/ml,,,,,,,,,,
WULW,Microcystis_Biovolume,2024-03-18 07:05:00.000+10:00,0.031,mm3/l,,,,,,,,,,
WULW,Microcystis_Cell count,2024-03-18 07:05:00.000+10:00,1150,cells/ml,,,,,,,,,,
WULW,Planktolyngbya_Biovolume,2024-03-18 07:05:00.000+10:00,0.121,mm3/l,,,,,,,,,,
WULW,Planktolyngbya_Cell count,2024-03-18 07:05:00.000+10:00,50953,cells/ml,,,,,,,,,,
WULW,Potentially Toxic Cyanobacteria,2024-03-18 07:05:00.000+10:00,21920,cells/ml,,,,,,,,,,
WULW,Potentially Toxic Cyanobacteria Biovolume,2024-03-18 07:05:00.000+10:00,0.65,mm3/l,,,,,,,,,,
WULW,Pseudanabaena_Biovolume,2024-03-18 07:05:00.000+10:00,0.019,mm3/l,,,,,,,,,,
WULW,Pseudanabaena_Cell count,2024-03-18 07:05:00.000+10:00,1903,cells/ml,,,,,,,,,,
WULW,Raphidiopsis raciborskii_Biovolume,2024-03-18 07:05:00.000+10:00,0.605,mm3/l,,,,,,,,,,
WULW,Raphidiopsis raciborskii_Cell count,2024-03-18 07:05:00.000+10:00,20634,cells/ml,,,,,,,,,,
WULW,Synechococcus cf_Biovolume,2024-03-18 07:05:00.000+10:00,0.006,mm3/l,,,,,,,,,,
WULW,Synechococcus cf_Cell count,2024-03-18 07:05:00.000+10:00,925,cells/ml,,,,,,,,,,
WULW,Total Cyanobacteria,2024-03-18 07:05:00.000+10:00,499700,cells/ml,,,,,,,,,,
WULM,Aphanizomenonaceae_Biovolume,2024-03-18 06:55:00.000+10:00,0.07,mm3/l,,,,,,,,,,
WULM,Aphanizomenonaceae_Cell count,2024-03-18 06:55:00.000+10:00,680,cells/ml,,,,,,,,,,
WULM,Chlorophyll - a,2024-03-18 06:55:00.000+10:00,9.9,mg/m^3,,,,,,,,,,
WULM,Coccoid Blue Green Picoplankton_Biovolume,2024-03-18 06:55:00.000+10:00,0.134,mm3/l,,,,,,,,,,
WULM,Coccoid Blue Green Picoplankton_Cell count,2024-03-18 06:55:00.000+10:00,298451,cells/ml,,,,,,,,,,
WULM,Cuspidothrix issatschenkoi_Biovolume,2024-03-18 06:55:00.000+10:00,0.003,mm3/l,,,,,,,,,,
WULM,Cuspidothrix issatschenkoi_Cell count,2024-03-18 06:55:00.000+10:00,68,cells/ml,,,,,,,,,,
WULM,Cyanobacteria Biovolume,2024-03-18 06:55:00.000+10:00,0.846,mm3/l,,,,,,,,,,
WULM,Enterococci,2024-03-18 06:55:00.000+10:00,1,cfu/100ml,,,,,,,,,,
WULM,Geitlerinema_Biovolume,2024-03-18 06:55:00.000+10:00,0.008,mm3/l,,,,,,,,,,
WULM,Geitlerinema_Cell count,2024-03-18 06:55:00.000+10:00,476,cells/ml,,,,,,,,,,
WULM,Merismopedia_Biovolume,2024-03-18 06:55:00.000+10:00,0.061,mm3/l,,,,,,,,,,
WULM,Merismopedia_Cell count,2024-03-18 06:55:00.000+10:00,7295,cells/ml,,,,,,,,,,
WULM,Microcystis_Biovolume,2024-03-18 06:55:00.000+10:00,0.039,mm3/l,,,,,,,,,,
WULM,Microcystis_Cell count,2024-03-18 06:55:00.000+10:00,1429,cells/ml,,,,,,,,,,
WULM,Planktolyngbya_Biovolume,2024-03-18 06:55:00.000+10:00,0.066,mm3/l,,,,,,,,,,
WULM,Planktolyngbya_Cell count,2024-03-18 06:55:00.000+10:00,27763,cells/ml,,,,,,,,,,
WULM,Potentially Toxic Cyanobacteria,2024-03-18 06:55:00.000+10:00,16970,cells/ml,,,,,,,,,,
WULM,Potentially Toxic Cyanobacteria Biovolume,2024-03-18 06:55:00.000+10:00,0.545,mm3/l,,,,,,,,,,
WULM,Pseudanabaena_Biovolume,2024-03-18 06:55:00.000+10:00,0.025,mm3/l,,,,,,,,,,
WULM,Pseudanabaena_Cell count,2024-03-18 06:55:00.000+10:00,2523,cells/ml,,,,,,,,,,
WULM,Raphidiopsis raciborskii_Biovolume,2024-03-18 06:55:00.000+10:00,0.436,mm3/l,,,,,,,,,,
WULM,Raphidiopsis raciborskii_Cell count,2024-03-18 06:55:00.000+10:00,14864,cells/ml,,,,,,,,,,
WULM,Synechococcus cf_Biovolume,2024-03-18 06:55:00.000+10:00,0.004,mm3/l,,,,,,,,,,
WULM,Synechococcus cf_Cell count,2024-03-18 06:55:00.000+10:00,726,cells/ml,,,,,,,,,,
WULM,Total Cyanobacteria,2024-03-18 06:55:00.000+10:00,354300,cells/ml,,,,,,,,,,
WULE,Aphanizomenonaceae_Biovolume,2024-03-18 06:45:00.000+10:00,0.038,mm3/l,,,,,,,,,,
WULE,Aphanizomenonaceae_Cell count,2024-03-18 06:45:00.000+10:00,374,cells/ml,,,,,,,,,,
WULE,Chlorophyll - a,2024-03-18 06:45:00.000+10:00,12.3,mg/m^3,,,,,,,,,,
WULE,Coccoid Blue Green Picoplankton_Biovolume,2024-03-18 06:45:00.000+10:00,0.141,mm3/l,,,,,,,,,,
WULE,Coccoid Blue Green Picoplankton_Cell count,2024-03-18 06:45:00.000+10:00,312496,cells/ml,,,,,,,,,,
WULE,Cyanobacteria Biovolume,2024-03-18 06:45:00.000+10:00,0.945,mm3/l,,,,,,,,,,
WULE,Enterococci,2024-03-18 06:45:00.000+10:00,9,cfu/100ml,,,,,,,,,,
WULE,Geitlerinema_Biovolume,2024-03-18 06:45:00.000+10:00,0.006,mm3/l,,,,,,,,,,
WULE,Geitlerinema_Cell count,2024-03-18 06:45:00.000+10:00,374,cells/ml,,,,,,,,,,
WULE,Limnothrix_Biovolume,2024-03-18 06:45:00.000+10:00,0.003,mm3/l,,,,,,,,,,
WULE,Limnothrix_Cell count,2024-03-18 06:45:00.000+10:00,272,cells/ml,,,,,,,,,,
WULE,Merismopedia_Biovolume,2024-03-18 06:45:00.000+10:00,0.006,mm3/l,,,,,,,,,,
WULE,Merismopedia_Cell count,2024-03-18 06:45:00.000+10:00,726,cells/ml,,,,,,,,,,
WULE,Microcystis_Biovolume,2024-03-18 06:45:00.000+10:00,0.113,mm3/l,,,,,,,,,,
WULE,Microcystis_Cell count,2024-03-18 06:45:00.000+10:00,4096,cells/ml,,,,,,,,,,
WULE,Planktolyngbya_Biovolume,2024-03-18 06:45:00.000+10:00,0.06,mm3/l,,,,,,,,,,
WULE,Planktolyngbya_Cell count,2024-03-18 06:45:00.000+10:00,25259,cells/ml,,,,,,,,,,
WULE,Potentially Toxic Cyanobacteria,2024-03-18 06:45:00.000+10:00,23990,cells/ml,,,,,,,,,,
WULE,Potentially Toxic Cyanobacteria Biovolume,2024-03-18 06:45:00.000+10:00,0.718,mm3/l,,,,,,,,,,
WULE,Pseudanabaena_Biovolume,2024-03-18 06:45:00.000+10:00,0.012,mm3/l,,,,,,,,,,
WULE,Pseudanabaena_Cell count,2024-03-18 06:45:00.000+10:00,1251,cells/ml,,,,,,,,,,
WULE,Raphidiopsis raciborskii_Biovolume,2024-03-18 06:45:00.000+10:00,0.564,mm3/l,,,,,,,,,,
WULE,Raphidiopsis raciborskii_Cell count,2024-03-18 06:45:00.000+10:00,19248,cells/ml,,,,,,,,,,
WULE,Synechococcus cf_Biovolume,2024-03-18 06:45:00.000+10:00,0.002,mm3/l,,,,,,,,,,
WULE,Synechococcus cf_Cell count,2024-03-18 06:45:00.000+10:00,363,cells/ml,,,,,,,,,,
WULE,Total Cyanobacteria,2024-03-18 06:45:00.000+10:00,364500,cells/ml,,,,,,,,,,
WULW,Ammonia as N,2024-03-04 12:00:00.000+10:00,0.06,mg/L,0.01,,,,,,,,,
WULM,Ammonia as N,2024-03-04 12:00:00.000+10:00,,mg/L,0.01,,,,,,,,,
WULE,Ammonia as N,2024-03-04 12:00:00.000+10:00,,mg/L,0.01,,,,,,,,,
WULM,Dissolved Reactive Phosphorus as P,2024-03-04 12:00:00.000+10:00,,mg/L,0.01,,,,,,,,,
WULE,Dissolved Reactive Phosphorus as P,2024-03-04 12:00:00.000+10:00,,mg/L,0.01,,,,,,,,,
WULW,Dissolved Reactive Phosphorus as P,2024-03-04 12:00:00.000+10:00,,mg/L,0.01,,,,,,,,,
WULE,Nitrate as N,2024-03-04 12:00:00.000+10:00,,mg/L,0.01,,,,,,,,,
WULM,Nitrate as N,2024-03-04 12:00:00.000+10:00,,mg/L,0.01,,,,,,,,,
WULW,Nitrate as N,2024-03-04 12:00:00.000+10:00,,mg/L,0.01,,,,,,,,,
WULW,Nitrite + Nitrate as N,2024-03-04 12:00:00.000+10:00,,mg/L,0.01,,,,,,,,,
WULM,Nitrite + Nitrate as N,2024-03-04 12:00:00.000+10:00,,mg/L,0.01,,,,,,,,,
WULE,Nitrite + Nitrate as N,2024-03-04 12:00:00.000+10:00,,mg/L,0.01,,,,,,,,,
WULM,Nitrite as N,2024-03-04 12:00:00.000+10:00,,mg/L,0.01,,,,,,,,,
WULW,Nitrite as N,2024-03-04 12:00:00.000+10:00,,mg/L,0.01,,,,,,,,,
WULE,Nitrite as N,2024-03-04 12:00:00.000+10:00,,mg/L,0.01,,,,,,,,,
WULM,Total Kjeldahl Nitrogen as N,2024-03-04 12:00:00.000+10:00,0.5,mg/L,0.1,,,,,,,,,
WULE,Total Kjeldahl Nitrogen as N,2024-03-04 12:00:00.000+10:00,0.6,mg/L,0.1,,,,,,,,,
WULW,Total Kjeldahl Nitrogen as N,2024-03-04 12:00:00.000+10:00,0.6,mg/L,0.1,,,,,,,,,
WULE,Total Nitrogen as N,2024-03-04 12:00:00.000+10:00,0.6,mg/L,0.1,,,,,,,,,
WULW,Total Nitrogen as N,2024-03-04 12:00:00.000+10:00,0.6,mg/L,0.1,,,,,,,,,
WULM,Total Nitrogen as N,2024-03-04 12:00:00.000+10:00,0.5,mg/L,0.1,,,,,,,,,
WULM,Total Phosphorus as P,2024-03-04 12:00:00.000+10:00,0.01,mg/L,0.01,,,,,,,,,
WULW,Total Phosphorus as P,2024-03-04 12:00:00.000+10:00,0.05,mg/L,0.01,,,,,,,,,
WULE,Total Phosphorus as P,2024-03-04 12:00:00.000+10:00,0.02,mg/L,0.01,,,,,,,,,
WULM,Total suspended solids,2024-03-04 12:00:00.000+10:00,,mg/L,5,,,,,,,,,
WULE,Total suspended solids,2024-03-04 12:00:00.000+10:00,,mg/L,5,,,,,,,,,
WULW,Total suspended solids,2024-03-04 12:00:00.000+10:00,,mg/L,5,,,,,,,,,
WULE,7-deoxy-Cylindrospermopsin(extracellular),2024-03-04 09:10:00.000+10:00,0.4,ug/l,,,,,,,,,,
WULE,7-deoxy-Cylindrospermopsin(intracellular),2024-03-04 09:10:00.000+10:00,0.3,ug/l,,,,,,,,,,
WULE,7-deoxy-Cylindrospermopsin(total),2024-03-04 09:10:00.000+10:00,0.7,ug/l,,,,,,,,,,
WULE,7-desmethyl Microcystin-LR(extracellular),2024-03-04 09:10:00.000+10:00,2,ug/l,,,,,,,,,,
WULE,7-desmethyl Microcystin-LR(intracellular),2024-03-04 09:10:00.000+10:00,2,ug/l,,,,,,,,,,
WULE,7-desmethyl Microcystin-LR(total),2024-03-04 09:10:00.000+10:00,2,ug/l,,,,,,,,,,
WULE,7-Epi-Cylindrospermopsin(extracellular),2024-03-04 09:10:00.000+10:00,0.1,ug/l,,,,,,,,,,
WULE,7-Epi-Cylindrospermopsin(intracellular),2024-03-04 09:10:00.000+10:00,0.1,ug/l,,,,,,,,,,
WULE,7-Epi-Cylindrospermopsin(total),2024-03-04 09:10:00.000+10:00,0.1,ug/l,,,,,,,,,,
WULE,Anatoxin-a(extracellular),2024-03-04 09:10:00.000+10:00,0.1,ug/l,,,,,,,,,,
WULE,Anatoxin-a(intracellular),2024-03-04 09:10:00.000+10:00,0.1,ug/l,,,,,,,,,,
WULE,Anatoxin-a(total),2024-03-04 09:10:00.000+10:00,0.1,ug/l,,,,,,,,,,
WULE,Chlorophyll - a,2024-03-04 09:10:00.000+10:00,13.7,mg/m^3,,,,,,,,,,
WULE,Coccoid Blue Green Picoplankton_Biovolume,2024-03-04 09:10:00.000+10:00,0.056,mm3/l,,,,,,,,,,
WULE,Coccoid Blue Green Picoplankton_Cell count,2024-03-04 09:10:00.000+10:00,124617,cells/ml,,,,,,,,,,
WULE,Cyanobacteria Biovolume,2024-03-04 09:10:00.000+10:00,1.49,mm3/l,,,,,,,,,,
WULE,Cylindrospermopsin (extracellular),2024-03-04 09:10:00.000+10:00,0.1,ug/l,,,,,,,,,,
WULE,Cylindrospermopsin (intracellular),2024-03-04 09:10:00.000+10:00,0.07,ug/l,,,,,,,,,,
WULE,Cylindrospermopsin(total),2024-03-04 09:10:00.000+10:00,0.17,ug/l,,,,,,,,,,
WULE,Enterococci,2024-03-04 09:10:00.000+10:00,3,cfu/100ml,,,,,,,,,,
WULE,Microcystin LR(extracellular),2024-03-04 09:10:00.000+10:00,0.05,ug/l,,,,,,,,,,
WULE,Microcystin LR(intracellular),2024-03-04 09:10:00.000+10:00,0.05,ug/l,,,,,,,,,,
WULE,Microcystin LR(total),2024-03-04 09:10:00.000+10:00,0.05,ug/l,,,,,,,,,,
WULE,Microcystin RR(extracellular),2024-03-04 09:10:00.000+10:00,0.05,ug/l,,,,,,,,,,
WULE,Microcystin RR(intracellular),2024-03-04 09:10:00.000+10:00,0.05,ug/l,,,,,,,,,,
WULE,Microcystin RR(total),2024-03-04 09:10:00.000+10:00,0.05,ug/l,,,,,,,,,,
WULE,Microcystin YR(extracellular),2024-03-04 09:10:00.000+10:00,0.05,ug/l,,,,,,,,,,
WULE,Microcystin YR(intracellular),2024-03-04 09:10:00.000+10:00,0.05,ug/l,,,,,,,,,,
WULE,Microcystin YR(total),2024-03-04 09:10:00.000+10:00,0.05,ug/l,,,,,,,,,,
WULE,Microcystin-LA(extracellular),2024-03-04 09:10:00.000+10:00,0.5,ug/l,,,,,,,,,,
WULE,Microcystin-LA(intracellular),2024-03-04 09:10:00.000+10:00,0.5,ug/l,,,,,,,,,,
WULE,Microcystin-LA(total),2024-03-04 09:10:00.000+10:00,0.5,ug/l,,,,,,,,,,
WULE,Microcystin-LF(extracellular),2024-03-04 09:10:00.000+10:00,1,ug/l,,,,,,,,,,
WULE,Microcystin-LF(intracellular),2024-03-04 09:10:00.000+10:00,1,ug/l,,,,,,,,,,
WULE,Microcystin-LF(total),2024-03-04 09:10:00.000+10:00,1,ug/l,,,,,,,,,,
WULE,Microcystin-LW(extracellular),2024-03-04 09:10:00.000+10:00,1,ug/l,,,,,,,,,,
WULE,Microcystin-LW(intracellular),2024-03-04 09:10:00.000+10:00,1,ug/l,,,,,,,,,,
WULE,Microcystin-LW(total),2024-03-04 09:10:00.000+10:00,1,ug/l,,,,,,,,,,
WULE,Microcystin-LY(extracellular),2024-03-04 09:10:00.000+10:00,0.5,ug/l,,,,,,,,,,
WULE,Microcystin-LY(intracellular),2024-03-04 09:10:00.000+10:00,0.5,ug/l,,,,,,,,,,
WULE,Microcystin-LY(total),2024-03-04 09:10:00.000+10:00,0.5,ug/l,,,,,,,,,,
WULE,Nodularin (extracellular),2024-03-04 09:10:00.000+10:00,0.1,ug/l,,,,,,,,,,
WULE,Nodularin (intracellular),2024-03-04 09:10:00.000+10:00,0.1,ug/l,,,,,,,,,,
WULE,Nodularin (total),2024-03-04 09:10:00.000+10:00,0.1,ug/l,,,,,,,,,,
WULE,Planktolyngbya_Biovolume,2024-03-04 09:10:00.000+10:00,0.063,mm3/l,,,,,,,,,,
WULE,Planktolyngbya_Cell count,2024-03-04 09:10:00.000+10:00,26652,cells/ml,,,,,,,,,,
WULE,Potentially Toxic Cyanobacteria,2024-03-04 09:10:00.000+10:00,17150,cells/ml,,,,,,,,,,
WULE,Potentially Toxic Cyanobacteria Biovolume,2024-03-04 09:10:00.000+10:00,0.503,mm3/l,,,,,,,,,,
WULE,Pseudanabaena_Biovolume,2024-03-04 09:10:00.000+10:00,0.865,mm3/l,,,,,,,,,,
WULE,Pseudanabaena_Cell count,2024-03-04 09:10:00.000+10:00,86577,cells/ml,,,,,,,,,,
WULE,Raphidiopsis raciborskii_Biovolume,2024-03-04 09:10:00.000+10:00,0.503,mm3/l,,,,,,,,,,
WULE,Raphidiopsis raciborskii_Cell count,2024-03-04 09:10:00.000+10:00,17148,cells/ml,,,,,,,,,,
WULE,Total Cyanobacteria,2024-03-04 09:10:00.000+10:00,255000,cells/ml,,,,,,,,,,
WULM,Chlorophyll - a,2024-03-04 08:55:00.000+10:00,13.7,mg/m^3,,,,,,,,,,
WULM,Coccoid Blue Green Picoplankton_Biovolume,2024-03-04 08:55:00.000+10:00,0.067,mm3/l,,,,,,,,,,
WULM,Coccoid Blue Green Picoplankton_Cell count,2024-03-04 08:55:00.000+10:00,148613,cells/ml,,,,,,,,,,
WULM,Cuspidothrix issatschenkoi_Biovolume,2024-03-04 08:55:00.000+10:00,0.048,mm3/l,,,,,,,,,,
WULM,Cuspidothrix issatschenkoi_Cell count,2024-03-04 08:55:00.000+10:00,901,cells/ml,,,,,,,,,,
WULM,Cyanobacteria Biovolume,2024-03-04 08:55:00.000+10:00,1.25,mm3/l,,,,,,,,,,
WULM,Enterococci,2024-03-04 08:55:00.000+10:00,3,cfu/100ml,,,,,,,,,,
WULM,Planktolyngbya_Biovolume,2024-03-04 08:55:00.000+10:00,0.068,mm3/l,,,,,,,,,,
WULM,Planktolyngbya_Cell count,2024-03-04 08:55:00.000+10:00,28688,cells/ml,,,,,,,,,,
WULM,Potentially Toxic Cyanobacteria,2024-03-04 08:55:00.000+10:00,10890,cells/ml,,,,,,,,,,
WULM,Potentially Toxic Cyanobacteria Biovolume,2024-03-04 08:55:00.000+10:00,0.319,mm3/l,,,,,,,,,,
WULM,Pseudanabaena_Biovolume,2024-03-04 08:55:00.000+10:00,0.744,mm3/l,,,,,,,,,,
WULM,Pseudanabaena_Cell count,2024-03-04 08:55:00.000+10:00,74497,cells/ml,,,,,,,,,,
WULM,Raphidiopsis raciborskii_Biovolume,2024-03-04 08:55:00.000+10:00,0.319,mm3/l,,,,,,,,,,
WULM,Raphidiopsis raciborskii_Cell count,2024-03-04 08:55:00.000+10:00,10887,cells/ml,,,,,,,,,,
WULM,Total Cyanobacteria,2024-03-04 08:55:00.000+10:00,263600,cells/ml,,,,,,,,,,
WULW,Chlorophyll - a,2024-03-04 08:45:00.000+10:00,15.6,mg/m^3,,,,,,,,,,
WULW,Coccoid Blue Green Picoplankton_Biovolume,2024-03-04 08:45:00.000+10:00,0.074,mm3/l,,,,,,,,,,
WULW,Coccoid Blue Green Picoplankton_Cell count,2024-03-04 08:45:00.000+10:00,164857,cells/ml,,,,,,,,,,
WULW,Cyanobacteria Biovolume,2024-03-04 08:45:00.000+10:00,1.31,mm3/l,,,,,,,,,,
WULW,Enterococci,2024-03-04 08:45:00.000+10:00,5,cfu/100ml,,,,,,,,,,
WULW,Microcystis_Biovolume,2024-03-04 08:45:00.000+10:00,0.009,mm3/l,,,,,,,,,,
WULW,Microcystis_Cell count,2024-03-04 08:45:00.000+10:00,327,cells/ml,,,,,,,,,,
WULW,Planktolyngbya_Biovolume,2024-03-04 08:45:00.000+10:00,0.039,mm3/l,,,,,,,,,,
WULW,Planktolyngbya_Cell count,2024-03-04 08:45:00.000+10:00,16549,cells/ml,,,,,,,,,,
WULW,Potentially Toxic Cyanobacteria,2024-03-04 08:45:00.000+10:00,10620,cells/ml,,,,,,,,,,
WULW,Potentially Toxic Cyanobacteria Biovolume,2024-03-04 08:45:00.000+10:00,0.311,mm3/l,,,,,,,,,,
WULW,Pseudanabaena_Biovolume,2024-03-04 08:45:00.000+10:00,0.89,mm3/l,,,,,,,,,,
WULW,Pseudanabaena_Cell count,2024-03-04 08:45:00.000+10:00,89092,cells/ml,,,,,,,,,,
WULW,Raphidiopsis raciborskii_Biovolume,2024-03-04 08:45:00.000+10:00,0.302,mm3/l,,,,,,,,,,
WULW,Raphidiopsis raciborskii_Cell count,2024-03-04 08:45:00.000+10:00,10295,cells/ml,,,,,,,,,,
WULW,Total Cyanobacteria,2024-03-04 08:45:00.000+10:00,281100,cells/ml,,,,,,,,,,
WULM,Coccoid Blue Green Picoplankton_Biovolume,2024-02-26 10:55:00.000+10:00,0.012,mm3/l,,,,,,,,,,
WULM,Coccoid Blue Green Picoplankton_Cell count,2024-02-26 10:55:00.000+10:00,27994,cells/ml,,,,,,,,,,
WULM,Cyanobacteria Biovolume,2024-02-26 10:55:00.000+10:00,0.688,mm3/l,,,,,,,,,,
WULM,Planktolyngbya_Biovolume,2024-02-26 10:55:00.000+10:00,0.004,mm3/l,,,,,,,,,,
WULM,Planktolyngbya_Cell count,2024-02-26 10:55:00.000+10:00,1905,cells/ml,,,,,,,,,,
WULM,Potentially Toxic Cyanobacteria,2024-02-26 10:55:00.000+10:00,20660,cells/ml,,,,,,,,,,
WULM,Potentially Toxic Cyanobacteria Biovolume,2024-02-26 10:55:00.000+10:00,0.606,mm3/l,,,,,,,,,,
WULM,Pseudanabaena_Biovolume,2024-02-26 10:55:00.000+10:00,0.066,mm3/l,,,,,,,,,,
WULM,Pseudanabaena_Cell count,2024-02-26 10:55:00.000+10:00,6669,cells/ml,,,,,,,,,,
WULM,Raphidiopsis raciborskii_Biovolume,2024-02-26 10:55:00.000+10:00,0.606,mm3/l,,,,,,,,,,
WULM,Raphidiopsis raciborskii_Cell count,2024-02-26 10:55:00.000+10:00,20661,cells/ml,,,,,,,,,,
WULM,Total Cyanobacteria,2024-02-26 10:55:00.000+10:00,57230,cells/ml,,,,,,,,,,
WULW,Coccoid Blue Green Picoplankton_Biovolume,2024-02-26 10:45:00.000+10:00,0.005,mm3/l,,,,,,,,,,
WULW,Coccoid Blue Green Picoplankton_Cell count,2024-02-26 10:45:00.000+10:00,13181,cells/ml,,,,,,,,,,
WULW,Cyanobacteria Biovolume,2024-02-26 10:45:00.000+10:00,0.532,mm3/l,,,,,,,,,,
WULW,Planktolyngbya_Biovolume,2024-02-26 10:45:00.000+10:00,0.005,mm3/l,,,,,,,,,,
WULW,Planktolyngbya_Cell count,2024-02-26 10:45:00.000+10:00,2450,cells/ml,,,,,,,,,,
WULW,Potentially Toxic Cyanobacteria,2024-02-26 10:45:00.000+10:00,15990,cells/ml,,,,,,,,,,
WULW,Potentially Toxic Cyanobacteria Biovolume,2024-02-26 10:45:00.000+10:00,0.468,mm3/l,,,,,,,,,,
WULW,Pseudanabaena_Biovolume,2024-02-26 10:45:00.000+10:00,0.054,mm3/l,,,,,,,,,,
WULW,Pseudanabaena_Cell count,2024-02-26 10:45:00.000+10:00,5444,cells/ml,,,,,,,,,,
WULW,Raphidiopsis raciborskii_Biovolume,2024-02-26 10:45:00.000+10:00,0.468,mm3/l,,,,,,,,,,
WULW,Raphidiopsis raciborskii_Cell count,2024-02-26 10:45:00.000+10:00,15985,cells/ml,,,,,,,,,,
WULW,Total Cyanobacteria,2024-02-26 10:45:00.000+10:00,37060,cells/ml,,,,,,,,,,
WULW,Ammonia as N,2024-02-19 12:00:00.000+10:00,0.03,mg/L,0.01,,,,,,,,,
WULM,Ammonia as N,2024-02-19 12:00:00.000+10:00,0.03,mg/L,0.01,,,,,,,,,
WULW,Dissolved Reactive Phosphorus as P,2024-02-19 12:00:00.000+10:00,,mg/L,0.01,,,,,,,,,
WULM,Dissolved Reactive Phosphorus as P,2024-02-19 12:00:00.000+10:00,,mg/L,0.01,,,,,,,,,
WULM,Nitrate as N,2024-02-19 12:00:00.000+10:00,,mg/L,0.01,,,,,,,,,
WULW,Nitrate as N,2024-02-19 12:00:00.000+10:00,,mg/L,0.01,,,,,,,,,
WULW,Nitrite + Nitrate as N,2024-02-19 12:00:00.000+10:00,,mg/L,0.01,,,,,,,,,
WULM,Nitrite + Nitrate as N,2024-02-19 12:00:00.000+10:00,,mg/L,0.01,,,,,,,,,
WULM,Nitrite as N,2024-02-19 12:00:00.000+10:00,,mg/L,0.01,,,,,,,,,
WULW,Nitrite as N,2024-02-19 12:00:00.000+10:00,,mg/L,0.01,,,,,,,,,
WULW,Total Kjeldahl Nitrogen as N,2024-02-19 12:00:00.000+10:00,0.8,mg/L,0.1,,,,,,,,,
WULM,Total Kjeldahl Nitrogen as N,2024-02-19 12:00:00.000+10:00,0.7,mg/L,0.1,,,,,,,,,
WULW,Total Nitrogen as N,2024-02-19 12:00:00.000+10:00,0.8,mg/L,0.1,,,,,,,,,
WULM,Total Nitrogen as N,2024-02-19 12:00:00.000+10:00,0.7,mg/L,0.1,,,,,,,,,
WULM,Total Phosphorus as P,2024-02-19 12:00:00.000+10:00,0.04,mg/L,0.01,,,,,,,,,
WULW,Total Phosphorus as P,2024-02-19 12:00:00.000+10:00,0.05,mg/L,0.01,,,,,,,,,
WULM,Total suspended solids,2024-02-19 12:00:00.000+10:00,,mg/L,5,,,,,,,,,
WULW,Total suspended solids,2024-02-19 12:00:00.000+10:00,,mg/L,5,,,,,,,,,
WULM,Chlorophyll - a,2024-02-19 07:00:00.000+10:00,17.8,mg/m^3,,,,,,,,,,
WULM,Coccoid Blue Green Picoplankton_Biovolume,2024-02-19 07:00:00.000+10:00,0.009,mm3/l,,,,,,,,,,
WULM,Coccoid Blue Green Picoplankton_Cell count,2024-02-19 07:00:00.000+10:00,20087,cells/ml,,,,,,,,,,
WULM,Cyanobacteria Biovolume,2024-02-19 07:00:00.000+10:00,2.85,mm3/l,,,,,,,,,,
WULM,Enterococci,2024-02-19 07:00:00.000+10:00,9,cfu/100ml,,,,,,,,,,
WULM,Microcystis_Biovolume,2024-02-19 07:00:00.000+10:00,0.007,mm3/l,,,,,,,,,,
WULM,Microcystis_Cell count,2024-02-19 07:00:00.000+10:00,265,cells/ml,,,,,,,,,,
WULM,Potentially Toxic Cyanobacteria,2024-02-19 07:00:00.000+10:00,96860,cells/ml,,,,,,,,,,
WULM,Potentially Toxic Cyanobacteria Biovolume,2024-02-19 07:00:00.000+10:00,2.84,mm3/l,,,,,,,,,,
WULM,Raphidiopsis raciborskii_Biovolume,2024-02-19 07:00:00.000+10:00,2.833,mm3/l,,,,,,,,,,
WULM,Raphidiopsis raciborskii_Cell count,2024-02-19 07:00:00.000+10:00,96598,cells/ml,,,,,,,,,,
WULM,Total Cyanobacteria,2024-02-19 07:00:00.000+10:00,117000,cells/ml,,,,,,,,,,
WULW,Chlorophyll - a,2024-02-19 06:50:00.000+10:00,21.5,mg/m^3,,,,,,,,,,
WULW,Coccoid Blue Green Picoplankton_Biovolume,2024-02-19 06:50:00.000+10:00,0.027,mm3/l,,,,,,,,,,
WULW,Coccoid Blue Green Picoplankton_Cell count,2024-02-19 06:50:00.000+10:00,59881,cells/ml,,,,,,,,,,
WULW,Cyanobacteria Biovolume,2024-02-19 06:50:00.000+10:00,3.31,mm3/l,,,,,,,,,,
WULW,Enterococci,2024-02-19 06:50:00.000+10:00,14,cfu/100ml,,,,,,,,,,
WULW,Non toxic Aphanizomenonaceae_Biovolume,2024-02-19 06:50:00.000+10:00,0.042,mm3/l,,,,,,,,,,
WULW,Non toxic Aphanizomenonaceae_Cell count,2024-02-19 06:50:00.000+10:00,953,cells/ml,,,,,,,,,,
WULW,Planktolyngbya_Biovolume,2024-02-19 06:50:00.000+10:00,0.012,mm3/l,,,,,,,,,,
WULW,Planktolyngbya_Cell count,2024-02-19 06:50:00.000+10:00,5308,cells/ml,,,,,,,,,,
WULW,Potentially Toxic Cyanobacteria,2024-02-19 06:50:00.000+10:00,110000,cells/ml,,,,,,,,,,
WULW,Potentially Toxic Cyanobacteria Biovolume,2024-02-19 06:50:00.000+10:00,3.23,mm3/l,,,,,,,,,,
WULW,Raphidiopsis raciborskii_Biovolume,2024-02-19 06:50:00.000+10:00,3.227,mm3/l,,,,,,,,,,
WULW,Raphidiopsis raciborskii_Cell count,2024-02-19 06:50:00.000+10:00,110031,cells/ml,,,,,,,,,,
WULW,Total Cyanobacteria,2024-02-19 06:50:00.000+10:00,176200,cells/ml,,,,,,,,,,
WULM,Ammonia as N,2024-02-09 12:00:00.000+11:00,0.04,mg/L,0.01,,,,,,,,,
WULE,Ammonia as N,2024-02-09 12:00:00.000+11:00,0.08,mg/L,0.01,,,,,,,,,
WULW,Ammonia as N,2024-02-09 12:00:00.000+11:00,0.07,mg/L,0.01,,,,,,,,,
WULM,Dissolved Reactive Phosphorus as P,2024-02-09 12:00:00.000+11:00,,mg/L,0.01,,,,,,,,,
WULE,Dissolved Reactive Phosphorus as P,2024-02-09 12:00:00.000+11:00,,mg/L,0.01,,,,,,,,,
WULW,Dissolved Reactive Phosphorus as P,2024-02-09 12:00:00.000+11:00,,mg/L,0.01,,,,,,,,,
WULE,Nitrate as N,2024-02-09 12:00:00.000+11:00,0.02,mg/L,0.01,,,,,,,,,
WULW,Nitrate as N,2024-02-09 12:00:00.000+11:00,0.03,mg/L,0.01,,,,,,,,,
WULM,Nitrate as N,2024-02-09 12:00:00.000+11:00,0.03,mg/L,0.01,,,,,,,,,
WULM,Nitrite + Nitrate as N,2024-02-09 12:00:00.000+11:00,0.03,mg/L,0.01,,,,,,,,,
WULW,Nitrite + Nitrate as N,2024-02-09 12:00:00.000+11:00,0.03,mg/L,0.01,,,,,,,,,
WULE,Nitrite + Nitrate as N,2024-02-09 12:00:00.000+11:00,0.02,mg/L,0.01,,,,,,,,,
WULW,Nitrite as N,2024-02-09 12:00:00.000+11:00,,mg/L,0.01,,,,,,,,,
WULE,Nitrite as N,2024-02-09 12:00:00.000+11:00,,mg/L,0.01,,,,,,,,,
WULM,Nitrite as N,2024-02-09 12:00:00.000+11:00,,mg/L,0.01,,,,,,,,,
WULM,Total Kjeldahl Nitrogen as N,2024-02-09 12:00:00.000+11:00,0.5,mg/L,0.1,,,,,,,,,
WULW,Total Kjeldahl Nitrogen as N,2024-02-09 12:00:00.000+11:00,0.5,mg/L,0.1,,,,,,,,,
WULE,Total Kjeldahl Nitrogen as N,2024-02-09 12:00:00.000+11:00,0.6,mg/L,0.1,,,,,,,,,
WULM,Total Nitrogen as N,2024-02-09 12:00:00.000+11:00,0.5,mg/L,0.1,,,,,,,,,
WULE,Total Nitrogen as N,2024-02-09 12:00:00.000+11:00,0.6,mg/L,0.1,,,,,,,,,
WULW,Total Nitrogen as N,2024-02-09 12:00:00.000+11:00,0.5,mg/L,0.1,,,,,,,,,
WULM,Total Phosphorus as P,2024-02-09 12:00:00.000+11:00,0.03,mg/L,0.01,,,,,,,,,
WULW,Total Phosphorus as P,2024-02-09 12:00:00.000+11:00,0.01,mg/L,0.01,,,,,,,,,
WULE,Total Phosphorus as P,2024-02-09 12:00:00.000+11:00,0.02,mg/L,0.01,,,,,,,,,
WULW,Total suspended solids,2024-02-09 12:00:00.000+11:00,,mg/L,5,,,,,,,,,
WULE,Total suspended solids,2024-02-09 12:00:00.000+11:00,6,mg/L,5,,,,,,,,,
WULM,Total suspended solids,2024-02-09 12:00:00.000+11:00,,mg/L,5,,,,,,,,,
WULW,Ammonia as N,2024-02-05 12:00:00.000+10:00,0.06,mg/L,0.01,,,,,,,,,
WULM,Ammonia as N,2024-02-05 12:00:00.000+10:00,0.02,mg/L,0.01,,,,,,,,,
WULE,Ammonia as N,2024-02-05 12:00:00.000+10:00,0.09,mg/L,0.01,,,,,,,,,
WULM,Dissolved Reactive Phosphorus as P,2024-02-05 12:00:00.000+10:00,,mg/L,0.01,,,,,,,,,
WULW,Dissolved Reactive Phosphorus as P,2024-02-05 12:00:00.000+10:00,,mg/L,0.01,,,,,,,,,
WULE,Dissolved Reactive Phosphorus as P,2024-02-05 12:00:00.000+10:00,,mg/L,0.01,,,,,,,,,
WULE,Nitrate as N,2024-02-05 12:00:00.000+10:00,,mg/L,0.01,,,,,,,,,
WULW,Nitrate as N,2024-02-05 12:00:00.000+10:00,,mg/L,0.01,,,,,,,,,
WULM,Nitrate as N,2024-02-05 12:00:00.000+10:00,,mg/L,0.01,,,,,,,,,
WULW,Nitrite + Nitrate as N,2024-02-05 12:00:00.000+10:00,,mg/L,0.01,,,,,,,,,
WULM,Nitrite + Nitrate as N,2024-02-05 12:00:00.000+10:00,,mg/L,0.01,,,,,,,,,
WULE,Nitrite + Nitrate as N,2024-02-05 12:00:00.000+10:00,,mg/L,0.01,,,,,,,,,
WULM,Nitrite as N,2024-02-05 12:00:00.000+10:00,,mg/L,0.01,,,,,,,,,
WULE,Nitrite as N,2024-02-05 12:00:00.000+10:00,,mg/L,0.01,,,,,,,,,
WULW,Nitrite as N,2024-02-05 12:00:00.000+10:00,,mg/L,0.01,,,,,,,,,
WULE,Total Kjeldahl Nitrogen as N,2024-02-05 12:00:00.000+10:00,0.5,mg/L,0.1,,,,,,,,,
WULW,Total Kjeldahl Nitrogen as N,2024-02-05 12:00:00.000+10:00,0.6,mg/L,0.1,,,,,,,,,
WULM,Total Kjeldahl Nitrogen as N,2024-02-05 12:00:00.000+10:00,0.6,mg/L,0.1,,,,,,,,,
WULE,Total Nitrogen as N,2024-02-05 12:00:00.000+10:00,0.5,mg/L,0.1,,,,,,,,,
WULM,Total Nitrogen as N,2024-02-05 12:00:00.000+10:00,0.6,mg/L,0.1,,,,,,,,,
WULW,Total Nitrogen as N,2024-02-05 12:00:00.000+10:00,0.6,mg/L,0.1,,,,,,,,,
WULE,Total Phosphorus as P,2024-02-05 12:00:00.000+10:00,0.02,mg/L,0.01,,,,,,,,,
WULW,Total Phosphorus as P,2024-02-05 12:00:00.000+10:00,0.03,mg/L,0.01,,,,,,,,,
WULM,Total Phosphorus as P,2024-02-05 12:00:00.000+10:00,0.03,mg/L,0.01,,,,,,,,,
WULE,Total suspended solids,2024-02-05 12:00:00.000+10:00,,mg/L,5,,,,,,,,,
WULW,Total suspended solids,2024-02-05 12:00:00.000+10:00,,mg/L,5,,,,,,,,,
WULM,Total suspended solids,2024-02-05 12:00:00.000+10:00,,mg/L,5,,,,,,,,,
WULE,Aphanizomenonaceae_Biovolume,2024-02-05 07:35:00.000+10:00,0.345,mm3/l,,,,,,,,,,
WULE,Aphanizomenonaceae_Cell count,2024-02-05 07:35:00.000+10:00,3327,cells/ml,,,,,,,,,,
WULE,Chlorophyll - a,2024-02-05 07:35:00.000+10:00,12.9,mg/m^3,,,,,,,,,,
WULE,Coccoid Blue Green Picoplankton_Biovolume,2024-02-05 07:35:00.000+10:00,0.131,mm3/l,,,,,,,,,,
WULE,Coccoid Blue Green Picoplankton_Cell count,2024-02-05 07:35:00.000+10:00,291510,cells/ml,,,,,,,,,,
WULE,Cuspidothrix issatschenkoi_Biovolume,2024-02-05 07:35:00.000+10:00,0.036,mm3/l,,,,,,,,,,
WULE,Cuspidothrix issatschenkoi_Cell count,2024-02-05 07:35:00.000+10:00,680,cells/ml,,,,,,,,,,
WULE,Cyanobacteria Biovolume,2024-02-05 07:35:00.000+10:00,3.61,mm3/l,,,,,,,,,,
WULE,Enterococci,2024-02-05 07:35:00.000+10:00,1,cfu/100ml,,,,,,,,,,
WULE,Microcystis_Biovolume,2024-02-05 07:35:00.000+10:00,0.04,mm3/l,,,,,,,,,,
WULE,Microcystis_Cell count,2024-02-05 07:35:00.000+10:00,1470,cells/ml,,,,,,,,,,
WULE,Non toxic Aphanizomenonaceae_Biovolume,2024-02-05 07:35:00.000+10:00,0.085,mm3/l,,,,,,,,,,
WULE,Non toxic Aphanizomenonaceae_Cell count,2024-02-05 07:35:00.000+10:00,1930,cells/ml,,,,,,,,,,
WULE,Potentially Toxic Cyanobacteria,2024-02-05 07:35:00.000+10:00,102800,cells/ml,,,,,,,,,,
WULE,Potentially Toxic Cyanobacteria Biovolume,2024-02-05 07:35:00.000+10:00,3.34,mm3/l,,,,,,,,,,
WULE,Pseudanabaena_Biovolume,2024-02-05 07:35:00.000+10:00,0.018,mm3/l,,,,,,,,,,
WULE,Pseudanabaena_Cell count,2024-02-05 07:35:00.000+10:00,1815,cells/ml,,,,,,,,,,
WULE,Raphidiopsis raciborskii_Biovolume,2024-02-05 07:35:00.000+10:00,2.802,mm3/l,,,,,,,,,,
WULE,Raphidiopsis raciborskii_Cell count,2024-02-05 07:35:00.000+10:00,95537,cells/ml,,,,,,,,,,
WULE,Total Cyanobacteria,2024-02-05 07:35:00.000+10:00,398700,cells/ml,,,,,,,,,,
WULE,Umezakia ovalisporum_Biovolume,2024-02-05 07:35:00.000+10:00,0.154,mm3/l,,,,,,,,,,
WULE,Umezakia ovalisporum_Cell count,2024-02-05 07:35:00.000+10:00,2447,cells/ml,,,,,,,,,,
WULM,Chlorophyll - a,2024-02-05 07:25:00.000+10:00,11.6,mg/m^3,,,,,,,,,,
WULM,Coccoid Blue Green Picoplankton_Biovolume,2024-02-05 07:25:00.000+10:00,0.166,mm3/l,,,,,,,,,,
WULM,Coccoid Blue Green Picoplankton_Cell count,2024-02-05 07:25:00.000+10:00,369246,cells/ml,,,,,,,,,,
WULM,Cuspidothrix issatschenkoi_Biovolume,2024-02-05 07:25:00.000+10:00,0.049,mm3/l,,,,,,,,,,
WULM,Cuspidothrix issatschenkoi_Cell count,2024-02-05 07:25:00.000+10:00,907,cells/ml,,,,,,,,,,
WULM,Cyanobacteria Biovolume,2024-02-05 07:25:00.000+10:00,7.04,mm3/l,,,,,,,,,,
WULM,Enterococci,2024-02-05 07:25:00.000+10:00,1,cfu/100ml,,,,,,,,,,
WULM,Microcystis_Biovolume,2024-02-05 07:25:00.000+10:00,0.071,mm3/l,,,,,,,,,,
WULM,Microcystis_Cell count,2024-02-05 07:25:00.000+10:00,2565,cells/ml,,,,,,,,,,
WULM,Non toxic Aphanizomenonaceae_Biovolume,2024-02-05 07:25:00.000+10:00,0.053,mm3/l,,,,,,,,,,
WULM,Non toxic Aphanizomenonaceae_Cell count,2024-02-05 07:25:00.000+10:00,1210,cells/ml,,,,,,,,,,
WULM,Potentially Toxic Cyanobacteria,2024-02-05 07:25:00.000+10:00,226100,cells/ml,,,,,,,,,,
WULM,Potentially Toxic Cyanobacteria Biovolume,2024-02-05 07:25:00.000+10:00,6.63,mm3/l,,,,,,,,,,
WULM,Pseudanabaena_Biovolume,2024-02-05 07:25:00.000+10:00,0.014,mm3/l,,,,,,,,,,
WULM,Pseudanabaena_Cell count,2024-02-05 07:25:00.000+10:00,1452,cells/ml,,,,,,,,,,
WULM,Raphidiopsis raciborskii_Biovolume,2024-02-05 07:25:00.000+10:00,6.557,mm3/l,,,,,,,,,,
WULM,Raphidiopsis raciborskii_Cell count,2024-02-05 07:25:00.000+10:00,223540,cells/ml,,,,,,,,,,
WULM,Sphaerospermopsis aphanizomenoides_Biovolume,2024-02-05 07:25:00.000+10:00,0.128,mm3/l,,,,,,,,,,
WULM,Sphaerospermopsis aphanizomenoides_Cell count,2024-02-05 07:25:00.000+10:00,3398,cells/ml,,,,,,,,,,
WULM,Total Cyanobacteria,2024-02-05 07:25:00.000+10:00,602300,cells/ml,,,,,,,,,,
WULW,Aphanizomenonaceae_Biovolume,2024-02-05 07:15:00.000+10:00,0.024,mm3/l,,,,,,,,,,
WULW,Aphanizomenonaceae_Cell count,2024-02-05 07:15:00.000+10:00,238,cells/ml,,,,,,,,,,
WULW,Chlorophyll - a,2024-02-05 07:15:00.000+10:00,13.8,mg/m^3,,,,,,,,,,
WULW,Coccoid Blue Green Picoplankton_Biovolume,2024-02-05 07:15:00.000+10:00,0.131,mm3/l,,,,,,,,,,
WULW,Coccoid Blue Green Picoplankton_Cell count,2024-02-05 07:15:00.000+10:00,291020,cells/ml,,,,,,,,,,
WULW,Cyanobacteria Biovolume,2024-02-05 07:15:00.000+10:00,6.44,mm3/l,,,,,,,,,,
WULW,Enterococci,2024-02-05 07:15:00.000+10:00,1,cfu/100ml,,,,,,,,,,
WULW,Microcystis_Biovolume,2024-02-05 07:15:00.000+10:00,0.024,mm3/l,,,,,,,,,,
WULW,Microcystis_Cell count,2024-02-05 07:15:00.000+10:00,898,cells/ml,,,,,,,,,,
WULW,Non toxic Aphanizomenonaceae_Biovolume,2024-02-05 07:15:00.000+10:00,0.073,mm3/l,,,,,,,,,,
WULW,Non toxic Aphanizomenonaceae_Cell count,2024-02-05 07:15:00.000+10:00,1645,cells/ml,,,,,,,,,,
WULW,Planktolyngbya_Biovolume,2024-02-05 07:15:00.000+10:00,0.012,mm3/l,,,,,,,,,,
WULW,Planktolyngbya_Cell count,2024-02-05 07:15:00.000+10:00,5081,cells/ml,,,,,,,,,,
WULW,Potentially Toxic Cyanobacteria,2024-02-05 07:15:00.000+10:00,209700,cells/ml,,,,,,,,,,
WULW,Potentially Toxic Cyanobacteria Biovolume,2024-02-05 07:15:00.000+10:00,6.18,mm3/l,,,,,,,,,,
WULW,Pseudanabaena_Biovolume,2024-02-05 07:15:00.000+10:00,0.03,mm3/l,,,,,,,,,,
WULW,Pseudanabaena_Cell count,2024-02-05 07:15:00.000+10:00,3085,cells/ml,,,,,,,,,,
WULW,Raphidiopsis raciborskii_Biovolume,2024-02-05 07:15:00.000+10:00,6.104,mm3/l,,,,,,,,,,
WULW,Raphidiopsis raciborskii_Cell count,2024-02-05 07:15:00.000+10:00,208095,cells/ml,,,,,,,,,,
WULW,Sphaerospermopsis aphanizomenoides_Biovolume,2024-02-05 07:15:00.000+10:00,0.015,mm3/l,,,,,,,,,,
WULW,Sphaerospermopsis aphanizomenoides_Cell count,2024-02-05 07:15:00.000+10:00,408,cells/ml,,,,,,,,,,
WULW,Total Cyanobacteria,2024-02-05 07:15:00.000+10:00,510900,cells/ml,,,,,,,,,,
WULW,Umezakia ovalisporum_Biovolume,2024-02-05 07:15:00.000+10:00,0.03,mm3/l,,,,,,,,,,
WULW,Umezakia ovalisporum_Cell count,2024-02-05 07:15:00.000+10:00,476,cells/ml,,,,,,,,,,
WULE,Ammonia as N,2024-01-22 12:00:00.000+10:00,0.02,mg/L,0.01,,,,,,,,,
WULW,Ammonia as N,2024-01-22 12:00:00.000+10:00,,mg/L,0.01,,,,,,,,,
WULM,Ammonia as N,2024-01-22 12:00:00.000+10:00,0.07,mg/L,0.01,,,,,,,,,
WULM,Dissolved Reactive Phosphorus as P,2024-01-22 12:00:00.000+10:00,,mg/L,0.01,,,,,,,,,
WULE,Dissolved Reactive Phosphorus as P,2024-01-22 12:00:00.000+10:00,,mg/L,0.01,,,,,,,,,
WULW,Dissolved Reactive Phosphorus as P,2024-01-22 12:00:00.000+10:00,,mg/L,0.01,,,,,,,,,
WULW,Nitrate as N,2024-01-22 12:00:00.000+10:00,,mg/L,0.01,,,,,,,,,
WULM,Nitrate as N,2024-01-22 12:00:00.000+10:00,,mg/L,0.01,,,,,,,,,
WULE,Nitrate as N,2024-01-22 12:00:00.000+10:00,,mg/L,0.01,,,,,,,,,
WULM,Nitrite + Nitrate as N,2024-01-22 12:00:00.000+10:00,,mg/L,0.01,,,,,,,,,
WULE,Nitrite + Nitrate as N,2024-01-22 12:00:00.000+10:00,,mg/L,0.01,,,,,,,,,
WULW,Nitrite + Nitrate as N,2024-01-22 12:00:00.000+10:00,,mg/L,0.01,,,,,,,,,
WULW,Nitrite as N,2024-01-22 12:00:00.000+10:00,,mg/L,0.01,,,,,,,,,
WULE,Nitrite as N,2024-01-22 12:00:00.000+10:00,,mg/L,0.01,,,,,,,,,
WULM,Nitrite as N,2024-01-22 12:00:00.000+10:00,,mg/L,0.01,,,,,,,,,
WULW,Total Kjeldahl Nitrogen as N,2024-01-22 12:00:00.000+10:00,0.5,mg/L,0.1,,,,,,,,,
WULM,Total Kjeldahl Nitrogen as N,2024-01-22 12:00:00.000+10:00,0.6,mg/L,0.1,,,,,,,,,
WULE,Total Kjeldahl Nitrogen as N,2024-01-22 12:00:00.000+10:00,0.5,mg/L,0.1,,,,,,,,,
WULW,Total Nitrogen as N,2024-01-22 12:00:00.000+10:00,0.5,mg/L,0.1,,,,,,,,,
WULE,Total Nitrogen as N,2024-01-22 12:00:00.000+10:00,0.5,mg/L,0.1,,,,,,,,,
WULM,Total Nitrogen as N,2024-01-22 12:00:00.000+10:00,0.6,mg/L,0.1,,,,,,,,,
WULE,Total Phosphorus as P,2024-01-22 12:00:00.000+10:00,0.03,mg/L,0.01,,,,,,,,,
WULM,Total Phosphorus as P,2024-01-22 12:00:00.000+10:00,0.03,mg/L,0.01,,,,,,,,,
WULW,Total Phosphorus as P,2024-01-22 12:00:00.000+10:00,0.02,mg/L,0.01,,,,,,,,,
WULE,Total suspended solids,2024-01-22 12:00:00.000+10:00,,mg/L,5,,,,,,,,,
WULW,Total suspended solids,2024-01-22 12:00:00.000+10:00,,mg/L,5,,,,,,,,,
WULM,Total suspended solids,2024-01-22 12:00:00.000+10:00,,mg/L,5,,,,,,,,,
WULE,Aphanizomenon gracile_Biovolume,2024-01-22 07:40:00.000+10:00,0.101,mm3/l,,,,,,,,,,
WULE,Aphanizomenon gracile_Cell count,2024-01-22 07:40:00.000+10:00,2008,cells/ml,,,,,,,,,,
WULE,Aphanizomenonaceae_Biovolume,2024-01-22 07:40:00.000+10:00,0.099,mm3/l,,,,,,,,,,
WULE,Aphanizomenonaceae_Cell count,2024-01-22 07:40:00.000+10:00,953,cells/ml,,,,,,,,,,
WULE,Chlorophyll - a,2024-01-22 07:40:00.000+10:00,9.5,mg/m^3,,,,,,,,,,
WULE,Coccoid Blue Green Picoplankton_Biovolume,2024-01-22 07:40:00.000+10:00,0.047,mm3/l,,,,,,,,,,
WULE,Coccoid Blue Green Picoplankton_Cell count,2024-01-22 07:40:00.000+10:00,105958,cells/ml,,,,,,,,,,
WULE,Cuspidothrix issatschenkoi_Biovolume,2024-01-22 07:40:00.000+10:00,0.101,mm3/l,,,,,,,,,,
WULE,Cuspidothrix issatschenkoi_Cell count,2024-01-22 07:40:00.000+10:00,1866,cells/ml,,,,,,,,,,
WULE,Cyanobacteria Biovolume,2024-01-22 07:40:00.000+10:00,1.9,mm3/l,,,,,,,,,,
WULE,Enterococci,2024-01-22 07:40:00.000+10:00,1,cfu/100ml,,,,,,,,,,
WULE,Microcystis_Biovolume,2024-01-22 07:40:00.000+10:00,0.013,mm3/l,,,,,,,,,,
WULE,Microcystis_Cell count,2024-01-22 07:40:00.000+10:00,490,cells/ml,,,,,,,,,,
WULE,Non toxic Aphanizomenonaceae_Biovolume,2024-01-22 07:40:00.000+10:00,0.084,mm3/l,,,,,,,,,,
WULE,Non toxic Aphanizomenonaceae_Cell count,2024-01-22 07:40:00.000+10:00,1903,cells/ml,,,,,,,,,,
WULE,Potentially Toxic Cyanobacteria,2024-01-22 07:40:00.000+10:00,34170,cells/ml,,,,,,,,,,
WULE,Potentially Toxic Cyanobacteria Biovolume,2024-01-22 07:40:00.000+10:00,1.42,mm3/l,,,,,,,,,,
WULE,Pseudanabaena_Biovolume,2024-01-22 07:40:00.000+10:00,0.124,mm3/l,,,,,,,,,,
WULE,Pseudanabaena_Cell count,2024-01-22 07:40:00.000+10:00,12443,cells/ml,,,,,,,,,,
WULE,Raphidiopsis raciborskii_Biovolume,2024-01-22 07:40:00.000+10:00,0.657,mm3/l,,,,,,,,,,
WULE,Raphidiopsis raciborskii_Cell count,2024-01-22 07:40:00.000+10:00,22428,cells/ml,,,,,,,,,,
WULE,Sphaerospermopsis aphanizomenoides_Biovolume,2024-01-22 07:40:00.000+10:00,0.021,mm3/l,,,,,,,,,,
WULE,Sphaerospermopsis aphanizomenoides_Cell count,2024-01-22 07:40:00.000+10:00,578,cells/ml,,,,,,,,,,
WULE,Total Cyanobacteria,2024-01-22 07:40:00.000+10:00,158900,cells/ml,,,,,,,,,,
WULE,Umezakia ovalisporum_Biovolume,2024-01-22 07:40:00.000+10:00,0.65,mm3/l,,,,,,,,,,
WULE,Umezakia ovalisporum_Cell count,2024-01-22 07:40:00.000+10:00,10298,cells/ml,,,,,,,,,,
WULM,Aphanizomenonaceae_Biovolume,2024-01-22 07:30:00.000+10:00,0.075,mm3/l,,,,,,,,,,
WULM,Aphanizomenonaceae_Cell count,2024-01-22 07:30:00.000+10:00,731,cells/ml,,,,,,,,,,
WULM,Chlorophyll - a,2024-01-22 07:30:00.000+10:00,10.2,mg/m^3,,,,,,,,,,
WULM,Coccoid Blue Green Picoplankton_Biovolume,2024-01-22 07:30:00.000+10:00,0.084,mm3/l,,,,,,,,,,
WULM,Coccoid Blue Green Picoplankton_Cell count,2024-01-22 07:30:00.000+10:00,186447,cells/ml,,,,,,,,,,
WULM,Cuspidothrix issatschenkoi_Biovolume,2024-01-22 07:30:00.000+10:00,0.071,mm3/l,,,,,,,,,,
WULM,Cuspidothrix issatschenkoi_Cell count,2024-01-22 07:30:00.000+10:00,1325,cells/ml,,,,,,,,,,
WULM,Cyanobacteria Biovolume,2024-01-22 07:30:00.000+10:00,2.7,mm3/l,,,,,,,,,,
WULM,Enterococci,2024-01-22 07:30:00.000+10:00,3,cfu/100ml,,,,,,,,,,
WULM,Microcystis_Biovolume,2024-01-22 07:30:00.000+10:00,0.022,mm3/l,,,,,,,,,,
WULM,Microcystis_Cell count,2024-01-22 07:30:00.000+10:00,817,cells/ml,,,,,,,,,,
WULM,Non toxic Aphanizomenonaceae_Biovolume,2024-01-22 07:30:00.000+10:00,0.263,mm3/l,,,,,,,,,,
WULM,Non toxic Aphanizomenonaceae_Cell count,2024-01-22 07:30:00.000+10:00,5933,cells/ml,,,,,,,,,,
WULM,Potentially Toxic Cyanobacteria,2024-01-22 07:30:00.000+10:00,47520,cells/ml,,,,,,,,,,
WULM,Potentially Toxic Cyanobacteria Biovolume,2024-01-22 07:30:00.000+10:00,2.13,mm3/l,,,,,,,,,,
WULM,Pseudanabaena_Biovolume,2024-01-22 07:30:00.000+10:00,0.08,mm3/l,,,,,,,,,,
WULM,Pseudanabaena_Cell count,2024-01-22 07:30:00.000+10:00,8057,cells/ml,,,,,,,,,,
WULM,Raphidiopsis raciborskii_Biovolume,2024-01-22 07:30:00.000+10:00,0.757,mm3/l,,,,,,,,,,
WULM,Raphidiopsis raciborskii_Cell count,2024-01-22 07:30:00.000+10:00,25808,cells/ml,,,,,,,,,,
WULM,Sphaerospermopsis aphanizomenoides_Biovolume,2024-01-22 07:30:00.000+10:00,0.072,mm3/l,,,,,,,,,,
WULM,Sphaerospermopsis aphanizomenoides_Cell count,2024-01-22 07:30:00.000+10:00,1937,cells/ml,,,,,,,,,,
WULM,Total Cyanobacteria,2024-01-22 07:30:00.000+10:00,251200,cells/ml,,,,,,,,,,
WULM,Umezakia ovalisporum_Biovolume,2024-01-22 07:30:00.000+10:00,1.273,mm3/l,,,,,,,,,,
WULM,Umezakia ovalisporum_Cell count,2024-01-22 07:30:00.000+10:00,20165,cells/ml,,,,,,,,,,
WULW,Aphanizomenon gracile_Biovolume,2024-01-22 07:20:00.000+10:00,0.027,mm3/l,,,,,,,,,,
WULW,Aphanizomenon gracile_Cell count,2024-01-22 07:20:00.000+10:00,544,cells/ml,,,,,,,,,,
WULW,Aphanizomenonaceae_Biovolume,2024-01-22 07:20:00.000+10:00,0.734,mm3/l,,,,,,,,,,
WULW,Aphanizomenonaceae_Cell count,2024-01-22 07:20:00.000+10:00,7065,cells/ml,,,,,,,,,,
WULW,Chlorophyll - a,2024-01-22 07:20:00.000+10:00,11.9,mg/m^3,,,,,,,,,,
WULW,Coccoid Blue Green Picoplankton_Biovolume,2024-01-22 07:20:00.000+10:00,0.014,mm3/l,,,,,,,,,,
WULW,Coccoid Blue Green Picoplankton_Cell count,2024-01-22 07:20:00.000+10:00,31465,cells/ml,,,,,,,,,,
WULW,Cuspidothrix issatschenkoi_Biovolume,2024-01-22 07:20:00.000+10:00,0.064,mm3/l,,,,,,,,,,
WULW,Cuspidothrix issatschenkoi_Cell count,2024-01-22 07:20:00.000+10:00,1189,cells/ml,,,,,,,,,,
WULW,Cyanobacteria Biovolume,2024-01-22 07:20:00.000+10:00,1.36,mm3/l,,,,,,,,,,
WULW,Enterococci,2024-01-22 07:20:00.000+10:00,3,cfu/100ml,,,,,,,,,,
WULW,Non toxic Aphanizomenonaceae_Biovolume,2024-01-22 07:20:00.000+10:00,0.11,mm3/l,,,,,,,,,,
WULW,Non toxic Aphanizomenonaceae_Cell count,2024-01-22 07:20:00.000+10:00,2481,cells/ml,,,,,,,,,,
WULW,Potentially Toxic Cyanobacteria,2024-01-22 07:20:00.000+10:00,16320,cells/ml,,,,,,,,,,
WULW,Potentially Toxic Cyanobacteria Biovolume,2024-01-22 07:20:00.000+10:00,1.06,mm3/l,,,,,,,,,,
WULW,Pseudanabaena_Biovolume,2024-01-22 07:20:00.000+10:00,0.06,mm3/l,,,,,,,,,,
WULW,Pseudanabaena_Cell count,2024-01-22 07:20:00.000+10:00,6005,cells/ml,,,,,,,,,,
WULW,Raphidiopsis raciborskii_Biovolume,2024-01-22 07:20:00.000+10:00,0.227,mm3/l,,,,,,,,,,
WULW,Raphidiopsis raciborskii_Cell count,2024-01-22 07:20:00.000+10:00,7745,cells/ml,,,,,,,,,,
WULW,Sphaerospermopsis aphanizomenoides_Biovolume,2024-01-22 07:20:00.000+10:00,0.028,mm3/l,,,,,,,,,,
WULW,Sphaerospermopsis aphanizomenoides_Cell count,2024-01-22 07:20:00.000+10:00,765,cells/ml,,,,,,,,,,
WULW,Total Cyanobacteria,2024-01-22 07:20:00.000+10:00,58770,cells/ml,,,,,,,,,,
WULW,Umezakia ovalisporum_Biovolume,2024-01-22 07:20:00.000+10:00,0.095,mm3/l,,,,,,,,,,
WULW,Umezakia ovalisporum_Cell count,2024-01-22 07:20:00.000+10:00,1509,cells/ml,,,,,,,,,,
WULE,Ammonia as N,2024-01-08 12:00:00.000+10:00,0.01,mg/L,0.01,,,,,,,,,
WULW,Ammonia as N,2024-01-08 12:00:00.000+10:00,0.01,mg/L,0.01,,,,,,,,,
WULM,Ammonia as N,2024-01-08 12:00:00.000+10:00,0.04,mg/L,0.01,,,,,,,,,
WULW,Dissolved Reactive Phosphorus as P,2024-01-08 12:00:00.000+10:00,,mg/L,0.01,,,,,,,,,
WULM,Dissolved Reactive Phosphorus as P,2024-01-08 12:00:00.000+10:00,,mg/L,0.01,,,,,,,,,
WULE,Dissolved Reactive Phosphorus as P,2024-01-08 12:00:00.000+10:00,,mg/L,0.01,,,,,,,,,
WULM,Nitrate as N,2024-01-08 12:00:00.000+10:00,,mg/L,0.01,,,,,,,,,
WULE,Nitrate as N,2024-01-08 12:00:00.000+10:00,,mg/L,0.01,,,,,,,,,
WULW,Nitrate as N,2024-01-08 12:00:00.000+10:00,,mg/L,0.01,,,,,,,,,
WULW,Nitrite + Nitrate as N,2024-01-08 12:00:00.000+10:00,,mg/L,0.01,,,,,,,,,
WULE,Nitrite + Nitrate as N,2024-01-08 12:00:00.000+10:00,,mg/L,0.01,,,,,,,,,
WULM,Nitrite + Nitrate as N,2024-01-08 12:00:00.000+10:00,,mg/L,0.01,,,,,,,,,
WULM,Nitrite as N,2024-01-08 12:00:00.000+10:00,,mg/L,0.01,,,,,,,,,
WULE,Nitrite as N,2024-01-08 12:00:00.000+10:00,,mg/L,0.01,,,,,,,,,
WULW,Nitrite as N,2024-01-08 12:00:00.000+10:00,,mg/L,0.01,,,,,,,,,
WULM,Total Kjeldahl Nitrogen as N,2024-01-08 12:00:00.000+10:00,0.5,mg/L,0.1,,,,,,,,,
WULE,Total Kjeldahl Nitrogen as N,2024-01-08 12:00:00.000+10:00,0.5,mg/L,0.1,,,,,,,,,
WULW,Total Kjeldahl Nitrogen as N,2024-01-08 12:00:00.000+10:00,0.6,mg/L,0.1,,,,,,,,,
WULM,Total Nitrogen as N,2024-01-08 12:00:00.000+10:00,0.5,mg/L,0.1,,,,,,,,,
WULE,Total Nitrogen as N,2024-01-08 12:00:00.000+10:00,0.5,mg/L,0.1,,,,,,,,,
WULW,Total Nitrogen as N,2024-01-08 12:00:00.000+10:00,0.6,mg/L,0.1,,,,,,,,,
WULW,Total Phosphorus as P,2024-01-08 12:00:00.000+10:00,,mg/L,0.01,,,,,,,,,
WULM,Total Phosphorus as P,2024-01-08 12:00:00.000+10:00,,mg/L,0.01,,,,,,,,,
WULE,Total Phosphorus as P,2024-01-08 12:00:00.000+10:00,,mg/L,0.01,,,,,,,,,
WULE,Total suspended solids,2024-01-08 12:00:00.000+10:00,,mg/L,5,,,,,,,,,
WULW,Total suspended solids,2024-01-08 12:00:00.000+10:00,,mg/L,5,,,,,,,,,
WULM,Total suspended solids,2024-01-08 12:00:00.000+10:00,,mg/L,5,,,,,,,,,
WULE,Chlorophyll - a,2024-01-08 07:35:00.000+10:00,4.9,mg/m^3,,,,,,,,,,
WULE,Coccoid Blue Green Picoplankton_Biovolume,2024-01-08 07:35:00.000+10:00,0.113,mm3/l,,,,,,,,,,
WULE,Coccoid Blue Green Picoplankton_Cell count,2024-01-08 07:35:00.000+10:00,251948,cells/ml,,,,,,,,,,
WULE,Cuspidothrix issatschenkoi_Biovolume,2024-01-08 07:35:00.000+10:00,0.057,mm3/l,,,,,,,,,,
WULE,Cuspidothrix issatschenkoi_Cell count,2024-01-08 07:35:00.000+10:00,1053,cells/ml,,,,,,,,,,
WULE,Cyanobacteria Biovolume,2024-01-08 07:35:00.000+10:00,0.497,mm3/l,,,,,,,,,,
WULE,Enterococci,2024-01-08 07:35:00.000+10:00,1,cfu/100ml,,,,,,,,,,
WULE,Microcystis_Biovolume,2024-01-08 07:35:00.000+10:00,0.007,mm3/l,,,,,,,,,,
WULE,Microcystis_Cell count,2024-01-08 07:35:00.000+10:00,265,cells/ml,,,,,,,,,,
WULE,Non toxic Aphanizomenonaceae_Biovolume,2024-01-08 07:35:00.000+10:00,0.154,mm3/l,,,,,,,,,,
WULE,Non toxic Aphanizomenonaceae_Cell count,2024-01-08 07:35:00.000+10:00,3466,cells/ml,,,,,,,,,,
WULE,Potentially Toxic Cyanobacteria,2024-01-08 07:35:00.000+10:00,503,cells/ml,,,,,,,,,,
WULE,Potentially Toxic Cyanobacteria Biovolume,2024-01-08 07:35:00.000+10:00,0.013,mm3/l,,,,,,,,,,
WULE,Pseudanabaena_Biovolume,2024-01-08 07:35:00.000+10:00,0.16,mm3/l,,,,,,,,,,
WULE,Pseudanabaena_Cell count,2024-01-08 07:35:00.000+10:00,16086,cells/ml,,,,,,,,,,
WULE,Raphidiopsis raciborskii_Biovolume,2024-01-08 07:35:00.000+10:00,0.006,mm3/l,,,,,,,,,,
WULE,Raphidiopsis raciborskii_Cell count,2024-01-08 07:35:00.000+10:00,238,cells/ml,,,,,,,,,,
WULE,Total Cyanobacteria,2024-01-08 07:35:00.000+10:00,273100,cells/ml,,,,,,,,,,
WULM,Chlorophyll - a,2024-01-08 07:30:00.000+10:00,5.7,mg/m^3,,,,,,,,,,
WULM,Coccoid Blue Green Picoplankton_Biovolume,2024-01-08 07:30:00.000+10:00,0.156,mm3/l,,,,,,,,,,
WULM,Coccoid Blue Green Picoplankton_Cell count,2024-01-08 07:30:00.000+10:00,346573,cells/ml,,,,,,,,,,
WULM,Cuspidothrix issatschenkoi_Biovolume,2024-01-08 07:30:00.000+10:00,0.058,mm3/l,,,,,,,,,,
WULM,Cuspidothrix issatschenkoi_Cell count,2024-01-08 07:30:00.000+10:00,1070,cells/ml,,,,,,,,,,
WULM,Cyanobacteria Biovolume,2024-01-08 07:30:00.000+10:00,0.66,mm3/l,,,,,,,,,,
WULM,Enterococci,2024-01-08 07:30:00.000+10:00,1,cfu/100ml,,,,,,,,,,
WULM,Microcystis_Biovolume,2024-01-08 07:30:00.000+10:00,0.024,mm3/l,,,,,,,,,,
WULM,Microcystis_Cell count,2024-01-08 07:30:00.000+10:00,885,cells/ml,,,,,,,,,,
WULM,Non toxic Aphanizomenonaceae_Biovolume,2024-01-08 07:30:00.000+10:00,0.199,mm3/l,,,,,,,,,,
WULM,Non toxic Aphanizomenonaceae_Cell count,2024-01-08 07:30:00.000+10:00,4481,cells/ml,,,,,,,,,,
WULM,Potentially Toxic Cyanobacteria,2024-01-08 07:30:00.000+10:00,1170,cells/ml,,,,,,,,,,
WULM,Potentially Toxic Cyanobacteria Biovolume,2024-01-08 07:30:00.000+10:00,0.032,mm3/l,,,,,,,,,,
WULM,Pseudanabaena_Biovolume,2024-01-08 07:30:00.000+10:00,0.215,mm3/l,,,,,,,,,,
WULM,Pseudanabaena_Cell count,2024-01-08 07:30:00.000+10:00,21537,cells/ml,,,,,,,,,,
WULM,Raphidiopsis raciborskii_Biovolume,2024-01-08 07:30:00.000+10:00,0.008,mm3/l,,,,,,,,,,
WULM,Raphidiopsis raciborskii_Cell count,2024-01-08 07:30:00.000+10:00,289,cells/ml,,,,,,,,,,
WULM,Total Cyanobacteria,2024-01-08 07:30:00.000+10:00,374800,cells/ml,,,,,,,,,,
WULW,Chlorophyll - a,2024-01-08 07:25:00.000+10:00,7,mg/m^3,,,,,,,,,,
WULW,Coccoid Blue Green Picoplankton_Biovolume,2024-01-08 07:25:00.000+10:00,0.188,mm3/l,,,,,,,,,,
WULW,Coccoid Blue Green Picoplankton_Cell count,2024-01-08 07:25:00.000+10:00,417260,cells/ml,,,,,,,,,,
WULW,Cuspidothrix issatschenkoi_Biovolume,2024-01-08 07:25:00.000+10:00,0.039,mm3/l,,,,,,,,,,
WULW,Cuspidothrix issatschenkoi_Cell count,2024-01-08 07:25:00.000+10:00,726,cells/ml,,,,,,,,,,
WULW,Cyanobacteria Biovolume,2024-01-08 07:25:00.000+10:00,0.673,mm3/l,,,,,,,,,,
WULW,Enterococci,2024-01-08 07:25:00.000+10:00,1,cfu/100ml,,,,,,,,,,
WULW,Microcystis_Biovolume,2024-01-08 07:25:00.000+10:00,0.003,mm3/l,,,,,,,,,,
WULW,Microcystis_Cell count,2024-01-08 07:25:00.000+10:00,136,cells/ml,,,,,,,,,,
WULW,Potentially Toxic Cyanobacteria,2024-01-08 07:25:00.000+10:00,5580,cells/ml,,,,,,,,,,
WULW,Potentially Toxic Cyanobacteria Biovolume,2024-01-08 07:25:00.000+10:00,0.346,mm3/l,,,,,,,,,,
WULW,Pseudanabaena_Biovolume,2024-01-08 07:25:00.000+10:00,0.1,mm3/l,,,,,,,,,,
WULW,Pseudanabaena_Cell count,2024-01-08 07:25:00.000+10:00,10037,cells/ml,,,,,,,,,,
WULW,Total Cyanobacteria,2024-01-08 07:25:00.000+10:00,433600,cells/ml,,,,,,,,,,
WULW,Umezakia ovalisporum_Biovolume,2024-01-08 07:25:00.000+10:00,0.343,mm3/l,,,,,,,,,,
WULW,Umezakia ovalisporum_Cell count,2024-01-08 07:25:00.000+10:00,5444,cells/ml,,,,,,,,,,
WULM,Ammonia as N,2023-12-27 12:00:00.000+10:00,0.04,mg/L,0.01,,,,,,,,,
WULE,Ammonia as N,2023-12-27 12:00:00.000+10:00,0.04,mg/L,0.01,,,,,,,,,
WULW,Ammonia as N,2023-12-27 12:00:00.000+10:00,0.04,mg/L,0.01,,,,,,,,,
WULM,Dissolved Reactive Phosphorus as P,2023-12-27 12:00:00.000+10:00,,mg/L,0.01,,,,,,,,,
WULE,Dissolved Reactive Phosphorus as P,2023-12-27 12:00:00.000+10:00,,mg/L,0.01,,,,,,,,,
WULW,Dissolved Reactive Phosphorus as P,2023-12-27 12:00:00.000+10:00,,mg/L,0.01,,,,,,,,,
WULM,Nitrate as N,2023-12-27 12:00:00.000+10:00,,mg/L,0.01,,,,,,,,,
WULE,Nitrate as N,2023-12-27 12:00:00.000+10:00,,mg/L,0.01,,,,,,,,,
WULW,Nitrate as N,2023-12-27 12:00:00.000+10:00,,mg/L,0.01,,,,,,,,,
WULE,Nitrite + Nitrate as N,2023-12-27 12:00:00.000+10:00,,mg/L,0.01,,,,,,,,,
WULM,Nitrite + Nitrate as N,2023-12-27 12:00:00.000+10:00,,mg/L,0.01,,,,,,,,,
WULW,Nitrite + Nitrate as N,2023-12-27 12:00:00.000+10:00,,mg/L,0.01,,,,,,,,,
WULM,Nitrite as N,2023-12-27 12:00:00.000+10:00,,mg/L,0.01,,,,,,,,,
WULW,Nitrite as N,2023-12-27 12:00:00.000+10:00,,mg/L,0.01,,,,,,,,,
WULE,Nitrite as N,2023-12-27 12:00:00.000+10:00,,mg/L,0.01,,,,,,,,,
WULE,Total Kjeldahl Nitrogen as N,2023-12-27 12:00:00.000+10:00,0.4,mg/L,0.1,,,,,,,,,
WULM,Total Kjeldahl Nitrogen as N,2023-12-27 12:00:00.000+10:00,0.5,mg/L,0.1,,,,,,,,,
WULW,Total Kjeldahl Nitrogen as N,2023-12-27 12:00:00.000+10:00,0.4,mg/L,0.1,,,,,,,,,
WULM,Total Nitrogen as N,2023-12-27 12:00:00.000+10:00,0.5,mg/L,0.1,,,,,,,,,
WULW,Total Nitrogen as N,2023-12-27 12:00:00.000+10:00,0.4,mg/L,0.1,,,,,,,,,
WULE,Total Nitrogen as N,2023-12-27 12:00:00.000+10:00,0.4,mg/L,0.1,,,,,,,,,
WULE,Total Phosphorus as P,2023-12-27 12:00:00.000+10:00,0.02,mg/L,0.01,,,,,,,,,
WULW,Total Phosphorus as P,2023-12-27 12:00:00.000+10:00,0.02,mg/L,0.01,,,,,,,,,
WULM,Total Phosphorus as P,2023-12-27 12:00:00.000+10:00,0.02,mg/L,0.01,,,,,,,,,
WULM,Total suspended solids,2023-12-27 12:00:00.000+10:00,7,mg/L,5,,,,,,,,,
WULE,Total suspended solids,2023-12-27 12:00:00.000+10:00,,mg/L,5,,,,,,,,,
WULW,Total suspended solids,2023-12-27 12:00:00.000+10:00,,mg/L,5,,,,,,,,,
WULE,Chlorophyll - a,2023-12-27 09:05:00.000+10:00,4.6,mg/m^3,,,,,,,,,,
WULE,Coccoid Blue Green Picoplankton_Biovolume,2023-12-27 09:05:00.000+10:00,0.295,mm3/l,,,,,,,,,,
WULE,Coccoid Blue Green Picoplankton_Cell count,2023-12-27 09:05:00.000+10:00,653897,cells/ml,,,,,,,,,,
WULE,Cyanobacteria Biovolume,2023-12-27 09:05:00.000+10:00,0.44,mm3/l,,,,,,,,,,
WULE,Enterococci,2023-12-27 09:05:00.000+10:00,7,cfu/100ml,,,,,,,,,,
WULE,Microcystis_Biovolume,2023-12-27 09:05:00.000+10:00,0.145,mm3/l,,,,,,,,,,
WULE,Microcystis_Cell count,2023-12-27 09:05:00.000+10:00,5240,cells/ml,,,,,,,,,,
WULE,Potentially Toxic Cyanobacteria,2023-12-27 09:05:00.000+10:00,5240,cells/ml,,,,,,,,,,
WULE,Potentially Toxic Cyanobacteria Biovolume,2023-12-27 09:05:00.000+10:00,0.145,mm3/l,,,,,,,,,,
WULE,Total Cyanobacteria,2023-12-27 09:05:00.000+10:00,659100,cells/ml,,,,,,,,,,
WULM,Chlorophyll - a,2023-12-27 09:00:00.000+10:00,4.5,mg/m^3,,,,,,,,,,
WULM,Coccoid Blue Green Picoplankton_Biovolume,2023-12-27 09:00:00.000+10:00,0.652,mm3/l,,,,,,,,,,
WULM,Coccoid Blue Green Picoplankton_Cell count,2023-12-27 09:00:00.000+10:00,1445847,cells/ml,,,,,,,,,,
WULM,Cyanobacteria Biovolume,2023-12-27 09:00:00.000+10:00,0.857,mm3/l,,,,,,,,,,
WULM,Enterococci,2023-12-27 09:00:00.000+10:00,4,cfu/100ml,,,,,,,,,,
WULM,Microcystis_Biovolume,2023-12-27 09:00:00.000+10:00,0.136,mm3/l,,,,,,,,,,
WULM,Microcystis_Cell count,2023-12-27 09:00:00.000+10:00,4899,cells/ml,,,,,,,,,,
WULM,Non toxic Aphanizomenonaceae_Biovolume,2023-12-27 09:00:00.000+10:00,0.036,mm3/l,,,,,,,,,,
WULM,Non toxic Aphanizomenonaceae_Cell count,2023-12-27 09:00:00.000+10:00,816,cells/ml,,,,,,,,,,
WULM,Potentially Toxic Cyanobacteria,2023-12-27 09:00:00.000+10:00,5850,cells/ml,,,,,,,,,,
WULM,Potentially Toxic Cyanobacteria Biovolume,2023-12-27 09:00:00.000+10:00,0.163,mm3/l,,,,,,,,,,
WULM,Pseudanabaena_Biovolume,2023-12-27 09:00:00.000+10:00,0.006,mm3/l,,,,,,,,,,
WULM,Pseudanabaena_Cell count,2023-12-27 09:00:00.000+10:00,647,cells/ml,,,,,,,,,,
WULM,Raphidiopsis raciborskii_Biovolume,2023-12-27 09:00:00.000+10:00,0.027,mm3/l,,,,,,,,,,
WULM,Raphidiopsis raciborskii_Cell count,2023-12-27 09:00:00.000+10:00,953,cells/ml,,,,,,,,,,
WULM,Total Cyanobacteria,2023-12-27 09:00:00.000+10:00,1453000,cells/ml,,,,,,,,,,
WULW,Chlorophyll - a,2023-12-27 08:55:00.000+10:00,4.8,mg/m^3,,,,,,,,,,
WULW,Coccoid Blue Green Picoplankton_Biovolume,2023-12-27 08:55:00.000+10:00,1.649,mm3/l,,,,,,,,,,
WULW,Coccoid Blue Green Picoplankton_Cell count,2023-12-27 08:55:00.000+10:00,3652653,cells/ml,,,,,,,,,,
WULW,Cyanobacteria Biovolume,2023-12-27 08:55:00.000+10:00,1.71,mm3/l,,,,,,,,,,
WULW,Enterococci,2023-12-27 08:55:00.000+10:00,7,cfu/100ml,,,,,,,,,,
WULW,Microcystis_Biovolume,2023-12-27 08:55:00.000+10:00,0.056,mm3/l,,,,,,,,,,
WULW,Microcystis_Cell count,2023-12-27 08:55:00.000+10:00,2041,cells/ml,,,,,,,,,,
WULW,Potentially Toxic Cyanobacteria,2023-12-27 08:55:00.000+10:00,2040,cells/ml,,,,,,,,,,
WULW,Potentially Toxic Cyanobacteria Biovolume,2023-12-27 08:55:00.000+10:00,0.056,mm3/l,,,,,,,,,,
WULW,Total Cyanobacteria,2023-12-27 08:55:00.000+10:00,3655000,cells/ml,,,,,,,,,,
WULW,Ammonia as N,2023-12-11 12:00:00.000+10:00,0.09,mg/L,0.01,,,,,,,,,
WULE,Ammonia as N,2023-12-11 12:00:00.000+10:00,0.1,mg/L,0.01,,,,,,,,,
WULM,Ammonia as N,2023-12-11 12:00:00.000+10:00,0.07,mg/L,0.01,,,,,,,,,
WULE,Dissolved Reactive Phosphorus as P,2023-12-11 12:00:00.000+10:00,,mg/L,0.01,,,,,,,,,
WULW,Dissolved Reactive Phosphorus as P,2023-12-11 12:00:00.000+10:00,,mg/L,0.01,,,,,,,,,
WULM,Dissolved Reactive Phosphorus as P,2023-12-11 12:00:00.000+10:00,,mg/L,0.01,,,,,,,,,
WULE,Nitrate as N,2023-12-11 12:00:00.000+10:00,,mg/L,0.01,,,,,,,,,
WULM,Nitrate as N,2023-12-11 12:00:00.000+10:00,,mg/L,0.01,,,,,,,,,
WULW,Nitrate as N,2023-12-11 12:00:00.000+10:00,,mg/L,0.01,,,,,,,,,
WULW,Nitrite + Nitrate as N,2023-12-11 12:00:00.000+10:00,,mg/L,0.01,,,,,,,,,
WULE,Nitrite + Nitrate as N,2023-12-11 12:00:00.000+10:00,,mg/L,0.01,,,,,,,,,
WULM,Nitrite + Nitrate as N,2023-12-11 12:00:00.000+10:00,,mg/L,0.01,,,,,,,,,
WULM,Nitrite as N,2023-12-11 12:00:00.000+10:00,,mg/L,0.01,,,,,,,,,
WULE,Nitrite as N,2023-12-11 12:00:00.000+10:00,,mg/L,0.01,,,,,,,,,
WULW,Nitrite as N,2023-12-11 12:00:00.000+10:00,,mg/L,0.01,,,,,,,,,
WULW,Total Kjeldahl Nitrogen as N,2023-12-11 12:00:00.000+10:00,0.5,mg/L,0.1,,,,,,,,,
WULE,Total Kjeldahl Nitrogen as N,2023-12-11 12:00:00.000+10:00,0.5,mg/L,0.1,,,,,,,,,
WULM,Total Kjeldahl Nitrogen as N,2023-12-11 12:00:00.000+10:00,0.4,mg/L,0.1,,,,,,,,,
WULE,Total Nitrogen as N,2023-12-11 12:00:00.000+10:00,0.5,mg/L,0.1,,,,,,,,,
WULW,Total Nitrogen as N,2023-12-11 12:00:00.000+10:00,0.5,mg/L,0.1,,,,,,,,,
WULM,Total Nitrogen as N,2023-12-11 12:00:00.000+10:00,0.4,mg/L,0.1,,,,,,,,,
WULW,Total Phosphorus as P,2023-12-11 12:00:00.000+10:00,0.03,mg/L,0.01,,,,,,,,,
WULE,Total Phosphorus as P,2023-12-11 12:00:00.000+10:00,0.04,mg/L,0.01,,,,,,,,,
WULM,Total Phosphorus as P,2023-12-11 12:00:00.000+10:00,0.03,mg/L,0.01,,,,,,,,,
WULE,Total suspended solids,2023-12-11 12:00:00.000+10:00,,mg/L,5,,,,,,,,,
WULM,Total suspended solids,2023-12-11 12:00:00.000+10:00,,mg/L,5,,,,,,,,,
WULW,Total suspended solids,2023-12-11 12:00:00.000+10:00,,mg/L,5,,,,,,,,,
WULE,Chlorophyll - a,2023-12-11 07:50:00.000+10:00,3.5,mg/m^3,,,,,,,,,,
WULE,Coccoid Blue Green Picoplankton_Biovolume,2023-12-11 07:50:00.000+10:00,0.11,mm3/l,,,,,,,,,,
WULE,Coccoid Blue Green Picoplankton_Cell count,2023-12-11 07:50:00.000+10:00,243878,cells/ml,,,,,,,,,,
WULE,Cyanobacteria Biovolume,2023-12-11 07:50:00.000+10:00,0.124,mm3/l,,,,,,,,,,
WULE,Enterococci,2023-12-11 07:50:00.000+10:00,3,cfu/100ml,,,,,,,,,,
WULE,Microcystis_Biovolume,2023-12-11 07:50:00.000+10:00,0.014,mm3/l,,,,,,,,,,
WULE,Microcystis_Cell count,2023-12-11 07:50:00.000+10:00,531,cells/ml,,,,,,,,,,
WULE,Potentially Toxic Cyanobacteria,2023-12-11 07:50:00.000+10:00,531,cells/ml,,,,,,,,,,
WULE,Potentially Toxic Cyanobacteria Biovolume,2023-12-11 07:50:00.000+10:00,0.014,mm3/l,,,,,,,,,,
WULE,Total Cyanobacteria,2023-12-11 07:50:00.000+10:00,244400,cells/ml,,,,,,,,,,
WULM,Chlorophyll - a,2023-12-11 07:45:00.000+10:00,3.3,mg/m^3,,,,,,,,,,
WULM,Coccoid Blue Green Picoplankton_Biovolume,2023-12-11 07:45:00.000+10:00,0.099,mm3/l,,,,,,,,,,
WULM,Coccoid Blue Green Picoplankton_Cell count,2023-12-11 07:45:00.000+10:00,220361,cells/ml,,,,,,,,,,
WULM,Cyanobacteria Biovolume,2023-12-11 07:45:00.000+10:00,0.106,mm3/l,,,,,,,,,,
WULM,Enterococci,2023-12-11 07:45:00.000+10:00,2,cfu/100ml,,,,,,,,,,
WULM,Microcystis_Biovolume,2023-12-11 07:45:00.000+10:00,0.007,mm3/l,,,,,,,,,,
WULM,Microcystis_Cell count,2023-12-11 07:45:00.000+10:00,265,cells/ml,,,,,,,,,,
WULM,Potentially Toxic Cyanobacteria,2023-12-11 07:45:00.000+10:00,265,cells/ml,,,,,,,,,,
WULM,Potentially Toxic Cyanobacteria Biovolume,2023-12-11 07:45:00.000+10:00,0.007,mm3/l,,,,,,,,,,
WULM,Total Cyanobacteria,2023-12-11 07:45:00.000+10:00,220600,cells/ml,,,,,,,,,,
WULW,Chlorophyll - a,2023-12-11 07:35:00.000+10:00,3.2,mg/m^3,,,,,,,,,,
WULW,Coccoid Blue Green Picoplankton_Biovolume,2023-12-11 07:35:00.000+10:00,0.126,mm3/l,,,,,,,,,,
WULW,Coccoid Blue Green Picoplankton_Cell count,2023-12-11 07:35:00.000+10:00,280405,cells/ml,,,,,,,,,,
WULW,Cyanobacteria Biovolume,2023-12-11 07:35:00.000+10:00,0.155,mm3/l,,,,,,,,,,
WULW,Enterococci,2023-12-11 07:35:00.000+10:00,1,cfu/100ml,,,,,,,,,,
WULW,Microcystis_Biovolume,2023-12-11 07:35:00.000+10:00,0.029,mm3/l,,,,,,,,,,
WULW,Microcystis_Cell count,2023-12-11 07:35:00.000+10:00,1048,cells/ml,,,,,,,,,,
WULW,Potentially Toxic Cyanobacteria,2023-12-11 07:35:00.000+10:00,1050,cells/ml,,,,,,,,,,
WULW,Potentially Toxic Cyanobacteria Biovolume,2023-12-11 07:35:00.000+10:00,0.029,mm3/l,,,,,,,,,,
WULW,Total Cyanobacteria,2023-12-11 07:35:00.000+10:00,281500,cells/ml,,,,,,,,,,
WULW,Ammonia as N,2023-11-27 12:00:00.000+10:00,0.07,mg/L,0.01,,,,,,,,,
WULE,Ammonia as N,2023-11-27 12:00:00.000+10:00,0.03,mg/L,0.01,,,,,,,,,
WULM,Ammonia as N,2023-11-27 12:00:00.000+10:00,0.01,mg/L,0.01,,,,,,,,,
WULE,Dissolved Reactive Phosphorus as P,2023-11-27 12:00:00.000+10:00,,mg/L,0.01,,,,,,,,,
WULM,Dissolved Reactive Phosphorus as P,2023-11-27 12:00:00.000+10:00,,mg/L,0.01,,,,,,,,,
WULW,Dissolved Reactive Phosphorus as P,2023-11-27 12:00:00.000+10:00,,mg/L,0.01,,,,,,,,,
WULM,Nitrate as N,2023-11-27 12:00:00.000+10:00,,mg/L,0.01,,,,,,,,,
WULE,Nitrate as N,2023-11-27 12:00:00.000+10:00,,mg/L,0.01,,,,,,,,,
WULW,Nitrate as N,2023-11-27 12:00:00.000+10:00,,mg/L,0.01,,,,,,,,,
WULM,Nitrite + Nitrate as N,2023-11-27 12:00:00.000+10:00,,mg/L,0.01,,,,,,,,,
WULW,Nitrite + Nitrate as N,2023-11-27 12:00:00.000+10:00,,mg/L,0.01,,,,,,,,,
WULE,Nitrite + Nitrate as N,2023-11-27 12:00:00.000+10:00,,mg/L,0.01,,,,,,,,,
WULE,Nitrite as N,2023-11-27 12:00:00.000+10:00,,mg/L,0.01,,,,,,,,,
WULW,Nitrite as N,2023-11-27 12:00:00.000+10:00,,mg/L,0.01,,,,,,,,,
WULM,Nitrite as N,2023-11-27 12:00:00.000+10:00,,mg/L,0.01,,,,,,,,,
WULW,Total Kjeldahl Nitrogen as N,2023-11-27 12:00:00.000+10:00,0.4,mg/L,0.1,,,,,,,,,
WULE,Total Kjeldahl Nitrogen as N,2023-11-27 12:00:00.000+10:00,0.3,mg/L,0.1,,,,,,,,,
WULM,Total Kjeldahl Nitrogen as N,2023-11-27 12:00:00.000+10:00,0.3,mg/L,0.1,,,,,,,,,
WULW,Total Nitrogen as N,2023-11-27 12:00:00.000+10:00,0.4,mg/L,0.1,,,,,,,,,
WULM,Total Nitrogen as N,2023-11-27 12:00:00.000+10:00,0.3,mg/L,0.1,,,,,,,,,
WULE,Total Nitrogen as N,2023-11-27 12:00:00.000+10:00,0.3,mg/L,0.1,,,,,,,,,
WULM,Total Phosphorus as P,2023-11-27 12:00:00.000+10:00,0.02,mg/L,0.01,,,,,,,,,
WULE,Total Phosphorus as P,2023-11-27 12:00:00.000+10:00,,mg/L,0.01,,,,,,,,,
WULW,Total Phosphorus as P,2023-11-27 12:00:00.000+10:00,0.02,mg/L,0.01,,,,,,,,,
WULM,Total suspended solids,2023-11-27 12:00:00.000+10:00,,mg/L,5,,,,,,,,,
WULE,Total suspended solids,2023-11-27 12:00:00.000+10:00,,mg/L,5,,,,,,,,,
WULW,Total suspended solids,2023-11-27 12:00:00.000+10:00,,mg/L,5,,,,,,,,,
WULE,Chlorophyll - a,2023-11-27 07:08:00.000+10:00,3.4,mg/m^3,,,,,,,,,,
WULE,Coccoid Blue Green Picoplankton_Biovolume,2023-11-27 07:08:00.000+10:00,0.194,mm3/l,,,,,,,,,,
WULE,Coccoid Blue Green Picoplankton_Cell count,2023-11-27 07:08:00.000+10:00,429735,cells/ml,,,,,,,,,,
WULE,Cyanobacteria Biovolume,2023-11-27 07:08:00.000+10:00,0.219,mm3/l,,,,,,,,,,
WULE,Enterococci,2023-11-27 07:08:00.000+10:00,5,cfu/100ml,,,,,,,,,,
WULE,Microcystis_Biovolume,2023-11-27 07:08:00.000+10:00,0.025,mm3/l,,,,,,,,,,
WULE,Microcystis_Cell count,2023-11-27 07:08:00.000+10:00,899,cells/ml,,,,,,,,,,
WULE,Potentially Toxic Cyanobacteria,2023-11-27 07:08:00.000+10:00,899,cells/ml,,,,,,,,,,
WULE,Potentially Toxic Cyanobacteria Biovolume,2023-11-27 07:08:00.000+10:00,0.025,mm3/l,,,,,,,,,,
WULE,Total Cyanobacteria,2023-11-27 07:08:00.000+10:00,430600,cells/ml,,,,,,,,,,
WULM,Chlorophyll - a,2023-11-27 07:00:00.000+10:00,3.4,mg/m^3,,,,,,,,,,
WULM,Coccoid Blue Green Picoplankton_Biovolume,2023-11-27 07:00:00.000+10:00,0.125,mm3/l,,,,,,,,,,
WULM,Coccoid Blue Green Picoplankton_Cell count,2023-11-27 07:00:00.000+10:00,277918,cells/ml,,,,,,,,,,
WULM,Cyanobacteria Biovolume,2023-11-27 07:00:00.000+10:00,0.157,mm3/l,,,,,,,,,,
WULM,Enterococci,2023-11-27 07:00:00.000+10:00,1,cfu/100ml,,,,,,,,,,
WULM,Microcystis_Biovolume,2023-11-27 07:00:00.000+10:00,0.032,mm3/l,,,,,,,,,,
WULM,Microcystis_Cell count,2023-11-27 07:00:00.000+10:00,1161,cells/ml,,,,,,,,,,
WULM,Potentially Toxic Cyanobacteria,2023-11-27 07:00:00.000+10:00,1160,cells/ml,,,,,,,,,,
WULM,Potentially Toxic Cyanobacteria Biovolume,2023-11-27 07:00:00.000+10:00,0.032,mm3/l,,,,,,,,,,
WULM,Total Cyanobacteria,2023-11-27 07:00:00.000+10:00,279100,cells/ml,,,,,,,,,,
WULW,Chlorophyll - a,2023-11-27 06:50:00.000+10:00,3.4,mg/m^3,,,,,,,,,,
WULW,Coccoid Blue Green Picoplankton_Biovolume,2023-11-27 06:50:00.000+10:00,0.19,mm3/l,,,,,,,,,,
WULW,Coccoid Blue Green Picoplankton_Cell count,2023-11-27 06:50:00.000+10:00,421218,cells/ml,,,,,,,,,,
WULW,Cyanobacteria Biovolume,2023-11-27 06:50:00.000+10:00,0.221,mm3/l,,,,,,,,,,
WULW,Enterococci,2023-11-27 06:50:00.000+10:00,1,cfu/100ml,,,,,,,,,,
WULW,Microcystis_Biovolume,2023-11-27 06:50:00.000+10:00,0.031,mm3/l,,,,,,,,,,
WULW,Microcystis_Cell count,2023-11-27 06:50:00.000+10:00,1141,cells/ml,,,,,,,,,,
WULW,Potentially Toxic Cyanobacteria,2023-11-27 06:50:00.000+10:00,1140,cells/ml,,,,,,,,,,
WULW,Potentially Toxic Cyanobacteria Biovolume,2023-11-27 06:50:00.000+10:00,0.031,mm3/l,,,,,,,,,,
WULW,Total Cyanobacteria,2023-11-27 06:50:00.000+10:00,422400,cells/ml,,,,,,,,,,
WULM,Ammonia as N,2023-11-13 12:00:00.000+10:00,0.02,mg/L,0.01,,,,,,,,,
WULE,Ammonia as N,2023-11-13 12:00:00.000+10:00,,mg/L,0.01,,,,,,,,,
WULW,Ammonia as N,2023-11-13 12:00:00.000+10:00,,mg/L,0.01,,,,,,,,,
WULE,Dissolved Reactive Phosphorus as P,2023-11-13 12:00:00.000+10:00,,mg/L,0.01,,,,,,,,,
WULM,Dissolved Reactive Phosphorus as P,2023-11-13 12:00:00.000+10:00,,mg/L,0.01,,,,,,,,,
WULW,Dissolved Reactive Phosphorus as P,2023-11-13 12:00:00.000+10:00,,mg/L,0.01,,,,,,,,,
WULM,Nitrate as N,2023-11-13 12:00:00.000+10:00,,mg/L,0.01,,,,,,,,,
WULW,Nitrate as N,2023-11-13 12:00:00.000+10:00,,mg/L,0.01,,,,,,,,,
WULE,Nitrate as N,2023-11-13 12:00:00.000+10:00,,mg/L,0.01,,,,,,,,,
WULE,Nitrite + Nitrate as N,2023-11-13 12:00:00.000+10:00,,mg/L,0.01,,,,,,,,,
WULW,Nitrite + Nitrate as N,2023-11-13 12:00:00.000+10:00,,mg/L,0.01,,,,,,,,,
WULM,Nitrite + Nitrate as N,2023-11-13 12:00:00.000+10:00,,mg/L,0.01,,,,,,,,,
WULE,Nitrite as N,2023-11-13 12:00:00.000+10:00,,mg/L,0.01,,,,,,,,,
WULM,Nitrite as N,2023-11-13 12:00:00.000+10:00,,mg/L,0.01,,,,,,,,,
WULW,Nitrite as N,2023-11-13 12:00:00.000+10:00,,mg/L,0.01,,,,,,,,,
WULW,Total Kjeldahl Nitrogen as N,2023-11-13 12:00:00.000+10:00,0.5,mg/L,0.1,,,,,,,,,
WULE,Total Kjeldahl Nitrogen as N,2023-11-13 12:00:00.000+10:00,0.5,mg/L,0.1,,,,,,,,,
WULM,Total Kjeldahl Nitrogen as N,2023-11-13 12:00:00.000+10:00,0.5,mg/L,0.1,,,,,,,,,
WULE,Total Nitrogen as N,2023-11-13 12:00:00.000+10:00,0.5,mg/L,0.1,,,,,,,,,
WULW,Total Nitrogen as N,2023-11-13 12:00:00.000+10:00,0.5,mg/L,0.1,,,,,,,,,
WULM,Total Nitrogen as N,2023-11-13 12:00:00.000+10:00,0.5,mg/L,0.1,,,,,,,,,
WULM,Total Phosphorus as P,2023-11-13 12:00:00.000+10:00,0.01,mg/L,0.01,,,,,,,,,
WULW,Total Phosphorus as P,2023-11-13 12:00:00.000+10:00,0.02,mg/L,0.01,,,,,,,,,
WULE,Total Phosphorus as P,2023-11-13 12:00:00.000+10:00,0.03,mg/L,0.01,,,,,,,,,
WULE,Total suspended solids,2023-11-13 12:00:00.000+10:00,5,mg/L,5,,,,,,,,,
WULM,Total suspended solids,2023-11-13 12:00:00.000+10:00,6,mg/L,5,,,,,,,,,
WULW,Total suspended solids,2023-11-13 12:00:00.000+10:00,5,mg/L,5,,,,,,,,,
WULE,Chlorophyll - a,2023-11-13 07:30:00.000+10:00,3.4,mg/m^3,,,,,,,,,,
WULE,Coccoid Blue Green Picoplankton_Biovolume,2023-11-13 07:30:00.000+10:00,0.263,mm3/l,,,,,,,,,,
WULE,Coccoid Blue Green Picoplankton_Cell count,2023-11-13 07:30:00.000+10:00,583876,cells/ml,,,,,,,,,,
WULE,Cyanobacteria Biovolume,2023-11-13 07:30:00.000+10:00,0.277,mm3/l,,,,,,,,,,
WULE,Enterococci,2023-11-13 07:30:00.000+10:00,1,cfu/100ml,,,,,,,,,,
WULE,Microcystis_Biovolume,2023-11-13 07:30:00.000+10:00,0.014,mm3/l,,,,,,,,,,
WULE,Microcystis_Cell count,2023-11-13 07:30:00.000+10:00,539,cells/ml,,,,,,,,,,
WULE,Potentially Toxic Cyanobacteria,2023-11-13 07:30:00.000+10:00,539,cells/ml,,,,,,,,,,
WULE,Potentially Toxic Cyanobacteria Biovolume,2023-11-13 07:30:00.000+10:00,0.014,mm3/l,,,,,,,,,,
WULE,Total Cyanobacteria,2023-11-13 07:30:00.000+10:00,584400,cells/ml,,,,,,,,,,
WULM,Chlorophyll - a,2023-11-13 07:20:00.000+10:00,3.4,mg/m^3,,,,,,,,,,
WULM,Coccoid Blue Green Picoplankton_Biovolume,2023-11-13 07:20:00.000+10:00,0.23,mm3/l,,,,,,,,,,
WULM,Coccoid Blue Green Picoplankton_Cell count,2023-11-13 07:20:00.000+10:00,509543,cells/ml,,,,,,,,,,
WULM,Cyanobacteria Biovolume,2023-11-13 07:20:00.000+10:00,0.243,mm3/l,,,,,,,,,,
WULM,Enterococci,2023-11-13 07:20:00.000+10:00,1,cfu/100ml,,,,,,,,,,
WULM,Microcystis_Biovolume,2023-11-13 07:20:00.000+10:00,0.013,mm3/l,,,,,,,,,,
WULM,Microcystis_Cell count,2023-11-13 07:20:00.000+10:00,498,cells/ml,,,,,,,,,,
WULM,Potentially Toxic Cyanobacteria,2023-11-13 07:20:00.000+10:00,498,cells/ml,,,,,,,,,,
WULM,Potentially Toxic Cyanobacteria Biovolume,2023-11-13 07:20:00.000+10:00,0.013,mm3/l,,,,,,,,,,
WULM,Total Cyanobacteria,2023-11-13 07:20:00.000+10:00,510000,cells/ml,,,,,,,,,,
WULW,Chlorophyll - a,2023-11-13 07:10:00.000+10:00,3.8,mg/m^3,,,,,,,,,,
WULW,Coccoid Blue Green Picoplankton_Biovolume,2023-11-13 07:10:00.000+10:00,0.307,mm3/l,,,,,,,,,,
WULW,Coccoid Blue Green Picoplankton_Cell count,2023-11-13 07:10:00.000+10:00,681603,cells/ml,,,,,,,,,,
WULW,Cyanobacteria Biovolume,2023-11-13 07:10:00.000+10:00,0.364,mm3/l,,,,,,,,,,
WULW,Enterococci,2023-11-13 07:10:00.000+10:00,3,cfu/100ml,,,,,,,,,,
WULW,Microcystis_Biovolume,2023-11-13 07:10:00.000+10:00,0.057,mm3/l,,,,,,,,,,
WULW,Microcystis_Cell count,2023-11-13 07:10:00.000+10:00,2053,cells/ml,,,,,,,,,,
WULW,Potentially Toxic Cyanobacteria,2023-11-13 07:10:00.000+10:00,2050,cells/ml,,,,,,,,,,
WULW,Potentially Toxic Cyanobacteria Biovolume,2023-11-13 07:10:00.000+10:00,0.057,mm3/l,,,,,,,,,,
WULW,Total Cyanobacteria,2023-11-13 07:10:00.000+10:00,683700,cells/ml,,,,,,,,,,
WULE,Ammonia as N,2023-10-31 12:00:00.000+10:00,,mg/L,0.01,,,,,,,,,
WULW,Ammonia as N,2023-10-31 12:00:00.000+10:00,0.05,mg/L,0.01,,,,,,,,,
WULM,Ammonia as N,2023-10-31 12:00:00.000+10:00,0.02,mg/L,0.01,,,,,,,,,
WULE,Dissolved Reactive Phosphorus as P,2023-10-31 12:00:00.000+10:00,,mg/L,0.01,,,,,,,,,
WULW,Dissolved Reactive Phosphorus as P,2023-10-31 12:00:00.000+10:00,,mg/L,0.01,,,,,,,,,
WULM,Dissolved Reactive Phosphorus as P,2023-10-31 12:00:00.000+10:00,,mg/L,0.01,,,,,,,,,
WULM,Nitrate as N,2023-10-31 12:00:00.000+10:00,,mg/L,0.01,,,,,,,,,
WULW,Nitrate as N,2023-10-31 12:00:00.000+10:00,,mg/L,0.01,,,,,,,,,
WULE,Nitrate as N,2023-10-31 12:00:00.000+10:00,,mg/L,0.01,,,,,,,,,
WULE,Nitrite + Nitrate as N,2023-10-31 12:00:00.000+10:00,,mg/L,0.01,,,,,,,,,
WULM,Nitrite + Nitrate as N,2023-10-31 12:00:00.000+10:00,,mg/L,0.01,,,,,,,,,
WULW,Nitrite + Nitrate as N,2023-10-31 12:00:00.000+10:00,,mg/L,0.01,,,,,,,,,
WULW,Nitrite as N,2023-10-31 12:00:00.000+10:00,,mg/L,0.01,,,,,,,,,
WULE,Nitrite as N,2023-10-31 12:00:00.000+10:00,,mg/L,0.01,,,,,,,,,
WULM,Nitrite as N,2023-10-31 12:00:00.000+10:00,,mg/L,0.01,,,,,,,,,
WULW,Total Kjeldahl Nitrogen as N,2023-10-31 12:00:00.000+10:00,0.4,mg/L,0.1,,,,,,,,,
WULM,Total Kjeldahl Nitrogen as N,2023-10-31 12:00:00.000+10:00,0.4,mg/L,0.1,,,,,,,,,
WULE,Total Kjeldahl Nitrogen as N,2023-10-31 12:00:00.000+10:00,0.3,mg/L,0.1,,,,,,,,,
WULW,Total Nitrogen as N,2023-10-31 12:00:00.000+10:00,0.4,mg/L,0.1,,,,,,,,,
WULM,Total Nitrogen as N,2023-10-31 12:00:00.000+10:00,0.4,mg/L,0.1,,,,,,,,,
WULE,Total Nitrogen as N,2023-10-31 12:00:00.000+10:00,0.3,mg/L,0.1,,,,,,,,,
WULM,Total Phosphorus as P,2023-10-31 12:00:00.000+10:00,0.03,mg/L,0.01,,,,,,,,,
WULE,Total Phosphorus as P,2023-10-31 12:00:00.000+10:00,0.05,mg/L,0.01,,,,,,,,,
WULW,Total Phosphorus as P,2023-10-31 12:00:00.000+10:00,0.04,mg/L,0.01,,,,,,,,,
WULW,Total suspended solids,2023-10-31 12:00:00.000+10:00,,mg/L,5,,,,,,,,,
WULE,Total suspended solids,2023-10-31 12:00:00.000+10:00,9,mg/L,5,,,,,,,,,
WULM,Total suspended solids,2023-10-31 12:00:00.000+10:00,5,mg/L,5,,,,,,,,,
WULE,Chlorophyll - a,2023-10-31 09:05:00.000+10:00,3.5,mg/m^3,,,,,,,,,,
WULE,Coccoid Blue Green Picoplankton_Biovolume,2023-10-31 09:05:00.000+10:00,0.003,mm3/l,,,,,,,,,,
WULE,Coccoid Blue Green Picoplankton_Cell count,2023-10-31 09:05:00.000+10:00,8089,cells/ml,,,,,,,,,,
WULE,Cyanobacteria Biovolume,2023-10-31 09:05:00.000+10:00,0.034,mm3/l,,,,,,,,,,
WULE,Enterococci,2023-10-31 09:05:00.000+10:00,22,cfu/100ml,,,,,,,,,,
WULE,Microcystis_Biovolume,2023-10-31 09:05:00.000+10:00,0.031,mm3/l,,,,,,,,,,
WULE,Microcystis_Cell count,2023-10-31 09:05:00.000+10:00,1141,cells/ml,,,,,,,,,,
WULE,Potentially Toxic Cyanobacteria,2023-10-31 09:05:00.000+10:00,1140,cells/ml,,,,,,,,,,
WULE,Potentially Toxic Cyanobacteria Biovolume,2023-10-31 09:05:00.000+10:00,0.031,mm3/l,,,,,,,,,,
WULE,Total Cyanobacteria,2023-10-31 09:05:00.000+10:00,9230,cells/ml,,,,,,,,,,
WULM,Chlorophyll - a,2023-10-31 08:55:00.000+10:00,3.5,mg/m^3,,,,,,,,,,
WULM,Coccoid Blue Green Picoplankton_Biovolume,2023-10-31 08:55:00.000+10:00,0.006,mm3/l,,,,,,,,,,
WULM,Coccoid Blue Green Picoplankton_Cell count,2023-10-31 08:55:00.000+10:00,15099,cells/ml,,,,,,,,,,
WULM,Cyanobacteria Biovolume,2023-10-31 08:55:00.000+10:00,0.052,mm3/l,,,,,,,,,,
WULM,Enterococci,2023-10-31 08:55:00.000+10:00,4,cfu/100ml,,,,,,,,,,
WULM,Microcystis_Biovolume,2023-10-31 08:55:00.000+10:00,0.045,mm3/l,,,,,,,,,,
WULM,Microcystis_Cell count,2023-10-31 08:55:00.000+10:00,1645,cells/ml,,,,,,,,,,
WULM,Potentially Toxic Cyanobacteria,2023-10-31 08:55:00.000+10:00,1650,cells/ml,,,,,,,,,,
WULM,Potentially Toxic Cyanobacteria Biovolume,2023-10-31 08:55:00.000+10:00,0.045,mm3/l,,,,,,,,,,
WULM,Synechococcus cf_Biovolume,2023-10-31 08:55:00.000+10:00,0.001,mm3/l,,,,,,,,,,
WULM,Synechococcus cf_Cell count,2023-10-31 08:55:00.000+10:00,277,cells/ml,,,,,,,,,,
WULM,Total Cyanobacteria,2023-10-31 08:55:00.000+10:00,17020,cells/ml,,,,,,,,,,
WULW,Chlorophyll - a,2023-10-31 08:45:00.000+10:00,4.1,mg/m^3,,,,,,,,,,
WULW,Coccoid Blue Green Picoplankton_Biovolume,2023-10-31 08:45:00.000+10:00,0.004,mm3/l,,,,,,,,,,
WULW,Coccoid Blue Green Picoplankton_Cell count,2023-10-31 08:45:00.000+10:00,10743,cells/ml,,,,,,,,,,
WULW,Cyanobacteria Biovolume,2023-10-31 08:45:00.000+10:00,0.071,mm3/l,,,,,,,,,,
WULW,Enterococci,2023-10-31 08:45:00.000+10:00,2,cfu/100ml,,,,,,,,,,
WULW,Microcystis_Biovolume,2023-10-31 08:45:00.000+10:00,0.067,mm3/l,,,,,,,,,,
WULW,Microcystis_Cell count,2023-10-31 08:45:00.000+10:00,2427,cells/ml,,,,,,,,,,
WULW,Potentially Toxic Cyanobacteria,2023-10-31 08:45:00.000+10:00,2430,cells/ml,,,,,,,,,,
WULW,Potentially Toxic Cyanobacteria Biovolume,2023-10-31 08:45:00.000+10:00,0.067,mm3/l,,,,,,,,,,
WULW,Total Cyanobacteria,2023-10-31 08:45:00.000+10:00,13170,cells/ml,,,,,,,,,,
WULM,Ammonia as N,2023-10-16 12:00:00.000+10:00,,mg/L,0.01,,,,,,,,,
WULE,Ammonia as N,2023-10-16 12:00:00.000+10:00,0.01,mg/L,0.01,,,,,,,,,
WULW,Ammonia as N,2023-10-16 12:00:00.000+10:00,0.03,mg/L,0.01,,,,,,,,,
WULM,Dissolved Reactive Phosphorus as P,2023-10-16 12:00:00.000+10:00,,mg/L,0.01,,,,,,,,,
WULE,Dissolved Reactive Phosphorus as P,2023-10-16 12:00:00.000+10:00,,mg/L,0.01,,,,,,,,,
WULW,Dissolved Reactive Phosphorus as P,2023-10-16 12:00:00.000+10:00,,mg/L,0.01,,,,,,,,,
WULE,Nitrate as N,2023-10-16 12:00:00.000+10:00,,mg/L,0.01,,,,,,,,,
WULM,Nitrate as N,2023-10-16 12:00:00.000+10:00,,mg/L,0.01,,,,,,,,,
WULW,Nitrate as N,2023-10-16 12:00:00.000+10:00,,mg/L,0.01,,,,,,,,,
WULE,Nitrite + Nitrate as N,2023-10-16 12:00:00.000+10:00,,mg/L,0.01,,,,,,,,,
WULM,Nitrite + Nitrate as N,2023-10-16 12:00:00.000+10:00,,mg/L,0.01,,,,,,,,,
WULW,Nitrite + Nitrate as N,2023-10-16 12:00:00.000+10:00,,mg/L,0.01,,,,,,,,,
WULE,Nitrite as N,2023-10-16 12:00:00.000+10:00,,mg/L,0.01,,,,,,,,,
WULM,Nitrite as N,2023-10-16 12:00:00.000+10:00,,mg/L,0.01,,,,,,,,,
WULW,Nitrite as N,2023-10-16 12:00:00.000+10:00,,mg/L,0.01,,,,,,,,,
WULM,Total Kjeldahl Nitrogen as N,2023-10-16 12:00:00.000+10:00,0.4,mg/L,0.1,,,,,,,,,
WULE,Total Kjeldahl Nitrogen as N,2023-10-16 12:00:00.000+10:00,0.4,mg/L,0.1,,,,,,,,,
WULW,Total Kjeldahl Nitrogen as N,2023-10-16 12:00:00.000+10:00,0.4,mg/L,0.1,,,,,,,,,
WULW,Total Nitrogen as N,2023-10-16 12:00:00.000+10:00,0.4,mg/L,0.1,,,,,,,,,
WULE,Total Nitrogen as N,2023-10-16 12:00:00.000+10:00,0.4,mg/L,0.1,,,,,,,,,
WULM,Total Nitrogen as N,2023-10-16 12:00:00.000+10:00,0.4,mg/L,0.1,,,,,,,,,
WULM,Total Phosphorus as P,2023-10-16 12:00:00.000+10:00,0.04,mg/L,0.01,,,,,,,,,
WULE,Total Phosphorus as P,2023-10-16 12:00:00.000+10:00,0.02,mg/L,0.01,,,,,,,,,
WULW,Total Phosphorus as P,2023-10-16 12:00:00.000+10:00,0.02,mg/L,0.01,,,,,,,,,
WULM,Total suspended solids,2023-10-16 12:00:00.000+10:00,,mg/L,5,,,,,,,,,
WULE,Total suspended solids,2023-10-16 12:00:00.000+10:00,5,mg/L,5,,,,,,,,,
WULW,Total suspended solids,2023-10-16 12:00:00.000+10:00,5,mg/L,5,,,,,,,,,
WULE,Chlorophyll - a,2023-10-16 08:50:00.000+10:00,4.4,mg/m^3,,,,,,,,,,
WULE,Coccoid Blue Green Picoplankton_Biovolume,2023-10-16 08:50:00.000+10:00,0.002,mm3/l,,,,,,,,,,
WULE,Coccoid Blue Green Picoplankton_Cell count,2023-10-16 08:50:00.000+10:00,5807,cells/ml,,,,,,,,,,
WULE,Cyanobacteria Biovolume,2023-10-16 08:50:00.000+10:00,0.045,mm3/l,,,,,,,,,,
WULE,Enterococci,2023-10-16 08:50:00.000+10:00,2,cfu/100ml,,,,,,,,,,
WULE,Microcystis_Biovolume,2023-10-16 08:50:00.000+10:00,0.043,mm3/l,,,,,,,,,,
WULE,Microcystis_Cell count,2023-10-16 08:50:00.000+10:00,1576,cells/ml,,,,,,,,,,
WULE,Potentially Toxic Cyanobacteria,2023-10-16 08:50:00.000+10:00,1580,cells/ml,,,,,,,,,,
WULE,Potentially Toxic Cyanobacteria Biovolume,2023-10-16 08:50:00.000+10:00,0.043,mm3/l,,,,,,,,,,
WULE,Total Cyanobacteria,2023-10-16 08:50:00.000+10:00,7380,cells/ml,,,,,,,,,,
WULM,Chlorophyll - a,2023-10-16 08:40:00.000+10:00,4.6,mg/m^3,,,,,,,,,,
WULM,Coccoid Blue Green Picoplankton_Biovolume,2023-10-16 08:40:00.000+10:00,0.004,mm3/l,,,,,,,,,,
WULM,Coccoid Blue Green Picoplankton_Cell count,2023-10-16 08:40:00.000+10:00,10577,cells/ml,,,,,,,,,,
WULM,Cyanobacteria Biovolume,2023-10-16 08:40:00.000+10:00,0.031,mm3/l,,,,,,,,,,
WULM,Enterococci,2023-10-16 08:40:00.000+10:00,2,cfu/100ml,,,,,,,,,,
WULM,Microcystis_Biovolume,2023-10-16 08:40:00.000+10:00,0.027,mm3/l,,,,,,,,,,
WULM,Microcystis_Cell count,2023-10-16 08:40:00.000+10:00,996,cells/ml,,,,,,,,,,
WULM,Potentially Toxic Cyanobacteria,2023-10-16 08:40:00.000+10:00,996,cells/ml,,,,,,,,,,
WULM,Potentially Toxic Cyanobacteria Biovolume,2023-10-16 08:40:00.000+10:00,0.027,mm3/l,,,,,,,,,,
WULM,Total Cyanobacteria,2023-10-16 08:40:00.000+10:00,11570,cells/ml,,,,,,,,,,
WULW,Chlorophyll - a,2023-10-16 08:30:00.000+10:00,2.7,mg/m^3,,,,,,,,,,
WULW,Coccoid Blue Green Picoplankton_Biovolume,2023-10-16 08:30:00.000+10:00,0.001,mm3/l,,,,,,,,,,
WULW,Coccoid Blue Green Picoplankton_Cell count,2023-10-16 08:30:00.000+10:00,3388,cells/ml,,,,,,,,,,
WULW,Cyanobacteria Biovolume,2023-10-16 08:30:00.000+10:00,0.018,mm3/l,,,,,,,,,,
WULW,Enterococci,2023-10-16 08:30:00.000+10:00,1,cfu/100ml,,,,,,,,,,
WULW,Microcystis_Biovolume,2023-10-16 08:30:00.000+10:00,0.017,mm3/l,,,,,,,,,,
WULW,Microcystis_Cell count,2023-10-16 08:30:00.000+10:00,629,cells/ml,,,,,,,,,,
WULW,Potentially Toxic Cyanobacteria,2023-10-16 08:30:00.000+10:00,629,cells/ml,,,,,,,,,,
WULW,Potentially Toxic Cyanobacteria Biovolume,2023-10-16 08:30:00.000+10:00,0.017,mm3/l,,,,,,,,,,
WULW,Total Cyanobacteria,2023-10-16 08:30:00.000+10:00,4020,cells/ml,,,,,,,,,,
WULM,Ammonia as N,2023-10-03 12:00:00.000+10:00,0.05,mg/L,0.01,,,,,,,,,
WULW,Ammonia as N,2023-10-03 12:00:00.000+10:00,0.03,mg/L,0.01,,,,,,,,,
WULE,Ammonia as N,2023-10-03 12:00:00.000+10:00,0.05,mg/L,0.01,,,,,,,,,
WULE,Dissolved Reactive Phosphorus as P,2023-10-03 12:00:00.000+10:00,,mg/L,0.01,,,,,,,,,
WULW,Dissolved Reactive Phosphorus as P,2023-10-03 12:00:00.000+10:00,,mg/L,0.01,,,,,,,,,
WULM,Dissolved Reactive Phosphorus as P,2023-10-03 12:00:00.000+10:00,,mg/L,0.01,,,,,,,,,
WULM,Nitrate as N,2023-10-03 12:00:00.000+10:00,0.01,mg/L,0.01,,,,,,,,,
WULE,Nitrate as N,2023-10-03 12:00:00.000+10:00,,mg/L,0.01,,,,,,,,,
WULW,Nitrate as N,2023-10-03 12:00:00.000+10:00,,mg/L,0.01,,,,,,,,,
WULE,Nitrite + Nitrate as N,2023-10-03 12:00:00.000+10:00,,mg/L,0.01,,,,,,,,,
WULW,Nitrite + Nitrate as N,2023-10-03 12:00:00.000+10:00,,mg/L,0.01,,,,,,,,,
WULM,Nitrite + Nitrate as N,2023-10-03 12:00:00.000+10:00,0.01,mg/L,0.01,,,,,,,,,
WULW,Nitrite as N,2023-10-03 12:00:00.000+10:00,,mg/L,0.01,,,,,,,,,
WULM,Nitrite as N,2023-10-03 12:00:00.000+10:00,,mg/L,0.01,,,,,,,,,
WULE,Nitrite as N,2023-10-03 12:00:00.000+10:00,,mg/L,0.01,,,,,,,,,
WULW,Total Kjeldahl Nitrogen as N,2023-10-03 12:00:00.000+10:00,0.4,mg/L,0.1,,,,,,,,,
WULE,Total Kjeldahl Nitrogen as N,2023-10-03 12:00:00.000+10:00,0.4,mg/L,0.1,,,,,,,,,
WULM,Total Kjeldahl Nitrogen as N,2023-10-03 12:00:00.000+10:00,0.4,mg/L,0.1,,,,,,,,,
WULW,Total Nitrogen as N,2023-10-03 12:00:00.000+10:00,0.4,mg/L,0.1,,,,,,,,,
WULM,Total Nitrogen as N,2023-10-03 12:00:00.000+10:00,0.4,mg/L,0.1,,,,,,,,,
WULE,Total Nitrogen as N,2023-10-03 12:00:00.000+10:00,0.4,mg/L,0.1,,,,,,,,,
WULE,Total Phosphorus as P,2023-10-03 12:00:00.000+10:00,,mg/L,0.01,,,,,,,,,
WULW,Total Phosphorus as P,2023-10-03 12:00:00.000+10:00,,mg/L,0.01,,,,,,,,,
WULM,Total Phosphorus as P,2023-10-03 12:00:00.000+10:00,,mg/L,0.01,,,,,,,,,
WULE,Total suspended solids,2023-10-03 12:00:00.000+10:00,,mg/L,5,,,,,,,,,
WULM,Total suspended solids,2023-10-03 12:00:00.000+10:00,,mg/L,5,,,,,,,,,
WULW,Total suspended solids,2023-10-03 12:00:00.000+10:00,,mg/L,5,,,,,,,,,
WULE,Chlorophyll - a,2023-10-03 08:55:00.000+10:00,2.5,mg/m^3,,,,,,,,,,
WULE,Coccoid Blue Green Picoplankton_Biovolume,2023-10-03 08:55:00.000+10:00,0,mm3/l,,,,,,,,,,
WULE,Coccoid Blue Green Picoplankton_Cell count,2023-10-03 08:55:00.000+10:00,1991,cells/ml,,,,,,,,,,
WULE,Cyanobacteria Biovolume,2023-10-03 08:55:00.000+10:00,0.023,mm3/l,,,,,,,,,,
WULE,Enterococci,2023-10-03 08:55:00.000+10:00,1,cfu/100ml,,,,,,,,,,
WULE,Merismopedia_Biovolume,2023-10-03 08:55:00.000+10:00,0.002,mm3/l,,,,,,,,,,
WULE,Merismopedia_Cell count,2023-10-03 08:55:00.000+10:00,277,cells/ml,,,,,,,,,,
WULE,Microcystis_Biovolume,2023-10-03 08:55:00.000+10:00,0.021,mm3/l,,,,,,,,,,
WULE,Microcystis_Cell count,2023-10-03 08:55:00.000+10:00,774,cells/ml,,,,,,,,,,
WULE,Potentially Toxic Cyanobacteria,2023-10-03 08:55:00.000+10:00,774,cells/ml,,,,,,,,,,
WULE,Potentially Toxic Cyanobacteria Biovolume,2023-10-03 08:55:00.000+10:00,0.021,mm3/l,,,,,,,,,,
WULE,Total Cyanobacteria,2023-10-03 08:55:00.000+10:00,3040,cells/ml,,,,,,,,,,
WULM,Chlorophyll - a,2023-10-03 08:45:00.000+10:00,2.3,mg/m^3,,,,,,,,,,
WULM,Coccoid Blue Green Picoplankton_Biovolume,2023-10-03 08:45:00.000+10:00,0,mm3/l,,,,,,,,,,
WULM,Coccoid Blue Green Picoplankton_Cell count,2023-10-03 08:45:00.000+10:00,277,cells/ml,,,,,,,,,,
WULM,Cyanobacteria Biovolume,2023-10-03 08:45:00.000+10:00,0.15,mm3/l,,,,,,,,,,
WULM,Enterococci,2023-10-03 08:45:00.000+10:00,1,cfu/100ml,,,,,,,,,,
WULM,Microcystis_Biovolume,2023-10-03 08:45:00.000+10:00,0.15,mm3/l,,,,,,,,,,
WULM,Microcystis_Cell count,2023-10-03 08:45:00.000+10:00,5392,cells/ml,,,,,,,,,,
WULM,Potentially Toxic Cyanobacteria,2023-10-03 08:45:00.000+10:00,5390,cells/ml,,,,,,,,,,
WULM,Potentially Toxic Cyanobacteria Biovolume,2023-10-03 08:45:00.000+10:00,0.15,mm3/l,,,,,,,,,,
WULM,Total Cyanobacteria,2023-10-03 08:45:00.000+10:00,5670,cells/ml,,,,,,,,,,
WULW,Chlorophyll - a,2023-10-03 08:30:00.000+10:00,3.6,mg/m^3,,,,,,,,,,
WULW,Cyanobacteria Biovolume,2023-10-03 08:30:00.000+10:00,0.036,mm3/l,,,,,,,,,,
WULW,Enterococci,2023-10-03 08:30:00.000+10:00,1,cfu/100ml,,,,,,,,,,
WULW,Microcystis_Biovolume,2023-10-03 08:30:00.000+10:00,0.036,mm3/l,,,,,,,,,,
WULW,Microcystis_Cell count,2023-10-03 08:30:00.000+10:00,1327,cells/ml,,,,,,,,,,
WULW,Potentially Toxic Cyanobacteria,2023-10-03 08:30:00.000+10:00,1330,cells/ml,,,,,,,,,,
WULW,Potentially Toxic Cyanobacteria Biovolume,2023-10-03 08:30:00.000+10:00,0.036,mm3/l,,,,,,,,,,
WULW,Total Cyanobacteria,2023-10-03 08:30:00.000+10:00,1330,cells/ml,,,,,,,,,,
WULW,Ammonia as N,2023-09-18 12:00:00.000+10:00,0.08,mg/L,0.01,,,,,,,,,
WULM,Ammonia as N,2023-09-18 12:00:00.000+10:00,0.02,mg/L,0.01,,,,,,,,,
WULE,Ammonia as N,2023-09-18 12:00:00.000+10:00,0.04,mg/L,0.01,,,,,,,,,
WULM,Dissolved Reactive Phosphorus as P,2023-09-18 12:00:00.000+10:00,,mg/L,0.01,,,,,,,,,
WULE,Dissolved Reactive Phosphorus as P,2023-09-18 12:00:00.000+10:00,,mg/L,0.01,,,,,,,,,
WULW,Dissolved Reactive Phosphorus as P,2023-09-18 12:00:00.000+10:00,,mg/L,0.01,,,,,,,,,
WULW,Nitrate as N,2023-09-18 12:00:00.000+10:00,,mg/L,0.01,,,,,,,,,
WULE,Nitrate as N,2023-09-18 12:00:00.000+10:00,,mg/L,0.01,,,,,,,,,
WULM,Nitrate as N,2023-09-18 12:00:00.000+10:00,,mg/L,0.01,,,,,,,,,
WULW,Nitrite + Nitrate as N,2023-09-18 12:00:00.000+10:00,,mg/L,0.01,,,,,,,,,
WULM,Nitrite + Nitrate as N,2023-09-18 12:00:00.000+10:00,,mg/L,0.01,,,,,,,,,
WULE,Nitrite + Nitrate as N,2023-09-18 12:00:00.000+10:00,,mg/L,0.01,,,,,,,,,
WULE,Nitrite as N,2023-09-18 12:00:00.000+10:00,,mg/L,0.01,,,,,,,,,
WULW,Nitrite as N,2023-09-18 12:00:00.000+10:00,,mg/L,0.01,,,,,,,,,
WULM,Nitrite as N,2023-09-18 12:00:00.000+10:00,,mg/L,0.01,,,,,,,,,
WULW,Total Kjeldahl Nitrogen as N,2023-09-18 12:00:00.000+10:00,0.6,mg/L,0.1,,,,,,,,,
WULM,Total Kjeldahl Nitrogen as N,2023-09-18 12:00:00.000+10:00,0.5,mg/L,0.1,,,,,,,,,
WULE,Total Kjeldahl Nitrogen as N,2023-09-18 12:00:00.000+10:00,0.5,mg/L,0.1,,,,,,,,,
WULM,Total Nitrogen as N,2023-09-18 12:00:00.000+10:00,0.5,mg/L,0.1,,,,,,,,,
WULW,Total Nitrogen as N,2023-09-18 12:00:00.000+10:00,0.6,mg/L,0.1,,,,,,,,,
WULE,Total Nitrogen as N,2023-09-18 12:00:00.000+10:00,0.5,mg/L,0.1,,,,,,,,,
WULE,Total Phosphorus as P,2023-09-18 12:00:00.000+10:00,,mg/L,0.01,,,,,,,,,
WULM,Total Phosphorus as P,2023-09-18 12:00:00.000+10:00,0.02,mg/L,0.01,,,,,,,,,
WULW,Total Phosphorus as P,2023-09-18 12:00:00.000+10:00,0.02,mg/L,0.01,,,,,,,,,
WULW,Total suspended solids,2023-09-18 12:00:00.000+10:00,,mg/L,5,,,,,,,,,
WULM,Total suspended solids,2023-09-18 12:00:00.000+10:00,,mg/L,5,,,,,,,,,
WULE,Total suspended solids,2023-09-18 12:00:00.000+10:00,,mg/L,5,,,,,,,,,
WULE,Chlorophyll - a,2023-09-18 08:35:00.000+10:00,3.3,mg/m^3,,,,,,,,,,
WULE,Cyanobacteria Biovolume,2023-09-18 08:35:00.000+10:00,0.067,mm3/l,,,,,,,,,,
WULE,Enterococci,2023-09-18 08:35:00.000+10:00,1,cfu/100ml,,,,,,,,,,
WULE,Microcystis_Biovolume,2023-09-18 08:35:00.000+10:00,0.067,mm3/l,,,,,,,,,,
WULE,Microcystis_Cell count,2023-09-18 08:35:00.000+10:00,2420,cells/ml,,,,,,,,,,
WULE,Potentially Toxic Cyanobacteria,2023-09-18 08:35:00.000+10:00,2420,cells/ml,,,,,,,,,,
WULE,Potentially Toxic Cyanobacteria Biovolume,2023-09-18 08:35:00.000+10:00,0.067,mm3/l,,,,,,,,,,
WULE,Total Cyanobacteria,2023-09-18 08:35:00.000+10:00,2420,cells/ml,,,,,,,,,,
WULM,Chlorophyll - a,2023-09-18 08:30:00.000+10:00,3,mg/m^3,,,,,,,,,,
WULM,Cyanobacteria Biovolume,2023-09-18 08:30:00.000+10:00,0.065,mm3/l,,,,,,,,,,
WULM,Enterococci,2023-09-18 08:30:00.000+10:00,1,cfu/100ml,,,,,,,,,,
WULM,Microcystis_Biovolume,2023-09-18 08:30:00.000+10:00,0.065,mm3/l,,,,,,,,,,
WULM,Microcystis_Cell count,2023-09-18 08:30:00.000+10:00,2337,cells/ml,,,,,,,,,,
WULM,Potentially Toxic Cyanobacteria,2023-09-18 08:30:00.000+10:00,2340,cells/ml,,,,,,,,,,
WULM,Potentially Toxic Cyanobacteria Biovolume,2023-09-18 08:30:00.000+10:00,0.065,mm3/l,,,,,,,,,,
WULM,Total Cyanobacteria,2023-09-18 08:30:00.000+10:00,2340,cells/ml,,,,,,,,,,
WULW,Chlorophyll - a,2023-09-18 08:25:00.000+10:00,2.2,mg/m^3,,,,,,,,,,
WULW,Cyanobacteria Biovolume,2023-09-18 08:25:00.000+10:00,0.258,mm3/l,,,,,,,,,,
WULW,Enterococci,2023-09-18 08:25:00.000+10:00,1,cfu/100ml,,,,,,,,,,
WULW,Microcystis_Biovolume,2023-09-18 08:25:00.000+10:00,0.258,mm3/l,,,,,,,,,,
WULW,Microcystis_Cell count,2023-09-18 08:25:00.000+10:00,9292,cells/ml,,,,,,,,,,
WULW,Potentially Toxic Cyanobacteria,2023-09-18 08:25:00.000+10:00,9290,cells/ml,,,,,,,,,,
WULW,Potentially Toxic Cyanobacteria Biovolume,2023-09-18 08:25:00.000+10:00,0.258,mm3/l,,,,,,,,,,
WULW,Total Cyanobacteria,2023-09-18 08:25:00.000+10:00,9290,cells/ml,,,,,,,,,,
WULW,Ammonia as N,2023-09-04 12:00:00.000+10:00,0.02,mg/L,0.01,,,,,,,,,
WULM,Ammonia as N,2023-09-04 12:00:00.000+10:00,0.02,mg/L,0.01,,,,,,,,,
WULE,Ammonia as N,2023-09-04 12:00:00.000+10:00,0.07,mg/L,0.01,,,,,,,,,
WULM,Dissolved Reactive Phosphorus as P,2023-09-04 12:00:00.000+10:00,,mg/L,0.01,,,,,,,,,
WULE,Dissolved Reactive Phosphorus as P,2023-09-04 12:00:00.000+10:00,,mg/L,0.01,,,,,,,,,
WULW,Dissolved Reactive Phosphorus as P,2023-09-04 12:00:00.000+10:00,,mg/L,0.01,,,,,,,,,
WULM,Nitrate as N,2023-09-04 12:00:00.000+10:00,,mg/L,0.01,,,,,,,,,
WULW,Nitrate as N,2023-09-04 12:00:00.000+10:00,0.01,mg/L,0.01,,,,,,,,,
WULE,Nitrate as N,2023-09-04 12:00:00.000+10:00,,mg/L,0.01,,,,,,,,,
WULW,Nitrite + Nitrate as N,2023-09-04 12:00:00.000+10:00,0.01,mg/L,0.01,,,,,,,,,
WULM,Nitrite + Nitrate as N,2023-09-04 12:00:00.000+10:00,,mg/L,0.01,,,,,,,,,
WULE,Nitrite + Nitrate as N,2023-09-04 12:00:00.000+10:00,,mg/L,0.01,,,,,,,,,
WULE,Nitrite as N,2023-09-04 12:00:00.000+10:00,,mg/L,0.01,,,,,,,,,
WULW,Nitrite as N,2023-09-04 12:00:00.000+10:00,,mg/L,0.01,,,,,,,,,
WULM,Nitrite as N,2023-09-04 12:00:00.000+10:00,,mg/L,0.01,,,,,,,,,
WULM,Total Kjeldahl Nitrogen as N,2023-09-04 12:00:00.000+10:00,0.6,mg/L,0.1,,,,,,,,,
WULE,Total Kjeldahl Nitrogen as N,2023-09-04 12:00:00.000+10:00,0.4,mg/L,0.1,,,,,,,,,
WULW,Total Kjeldahl Nitrogen as N,2023-09-04 12:00:00.000+10:00,0.4,mg/L,0.1,,,,,,,,,
WULW,Total Nitrogen as N,2023-09-04 12:00:00.000+10:00,0.4,mg/L,0.1,,,,,,,,,
WULE,Total Nitrogen as N,2023-09-04 12:00:00.000+10:00,0.4,mg/L,0.1,,,,,,,,,
WULM,Total Nitrogen as N,2023-09-04 12:00:00.000+10:00,0.6,mg/L,0.1,,,,,,,,,
WULW,Total Phosphorus as P,2023-09-04 12:00:00.000+10:00,0.03,mg/L,0.01,,,,,,,,,
WULM,Total Phosphorus as P,2023-09-04 12:00:00.000+10:00,0.02,mg/L,0.01,,,,,,,,,
WULE,Total Phosphorus as P,2023-09-04 12:00:00.000+10:00,0.02,mg/L,0.01,,,,,,,,,
WULW,Total suspended solids,2023-09-04 12:00:00.000+10:00,,mg/L,5,,,,,,,,,
WULE,Total suspended solids,2023-09-04 12:00:00.000+10:00,,mg/L,5,,,,,,,,,
WULM,Total suspended solids,2023-09-04 12:00:00.000+10:00,,mg/L,5,,,,,,,,,
WULE,Chlorophyll - a,2023-09-04 09:00:00.000+10:00,2.6,mg/m^3,,,,,,,,,,
WULE,Cyanobacteria Biovolume,2023-09-04 09:00:00.000+10:00,0.046,mm3/l,,,,,,,,,,
WULE,Enterococci,2023-09-04 09:00:00.000+10:00,1,cfu/100ml,,,,,,,,,,
WULE,Microcystis_Biovolume,2023-09-04 09:00:00.000+10:00,0.046,mm3/l,,,,,,,,,,
WULE,Microcystis_Cell count,2023-09-04 09:00:00.000+10:00,1659,cells/ml,,,,,,,,,,
WULE,Potentially Toxic Cyanobacteria,2023-09-04 09:00:00.000+10:00,1660,cells/ml,,,,,,,,,,
WULE,Potentially Toxic Cyanobacteria Biovolume,2023-09-04 09:00:00.000+10:00,0.046,mm3/l,,,,,,,,,,
WULE,Total Cyanobacteria,2023-09-04 09:00:00.000+10:00,1660,cells/ml,,,,,,,,,,
WULM,Chlorophyll - a,2023-09-04 08:50:00.000+10:00,3,mg/m^3,,,,,,,,,,
WULM,Coccoid Blue Green Picoplankton_Biovolume,2023-09-04 08:50:00.000+10:00,0,mm3/l,,,,,,,,,,
WULM,Coccoid Blue Green Picoplankton_Cell count,2023-09-04 08:50:00.000+10:00,277,cells/ml,,,,,,,,,,
WULM,Cyanobacteria Biovolume,2023-09-04 08:50:00.000+10:00,0.071,mm3/l,,,,,,,,,,
WULM,Enterococci,2023-09-04 08:50:00.000+10:00,1,cfu/100ml,,,,,,,,,,
WULM,Microcystis wesenbergii_Biovolume,2023-09-04 08:50:00.000+10:00,0.053,mm3/l,,,,,,,,,,
WULM,Microcystis wesenbergii_Cell count,2023-09-04 08:50:00.000+10:00,347,cells/ml,,,,,,,,,,
WULM,Microcystis_Biovolume,2023-09-04 08:50:00.000+10:00,0.018,mm3/l,,,,,,,,,,
WULM,Microcystis_Cell count,2023-09-04 08:50:00.000+10:00,664,cells/ml,,,,,,,,,,
WULM,Potentially Toxic Cyanobacteria,2023-09-04 08:50:00.000+10:00,664,cells/ml,,,,,,,,,,
WULM,Potentially Toxic Cyanobacteria Biovolume,2023-09-04 08:50:00.000+10:00,0.018,mm3/l,,,,,,,,,,
WULM,Total Cyanobacteria,2023-09-04 08:50:00.000+10:00,1290,cells/ml,,,,,,,,,,
WULW,Chlorophyll - a,2023-09-04 08:35:00.000+10:00,3.2,mg/m^3,,,,,,,,,,
WULW,Cyanobacteria Biovolume,2023-09-04 08:35:00.000+10:00,0.416,mm3/l,,,,,,,,,,
WULW,Enterococci,2023-09-04 08:35:00.000+10:00,3,cfu/100ml,,,,,,,,,,
WULW,Microcystis_Biovolume,2023-09-04 08:35:00.000+10:00,0.416,mm3/l,,,,,,,,,,
WULW,Microcystis_Cell count,2023-09-04 08:35:00.000+10:00,14955,cells/ml,,,,,,,,,,
WULW,Potentially Toxic Cyanobacteria,2023-09-04 08:35:00.000+10:00,14960,cells/ml,,,,,,,,,,
WULW,Potentially Toxic Cyanobacteria Biovolume,2023-09-04 08:35:00.000+10:00,0.416,mm3/l,,,,,,,,,,
WULW,Total Cyanobacteria,2023-09-04 08:35:00.000+10:00,14960,cells/ml,,,,,,,,,,
WULW,Ammonia as N,2023-08-01 12:00:00.000+10:00,0.03,mg/L,0.01,,,,,,,,,
WULM,Ammonia as N,2023-08-01 12:00:00.000+10:00,0.16,mg/L,0.01,,,,,,,,,
WULE,Ammonia as N,2023-08-01 12:00:00.000+10:00,0.03,mg/L,0.01,,,,,,,,,
WULM,Dissolved Reactive Phosphorus as P,2023-08-01 12:00:00.000+10:00,,mg/L,0.01,,,,,,,,,
WULE,Dissolved Reactive Phosphorus as P,2023-08-01 12:00:00.000+10:00,,mg/L,0.01,,,,,,,,,
WULW,Dissolved Reactive Phosphorus as P,2023-08-01 12:00:00.000+10:00,,mg/L,0.01,,,,,,,,,
WULE,Nitrate as N,2023-08-01 12:00:00.000+10:00,,mg/L,0.01,,,,,,,,,
WULM,Nitrate as N,2023-08-01 12:00:00.000+10:00,,mg/L,0.01,,,,,,,,,
WULW,Nitrate as N,2023-08-01 12:00:00.000+10:00,,mg/L,0.01,,,,,,,,,
WULW,Nitrite + Nitrate as N,2023-08-01 12:00:00.000+10:00,,mg/L,0.01,,,,,,,,,
WULE,Nitrite + Nitrate as N,2023-08-01 12:00:00.000+10:00,,mg/L,0.01,,,,,,,,,
WULM,Nitrite + Nitrate as N,2023-08-01 12:00:00.000+10:00,,mg/L,0.01,,,,,,,,,
WULW,Nitrite as N,2023-08-01 12:00:00.000+10:00,,mg/L,0.01,,,,,,,,,
WULE,Nitrite as N,2023-08-01 12:00:00.000+10:00,,mg/L,0.01,,,,,,,,,
WULM,Nitrite as N,2023-08-01 12:00:00.000+10:00,,mg/L,0.01,,,,,,,,,
WULM,Total Kjeldahl Nitrogen as N,2023-08-01 12:00:00.000+10:00,0.6,mg/L,0.1,,,,,,,,,
WULW,Total Kjeldahl Nitrogen as N,2023-08-01 12:00:00.000+10:00,0.5,mg/L,0.1,,,,,,,,,
WULE,Total Kjeldahl Nitrogen as N,2023-08-01 12:00:00.000+10:00,0.6,mg/L,0.1,,,,,,,,,
WULM,Total Nitrogen as N,2023-08-01 12:00:00.000+10:00,0.6,mg/L,0.1,,,,,,,,,
WULE,Total Nitrogen as N,2023-08-01 12:00:00.000+10:00,0.6,mg/L,0.1,,,,,,,,,
WULW,Total Nitrogen as N,2023-08-01 12:00:00.000+10:00,0.5,mg/L,0.1,,,,,,,,,
WULM,Total Phosphorus as P,2023-08-01 12:00:00.000+10:00,0.03,mg/L,0.01,,,,,,,,,
WULE,Total Phosphorus as P,2023-08-01 12:00:00.000+10:00,0.02,mg/L,0.01,,,,,,,,,
WULW,Total Phosphorus as P,2023-08-01 12:00:00.000+10:00,0.03,mg/L,0.01,,,,,,,,,
WULM,Total suspended solids,2023-08-01 12:00:00.000+10:00,,mg/L,5,,,,,,,,,
WULW,Total suspended solids,2023-08-01 12:00:00.000+10:00,,mg/L,5,,,,,,,,,
WULE,Total suspended solids,2023-08-01 12:00:00.000+10:00,,mg/L,5,,,,,,,,,
WULE,Chlorophyll - a,2023-08-01 09:00:00.000+10:00,7.7,mg/m^3,,,,,,,,,,
WULE,Coccoid Blue Green Picoplankton_Biovolume,2023-08-01 09:00:00.000+10:00,0.01,mm3/l,,,,,,,,,,
WULE,Coccoid Blue Green Picoplankton_Cell count,2023-08-01 09:00:00.000+10:00,23616,cells/ml,,,,,,,,,,
WULE,Cyanobacteria Biovolume,2023-08-01 09:00:00.000+10:00,0.708,mm3/l,,,,,,,,,,
WULE,Enterococci,2023-08-01 09:00:00.000+10:00,1,cfu/100ml,,,,,,,,,,
WULE,Microcystis_Biovolume,2023-08-01 09:00:00.000+10:00,0.698,mm3/l,,,,,,,,,,
WULE,Microcystis_Cell count,2023-08-01 09:00:00.000+10:00,25096,cells/ml,,,,,,,,,,
WULE,Potentially Toxic Cyanobacteria,2023-08-01 09:00:00.000+10:00,25100,cells/ml,,,,,,,,,,
WULE,Potentially Toxic Cyanobacteria Biovolume,2023-08-01 09:00:00.000+10:00,0.698,mm3/l,,,,,,,,,,
WULE,Total Cyanobacteria,2023-08-01 09:00:00.000+10:00,48710,cells/ml,,,,,,,,,,
WULM,Chlorophyll - a,2023-08-01 08:50:00.000+10:00,7.1,mg/m^3,,,,,,,,,,
WULM,Coccoid Blue Green Picoplankton_Biovolume,2023-08-01 08:50:00.000+10:00,0.003,mm3/l,,,,,,,,,,
WULM,Coccoid Blue Green Picoplankton_Cell count,2023-08-01 08:50:00.000+10:00,7031,cells/ml,,,,,,,,,,
WULM,Cyanobacteria Biovolume,2023-08-01 08:50:00.000+10:00,0.134,mm3/l,,,,,,,,,,
WULM,Enterococci,2023-08-01 08:50:00.000+10:00,1,cfu/100ml,,,,,,,,,,
WULM,Microcystis_Biovolume,2023-08-01 08:50:00.000+10:00,0.115,mm3/l,,,,,,,,,,
WULM,Microcystis_Cell count,2023-08-01 08:50:00.000+10:00,4162,cells/ml,,,,,,,,,,
WULM,Potentially Toxic Cyanobacteria,2023-08-01 08:50:00.000+10:00,4160,cells/ml,,,,,,,,,,
WULM,Potentially Toxic Cyanobacteria Biovolume,2023-08-01 08:50:00.000+10:00,0.115,mm3/l,,,,,,,,,,
WULM,Snowella_Biovolume,2023-08-01 08:50:00.000+10:00,0.016,mm3/l,,,,,,,,,,
WULM,Snowella_Cell count,2023-08-01 08:50:00.000+10:00,2081,cells/ml,,,,,,,,,,
WULM,Total Cyanobacteria,2023-08-01 08:50:00.000+10:00,13270,cells/ml,,,,,,,,,,
WULW,Chlorophyll - a,2023-08-01 08:40:00.000+10:00,6.2,mg/m^3,,,,,,,,,,
WULW,Coccoid Blue Green Picoplankton_Biovolume,2023-08-01 08:40:00.000+10:00,0.004,mm3/l,,,,,,,,,,
WULW,Coccoid Blue Green Picoplankton_Cell count,2023-08-01 08:40:00.000+10:00,10508,cells/ml,,,,,,,,,,
WULW,Cyanobacteria Biovolume,2023-08-01 08:40:00.000+10:00,0.056,mm3/l,,,,,,,,,,
WULW,Enterococci,2023-08-01 08:40:00.000+10:00,1,cfu/100ml,,,,,,,,,,
WULW,Microcystis_Biovolume,2023-08-01 08:40:00.000+10:00,0.015,mm3/l,,,,,,,,,,
WULW,Microcystis_Cell count,2023-08-01 08:40:00.000+10:00,553,cells/ml,,,,,,,,,,
WULW,Potentially Toxic Cyanobacteria,2023-08-01 08:40:00.000+10:00,553,cells/ml,,,,,,,,,,
WULW,Potentially Toxic Cyanobacteria Biovolume,2023-08-01 08:40:00.000+10:00,0.015,mm3/l,,,,,,,,,,
WULW,Snowella_Biovolume,2023-08-01 08:40:00.000+10:00,0.037,mm3/l,,,,,,,,,,
WULW,Snowella_Cell count,2023-08-01 08:40:00.000+10:00,4701,cells/ml,,,,,,,,,,
WULW,Total Cyanobacteria,2023-08-01 08:40:00.000+10:00,15760,cells/ml,,,,,,,,,,
WULE,Ammonia as N,2023-07-03 12:00:00.000+10:00,0.01,mg/L,0.01,,,,,,,,,
WULM,Ammonia as N,2023-07-03 12:00:00.000+10:00,0.03,mg/L,0.01,,,,,,,,,
WULW,Ammonia as N,2023-07-03 12:00:00.000+10:00,0.04,mg/L,0.01,,,,,,,,,
WULE,Dissolved Reactive Phosphorus as P,2023-07-03 12:00:00.000+10:00,,mg/L,0.01,,,,,,,,,
WULW,Dissolved Reactive Phosphorus as P,2023-07-03 12:00:00.000+10:00,,mg/L,0.01,,,,,,,,,
WULM,Dissolved Reactive Phosphorus as P,2023-07-03 12:00:00.000+10:00,,mg/L,0.01,,,,,,,,,
WULW,Nitrate as N,2023-07-03 12:00:00.000+10:00,0.02,mg/L,0.01,,,,,,,,,
WULM,Nitrate as N,2023-07-03 12:00:00.000+10:00,0.02,mg/L,0.01,,,,,,,,,
WULE,Nitrate as N,2023-07-03 12:00:00.000+10:00,0.03,mg/L,0.01,,,,,,,,,
WULM,Nitrite + Nitrate as N,2023-07-03 12:00:00.000+10:00,0.02,mg/L,0.01,,,,,,,,,
WULE,Nitrite + Nitrate as N,2023-07-03 12:00:00.000+10:00,0.03,mg/L,0.01,,,,,,,,,
WULW,Nitrite + Nitrate as N,2023-07-03 12:00:00.000+10:00,0.02,mg/L,0.01,,,,,,,,,
WULW,Nitrite as N,2023-07-03 12:00:00.000+10:00,,mg/L,0.01,,,,,,,,,
WULE,Nitrite as N,2023-07-03 12:00:00.000+10:00,,mg/L,0.01,,,,,,,,,
WULM,Nitrite as N,2023-07-03 12:00:00.000+10:00,,mg/L,0.01,,,,,,,,,
WULE,Total Kjeldahl Nitrogen as N,2023-07-03 12:00:00.000+10:00,0.5,mg/L,0.1,,,,,,,,,
WULM,Total Kjeldahl Nitrogen as N,2023-07-03 12:00:00.000+10:00,0.5,mg/L,0.1,,,,,,,,,
WULW,Total Kjeldahl Nitrogen as N,2023-07-03 12:00:00.000+10:00,0.5,mg/L,0.1,,,,,,,,,
WULW,Total Nitrogen as N,2023-07-03 12:00:00.000+10:00,0.5,mg/L,0.1,,,,,,,,,
WULE,Total Nitrogen as N,2023-07-03 12:00:00.000+10:00,0.5,mg/L,0.1,,,,,,,,,
WULM,Total Nitrogen as N,2023-07-03 12:00:00.000+10:00,0.5,mg/L,0.1,,,,,,,,,
WULW,Total Phosphorus as P,2023-07-03 12:00:00.000+10:00,0.02,mg/L,0.01,,,,,,,,,
WULE,Total Phosphorus as P,2023-07-03 12:00:00.000+10:00,0.02,mg/L,0.01,,,,,,,,,
WULM,Total Phosphorus as P,2023-07-03 12:00:00.000+10:00,0.02,mg/L,0.01,,,,,,,,,
WULM,Total suspended solids,2023-07-03 12:00:00.000+10:00,,mg/L,5,,,,,,,,,
WULW,Total suspended solids,2023-07-03 12:00:00.000+10:00,6,mg/L,5,,,,,,,,,
WULE,Total suspended solids,2023-07-03 12:00:00.000+10:00,6,mg/L,5,,,,,,,,,
WULE,Aphanizomenonaceae_Biovolume,2023-07-03 09:10:00.000+10:00,0.172,mm3/l,,,,,,,,,,
WULE,Aphanizomenonaceae_Cell count,2023-07-03 09:10:00.000+10:00,1659,cells/ml,,,,,,,,,,
WULE,Chlorophyll - a,2023-07-03 09:10:00.000+10:00,10.6,mg/m^3,,,,,,,,,,
WULE,Coccoid Blue Green Picoplankton_Biovolume,2023-07-03 09:10:00.000+10:00,0.01,mm3/l,,,,,,,,,,
WULE,Coccoid Blue Green Picoplankton_Cell count,2023-07-03 09:10:00.000+10:00,24031,cells/ml,,,,,,,,,,
WULE,Cuspidothrix issatschenkoi_Biovolume,2023-07-03 09:10:00.000+10:00,0.013,mm3/l,,,,,,,,,,
WULE,Cuspidothrix issatschenkoi_Cell count,2023-07-03 09:10:00.000+10:00,243,cells/ml,,,,,,,,,,
WULE,Cyanobacteria Biovolume,2023-07-03 09:10:00.000+10:00,0.2,mm3/l,,,,,,,,,,
WULE,Enterococci,2023-07-03 09:10:00.000+10:00,1,cfu/100ml,,,,,,,,,,
WULE,Microcystis_Biovolume,2023-07-03 09:10:00.000+10:00,0.005,mm3/l,,,,,,,,,,
WULE,Microcystis_Cell count,2023-07-03 09:10:00.000+10:00,207,cells/ml,,,,,,,,,,
WULE,Potentially Toxic Cyanobacteria,2023-07-03 09:10:00.000+10:00,1870,cells/ml,,,,,,,,,,
WULE,Potentially Toxic Cyanobacteria Biovolume,2023-07-03 09:10:00.000+10:00,0.177,mm3/l,,,,,,,,,,
WULE,Total Cyanobacteria,2023-07-03 09:10:00.000+10:00,26140,cells/ml,,,,,,,,,,
WULM,Chlorophyll - a,2023-07-03 09:00:00.000+10:00,8.2,mg/m^3,,,,,,,,,,
WULM,Coccoid Blue Green Picoplankton_Biovolume,2023-07-03 09:00:00.000+10:00,0.003,mm3/l,,,,,,,,,,
WULM,Coccoid Blue Green Picoplankton_Cell count,2023-07-03 09:00:00.000+10:00,6844,cells/ml,,,,,,,,,,
WULM,Cyanobacteria Biovolume,2023-07-03 09:00:00.000+10:00,0.034,mm3/l,,,,,,,,,,
WULM,Enterococci,2023-07-03 09:00:00.000+10:00,1,cfu/100ml,,,,,,,,,,
WULM,Microcystis_Biovolume,2023-07-03 09:00:00.000+10:00,0.031,mm3/l,,,,,,,,,,
WULM,Microcystis_Cell count,2023-07-03 09:00:00.000+10:00,1141,cells/ml,,,,,,,,,,
WULM,Potentially Toxic Cyanobacteria,2023-07-03 09:00:00.000+10:00,1140,cells/ml,,,,,,,,,,
WULM,Potentially Toxic Cyanobacteria Biovolume,2023-07-03 09:00:00.000+10:00,0.031,mm3/l,,,,,,,,,,
WULM,Total Cyanobacteria,2023-07-03 09:00:00.000+10:00,7990,cells/ml,,,,,,,,,,
WULW,Chlorophyll - a,2023-07-03 08:50:00.000+10:00,10.4,mg/m^3,,,,,,,,,,
WULW,Coccoid Blue Green Picoplankton_Biovolume,2023-07-03 08:50:00.000+10:00,0.004,mm3/l,,,,,,,,,,
WULW,Coccoid Blue Green Picoplankton_Cell count,2023-07-03 08:50:00.000+10:00,9057,cells/ml,,,,,,,,,,
WULW,Cyanobacteria Biovolume,2023-07-03 08:50:00.000+10:00,0.145,mm3/l,,,,,,,,,,
WULW,Enterococci,2023-07-03 08:50:00.000+10:00,1,cfu/100ml,,,,,,,,,,
WULW,Microcystis_Biovolume,2023-07-03 08:50:00.000+10:00,0.141,mm3/l,,,,,,,,,,
WULW,Microcystis_Cell count,2023-07-03 08:50:00.000+10:00,5081,cells/ml,,,,,,,,,,
WULW,Potentially Toxic Cyanobacteria,2023-07-03 08:50:00.000+10:00,5080,cells/ml,,,,,,,,,,
WULW,Potentially Toxic Cyanobacteria Biovolume,2023-07-03 08:50:00.000+10:00,0.141,mm3/l,,,,,,,,,,
WULW,Total Cyanobacteria,2023-07-03 08:50:00.000+10:00,14140,cells/ml,,,,,,,,,,
WULE,Ammonia as N,2023-06-05 12:00:00.000+10:00,,mg/L,0.01,,,,,,,,,
WULM,Ammonia as N,2023-06-05 12:00:00.000+10:00,0.02,mg/L,0.01,,,,,,,,,
WULW,Ammonia as N,2023-06-05 12:00:00.000+10:00,0.03,mg/L,0.01,,,,,,,,,
WULM,Dissolved Reactive Phosphorus as P,2023-06-05 12:00:00.000+10:00,,mg/L,0.01,,,,,,,,,
WULE,Dissolved Reactive Phosphorus as P,2023-06-05 12:00:00.000+10:00,,mg/L,0.01,,,,,,,,,
WULW,Dissolved Reactive Phosphorus as P,2023-06-05 12:00:00.000+10:00,,mg/L,0.01,,,,,,,,,
WULM,Nitrate as N,2023-06-05 12:00:00.000+10:00,,mg/L,0.01,,,,,,,,,
WULW,Nitrate as N,2023-06-05 12:00:00.000+10:00,,mg/L,0.01,,,,,,,,,
WULE,Nitrate as N,2023-06-05 12:00:00.000+10:00,,mg/L,0.01,,,,,,,,,
WULM,Nitrite + Nitrate as N,2023-06-05 12:00:00.000+10:00,,mg/L,0.01,,,,,,,,,
WULE,Nitrite + Nitrate as N,2023-06-05 12:00:00.000+10:00,,mg/L,0.01,,,,,,,,,
WULW,Nitrite + Nitrate as N,2023-06-05 12:00:00.000+10:00,,mg/L,0.01,,,,,,,,,
WULE,Nitrite as N,2023-06-05 12:00:00.000+10:00,,mg/L,0.01,,,,,,,,,
WULW,Nitrite as N,2023-06-05 12:00:00.000+10:00,,mg/L,0.01,,,,,,,,,
WULM,Nitrite as N,2023-06-05 12:00:00.000+10:00,,mg/L,0.01,,,,,,,,,
WULW,Total Kjeldahl Nitrogen as N,2023-06-05 12:00:00.000+10:00,0.4,mg/L,0.1,,,,,,,,,
WULM,Total Kjeldahl Nitrogen as N,2023-06-05 12:00:00.000+10:00,0.5,mg/L,0.1,,,,,,,,,
WULE,Total Kjeldahl Nitrogen as N,2023-06-05 12:00:00.000+10:00,0.8,mg/L,0.1,,,,,,,,,
WULW,Total Nitrogen as N,2023-06-05 12:00:00.000+10:00,0.4,mg/L,0.1,,,,,,,,,
WULE,Total Nitrogen as N,2023-06-05 12:00:00.000+10:00,0.8,mg/L,0.1,,,,,,,,,
WULM,Total Nitrogen as N,2023-06-05 12:00:00.000+10:00,0.5,mg/L,0.1,,,,,,,,,
WULM,Total Phosphorus as P,2023-06-05 12:00:00.000+10:00,0.04,mg/L,0.01,,,,,,,,,
WULE,Total Phosphorus as P,2023-06-05 12:00:00.000+10:00,0.13,mg/L,0.01,,,,,,,,,
WULW,Total Phosphorus as P,2023-06-05 12:00:00.000+10:00,0.03,mg/L,0.01,,,,,,,,,
WULE,Total suspended solids,2023-06-05 12:00:00.000+10:00,6,mg/L,5,,,,,,,,,
WULW,Total suspended solids,2023-06-05 12:00:00.000+10:00,,mg/L,5,,,,,,,,,
WULM,Total suspended solids,2023-06-05 12:00:00.000+10:00,,mg/L,5,,,,,,,,,
WULE,Chlorophyll - a,2023-06-05 08:55:00.000+10:00,14.6,mg/m^3,,,,,,,,,,
WULE,Coccoid Blue Green Picoplankton_Biovolume,2023-06-05 08:55:00.000+10:00,0.002,mm3/l,,,,,,,,,,
WULE,Coccoid Blue Green Picoplankton_Cell count,2023-06-05 08:55:00.000+10:00,4895,cells/ml,,,,,,,,,,
WULE,Cuspidothrix issatschenkoi_Biovolume,2023-06-05 08:55:00.000+10:00,0.171,mm3/l,,,,,,,,,,
WULE,Cuspidothrix issatschenkoi_Cell count,2023-06-05 08:55:00.000+10:00,3157,cells/ml,,,,,,,,,,
WULE,Cyanobacteria Biovolume,2023-06-05 08:55:00.000+10:00,0.197,mm3/l,,,,,,,,,,
WULE,Enterococci,2023-06-05 08:55:00.000+10:00,2,cfu/100ml,,,,,,,,,,
WULE,Microcystis_Biovolume,2023-06-05 08:55:00.000+10:00,0.024,mm3/l,,,,,,,,,,
WULE,Microcystis_Cell count,2023-06-05 08:55:00.000+10:00,871,cells/ml,,,,,,,,,,
WULE,Potentially Toxic Cyanobacteria,2023-06-05 08:55:00.000+10:00,871,cells/ml,,,,,,,,,,
WULE,Potentially Toxic Cyanobacteria Biovolume,2023-06-05 08:55:00.000+10:00,0.024,mm3/l,,,,,,,,,,
WULE,Total Cyanobacteria,2023-06-05 08:55:00.000+10:00,8920,cells/ml,,,,,,,,,,
WULM,Chlorophyll - a,2023-06-05 08:50:00.000+10:00,14,mg/m^3,,,,,,,,,,
WULM,Coccoid Blue Green Picoplankton_Biovolume,2023-06-05 08:50:00.000+10:00,0,mm3/l,,,,,,,,,,
WULM,Coccoid Blue Green Picoplankton_Cell count,2023-06-05 08:50:00.000+10:00,1521,cells/ml,,,,,,,,,,
WULM,Cuspidothrix issatschenkoi_Biovolume,2023-06-05 08:50:00.000+10:00,0.266,mm3/l,,,,,,,,,,
WULM,Cuspidothrix issatschenkoi_Cell count,2023-06-05 08:50:00.000+10:00,4915,cells/ml,,,,,,,,,,
WULM,Cyanobacteria Biovolume,2023-06-05 08:50:00.000+10:00,0.284,mm3/l,,,,,,,,,,
WULM,Enterococci,2023-06-05 08:50:00.000+10:00,2,cfu/100ml,,,,,,,,,,
WULM,Microcystis_Biovolume,2023-06-05 08:50:00.000+10:00,0.018,mm3/l,,,,,,,,,,
WULM,Microcystis_Cell count,2023-06-05 08:50:00.000+10:00,664,cells/ml,,,,,,,,,,
WULM,Potentially Toxic Cyanobacteria,2023-06-05 08:50:00.000+10:00,664,cells/ml,,,,,,,,,,
WULM,Potentially Toxic Cyanobacteria Biovolume,2023-06-05 08:50:00.000+10:00,0.018,mm3/l,,,,,,,,,,
WULM,Total Cyanobacteria,2023-06-05 08:50:00.000+10:00,7100,cells/ml,,,,,,,,,,
WULW,Chlorophyll - a,2023-06-05 08:40:00.000+10:00,16.7,mg/m^3,,,,,,,,,,
WULW,Coccoid Blue Green Picoplankton_Biovolume,2023-06-05 08:40:00.000+10:00,0,mm3/l,,,,,,,,,,
WULW,Coccoid Blue Green Picoplankton_Cell count,2023-06-05 08:40:00.000+10:00,1880,cells/ml,,,,,,,,,,
WULW,Cuspidothrix issatschenkoi_Biovolume,2023-06-05 08:40:00.000+10:00,0.043,mm3/l,,,,,,,,,,
WULW,Cuspidothrix issatschenkoi_Cell count,2023-06-05 08:40:00.000+10:00,796,cells/ml,,,,,,,,,,
WULW,Cyanobacteria Biovolume,2023-06-05 08:40:00.000+10:00,0.064,mm3/l,,,,,,,,,,
WULW,Enterococci,2023-06-05 08:40:00.000+10:00,3,cfu/100ml,,,,,,,,,,
WULW,Microcystis_Biovolume,2023-06-05 08:40:00.000+10:00,0.021,mm3/l,,,,,,,,,,
WULW,Microcystis_Cell count,2023-06-05 08:40:00.000+10:00,760,cells/ml,,,,,,,,,,
WULW,Potentially Toxic Cyanobacteria,2023-06-05 08:40:00.000+10:00,760,cells/ml,,,,,,,,,,
WULW,Potentially Toxic Cyanobacteria Biovolume,2023-06-05 08:40:00.000+10:00,0.021,mm3/l,,,,,,,,,,
WULW,Total Cyanobacteria,2023-06-05 08:40:00.000+10:00,3440,cells/ml,,,,,,,,,,
WULW,Ammonia as N,2023-05-03 12:00:00.000+10:00,0.02,mg/L,0.01,,,,,,,,,
WULM,Ammonia as N,2023-05-03 12:00:00.000+10:00,0.04,mg/L,0.01,,,,,,,,,
WULE,Ammonia as N,2023-05-03 12:00:00.000+10:00,0.02,mg/L,0.01,,,,,,,,,
WULM,Aphanizomenonaceae_Biovolume,2023-05-03 12:00:00.000+10:00,0.028,mm3/l,,,,,,,,,,
WULM,Aphanizomenonaceae_Cell count,2023-05-03 12:00:00.000+10:00,278,cells/ml,,,,,,,,,,
WULW,Blue green colonial alga_Biovolume,2023-05-03 12:00:00.000+10:00,0.07,mm3/l,,,,,,,,,,
WULM,Blue green colonial alga_Biovolume,2023-05-03 12:00:00.000+10:00,0.009,mm3/l,,,,,,,,,,
WULE,Blue green colonial alga_Biovolume,2023-05-03 12:00:00.000+10:00,0.074,mm3/l,,,,,,,,,,
WULE,Blue green colonial alga_Cell count,2023-05-03 12:00:00.000+10:00,16924,cells/ml,,,,,,,,,,
WULW,Blue green colonial alga_Cell count,2023-05-03 12:00:00.000+10:00,15901,cells/ml,,,,,,,,,,
WULM,Blue green colonial alga_Cell count,2023-05-03 12:00:00.000+10:00,2154,cells/ml,,,,,,,,,,
WULE,Chlorophyll - a,2023-05-03 12:00:00.000+10:00,24.3,mg/m^3,,,,,,,,,,
WULW,Chlorophyll - a,2023-05-03 12:00:00.000+10:00,24.4,mg/m^3,,,,,,,,,,
WULM,Chlorophyll - a,2023-05-03 12:00:00.000+10:00,22.4,mg/m^3,,,,,,,,,,
WULM,Coccoid Blue Green Picoplankton_Biovolume,2023-05-03 12:00:00.000+10:00,0.018,mm3/l,,,,,,,,,,
WULW,Coccoid Blue Green Picoplankton_Biovolume,2023-05-03 12:00:00.000+10:00,0.02,mm3/l,,,,,,,,,,
WULE,Coccoid Blue Green Picoplankton_Biovolume,2023-05-03 12:00:00.000+10:00,0.01,mm3/l,,,,,,,,,,
WULE,Coccoid Blue Green Picoplankton_Cell count,2023-05-03 12:00:00.000+10:00,23243,cells/ml,,,,,,,,,,
WULW,Coccoid Blue Green Picoplankton_Cell count,2023-05-03 12:00:00.000+10:00,46313,cells/ml,,,,,,,,,,
WULM,Coccoid Blue Green Picoplankton_Cell count,2023-05-03 12:00:00.000+10:00,41978,cells/ml,,,,,,,,,,
WULM,Cyanobacteria Biovolume,2023-05-03 12:00:00.000+10:00,0.072,mm3/l,,,,,,,,,,
WULE,Cyanobacteria Biovolume,2023-05-03 12:00:00.000+10:00,0.11,mm3/l,,,,,,,,,,
WULW,Cyanobacteria Biovolume,2023-05-03 12:00:00.000+10:00,0.141,mm3/l,,,,,,,,,,
WULW,Dissolved Reactive Phosphorus as P,2023-05-03 12:00:00.000+10:00,,mg/L,0.01,,,,,,,,,
WULM,Dissolved Reactive Phosphorus as P,2023-05-03 12:00:00.000+10:00,,mg/L,0.01,,,,,,,,,
WULE,Dissolved Reactive Phosphorus as P,2023-05-03 12:00:00.000+10:00,,mg/L,0.01,,,,,,,,,
WULM,Enterococci,2023-05-03 12:00:00.000+10:00,1,cfu/100ml,,,,,,,,,,
WULW,Enterococci,2023-05-03 12:00:00.000+10:00,2,cfu/100ml,,,,,,,,,,
WULE,Enterococci,2023-05-03 12:00:00.000+10:00,1,cfu/100ml,,,,,,,,,,
WULW,Merismopedia_Biovolume,2023-05-03 12:00:00.000+10:00,0.002,mm3/l,,,,,,,,,,
WULM,Merismopedia_Biovolume,2023-05-03 12:00:00.000+10:00,0.002,mm3/l,,,,,,,,,,
WULW,Merismopedia_Cell count,2023-05-03 12:00:00.000+10:00,277,cells/ml,,,,,,,,,,
WULM,Merismopedia_Cell count,2023-05-03 12:00:00.000+10:00,277,cells/ml,,,,,,,,,,
WULE,Microcystis_Biovolume,2023-05-03 12:00:00.000+10:00,0.022,mm3/l,,,,,,,,,,
WULM,Microcystis_Biovolume,2023-05-03 12:00:00.000+10:00,0.009,mm3/l,,,,,,,,,,
WULW,Microcystis_Biovolume,2023-05-03 12:00:00.000+10:00,0.005,mm3/l,,,,,,,,,,
WULW,Microcystis_Cell count,2023-05-03 12:00:00.000+10:00,207,cells/ml,,,,,,,,,,
WULE,Microcystis_Cell count,2023-05-03 12:00:00.000+10:00,809,cells/ml,,,,,,,,,,
WULM,Microcystis_Cell count,2023-05-03 12:00:00.000+10:00,353,cells/ml,,,,,,,,,,
WULM,Nitrate as N,2023-05-03 12:00:00.000+10:00,,mg/L,0.01,,,,,,,,,
WULW,Nitrate as N,2023-05-03 12:00:00.000+10:00,,mg/L,0.01,,,,,,,,,
WULE,Nitrate as N,2023-05-03 12:00:00.000+10:00,,mg/L,0.01,,,,,,,,,
WULW,Nitrite + Nitrate as N,2023-05-03 12:00:00.000+10:00,,mg/L,0.01,,,,,,,,,
WULM,Nitrite + Nitrate as N,2023-05-03 12:00:00.000+10:00,,mg/L,0.01,,,,,,,,,
WULE,Nitrite + Nitrate as N,2023-05-03 12:00:00.000+10:00,,mg/L,0.01,,,,,,,,,
WULM,Nitrite as N,2023-05-03 12:00:00.000+10:00,,mg/L,0.01,,,,,,,,,
WULE,Nitrite as N,2023-05-03 12:00:00.000+10:00,,mg/L,0.01,,,,,,,,,
WULW,Nitrite as N,2023-05-03 12:00:00.000+10:00,,mg/L,0.01,,,,,,,,,
WULM,Potentially Toxic Cyanobacteria,2023-05-03 12:00:00.000+10:00,631,cells/ml,,,,,,,,,,
WULE,Potentially Toxic Cyanobacteria,2023-05-03 12:00:00.000+10:00,809,cells/ml,,,,,,,,,,
WULW,Potentially Toxic Cyanobacteria,2023-05-03 12:00:00.000+10:00,207,cells/ml,,,,,,,,,,
WULE,Potentially Toxic Cyanobacteria Biovolume,2023-05-03 12:00:00.000+10:00,0.022,mm3/l,,,,,,,,,,
WULM,Potentially Toxic Cyanobacteria Biovolume,2023-05-03 12:00:00.000+10:00,0.037,mm3/l,,,,,,,,,,
WULW,Potentially Toxic Cyanobacteria Biovolume,2023-05-03 12:00:00.000+10:00,0.005,mm3/l,,,,,,,,,,
WULE,Pseudanabaena_Biovolume,2023-05-03 12:00:00.000+10:00,0.001,mm3/l,,,,,,,,,,
WULM,Pseudanabaena_Biovolume,2023-05-03 12:00:00.000+10:00,0.005,mm3/l,,,,,,,,,,
WULM,Pseudanabaena_Cell count,2023-05-03 12:00:00.000+10:00,553,cells/ml,,,,,,,,,,
WULE,Pseudanabaena_Cell count,2023-05-03 12:00:00.000+10:00,139,cells/ml,,,,,,,,,,
WULM,Synechococcus cf_Biovolume,2023-05-03 12:00:00.000+10:00,0.001,mm3/l,,,,,,,,,,
WULE,Synechococcus cf_Biovolume,2023-05-03 12:00:00.000+10:00,0.003,mm3/l,,,,,,,,,,
WULW,Synechococcus cf_Biovolume,2023-05-03 12:00:00.000+10:00,0.004,mm3/l,,,,,,,,,,
WULW,Synechococcus cf_Cell count,2023-05-03 12:00:00.000+10:00,705,cells/ml,,,,,,,,,,
WULE,Synechococcus cf_Cell count,2023-05-03 12:00:00.000+10:00,484,cells/ml,,,,,,,,,,
WULM,Synechococcus cf_Cell count,2023-05-03 12:00:00.000+10:00,207,cells/ml,,,,,,,,,,
WULE,Total Cyanobacteria,2023-05-03 12:00:00.000+10:00,41600,cells/ml,,,,,,,,,,
WULW,Total Cyanobacteria,2023-05-03 12:00:00.000+10:00,65620,cells/ml,,,,,,,,,,
WULM,Total Cyanobacteria,2023-05-03 12:00:00.000+10:00,45800,cells/ml,,,,,,,,,,
WULM,Total Kjeldahl Nitrogen as N,2023-05-03 12:00:00.000+10:00,0.4,mg/L,0.1,,,,,,,,,
WULW,Total Kjeldahl Nitrogen as N,2023-05-03 12:00:00.000+10:00,0.4,mg/L,0.1,,,,,,,,,
WULE,Total Kjeldahl Nitrogen as N,2023-05-03 12:00:00.000+10:00,0.5,mg/L,0.1,,,,,,,,,
WULM,Total Nitrogen as N,2023-05-03 12:00:00.000+10:00,0.4,mg/L,0.1,,,,,,,,,
WULW,Total Nitrogen as N,2023-05-03 12:00:00.000+10:00,0.4,mg/L,0.1,,,,,,,,,
WULE,Total Nitrogen as N,2023-05-03 12:00:00.000+10:00,0.5,mg/L,0.1,,,,,,,,,
WULW,Total Phosphorus as P,2023-05-03 12:00:00.000+10:00,0.03,mg/L,0.01,,,,,,,,,
WULM,Total Phosphorus as P,2023-05-03 12:00:00.000+10:00,0.03,mg/L,0.01,,,,,,,,,
WULE,Total Phosphorus as P,2023-05-03 12:00:00.000+10:00,0.03,mg/L,0.01,,,,,,,,,
WULE,Total suspended solids,2023-05-03 12:00:00.000+10:00,6,mg/L,5,,,,,,,,,
WULM,Total suspended solids,2023-05-03 12:00:00.000+10:00,,mg/L,5,,,,,,,,,
WULW,Total suspended solids,2023-05-03 12:00:00.000+10:00,,mg/L,5,,,,,,,,,
WULW,Woronichinia_Biovolume,2023-05-03 12:00:00.000+10:00,0.04,mm3/l,,,,,,,,,,
WULW,Woronichinia_Cell count,2023-05-03 12:00:00.000+10:00,2219,cells/ml,,,,,,,,,,
WULW,Ammonia as N,2023-04-17 12:00:00.000+10:00,0.03,mg/L,0.01,,,,,,,,,
WULM,Ammonia as N,2023-04-17 12:00:00.000+10:00,0.02,mg/L,0.01,,,,,,,,,
WULE,Ammonia as N,2023-04-17 12:00:00.000+10:00,0.02,mg/L,0.01,,,,,,,,,
WULE,Dissolved Reactive Phosphorus as P,2023-04-17 12:00:00.000+10:00,,mg/L,0.01,,,,,,,,,
WULM,Dissolved Reactive Phosphorus as P,2023-04-17 12:00:00.000+10:00,,mg/L,0.01,,,,,,,,,
WULW,Dissolved Reactive Phosphorus as P,2023-04-17 12:00:00.000+10:00,,mg/L,0.01,,,,,,,,,
WULW,Nitrate as N,2023-04-17 12:00:00.000+10:00,,mg/L,0.01,,,,,,,,,
WULE,Nitrate as N,2023-04-17 12:00:00.000+10:00,,mg/L,0.01,,,,,,,,,
WULM,Nitrate as N,2023-04-17 12:00:00.000+10:00,,mg/L,0.01,,,,,,,,,
WULW,Nitrite + Nitrate as N,2023-04-17 12:00:00.000+10:00,,mg/L,0.01,,,,,,,,,
WULE,Nitrite + Nitrate as N,2023-04-17 12:00:00.000+10:00,,mg/L,0.01,,,,,,,,,
WULM,Nitrite + Nitrate as N,2023-04-17 12:00:00.000+10:00,,mg/L,0.01,,,,,,,,,
WULE,Nitrite as N,2023-04-17 12:00:00.000+10:00,,mg/L,0.01,,,,,,,,,
WULW,Nitrite as N,2023-04-17 12:00:00.000+10:00,,mg/L,0.01,,,,,,,,,
WULM,Nitrite as N,2023-04-17 12:00:00.000+10:00,,mg/L,0.01,,,,,,,,,
WULE,Total Kjeldahl Nitrogen as N,2023-04-17 12:00:00.000+10:00,0.6,mg/L,0.1,,,,,,,,,
WULW,Total Kjeldahl Nitrogen as N,2023-04-17 12:00:00.000+10:00,0.5,mg/L,0.1,,,,,,,,,
WULM,Total Kjeldahl Nitrogen as N,2023-04-17 12:00:00.000+10:00,0.6,mg/L,0.1,,,,,,,,,
WULM,Total Nitrogen as N,2023-04-17 12:00:00.000+10:00,0.6,mg/L,0.1,,,,,,,,,
WULW,Total Nitrogen as N,2023-04-17 12:00:00.000+10:00,0.5,mg/L,0.1,,,,,,,,,
WULE,Total Nitrogen as N,2023-04-17 12:00:00.000+10:00,0.6,mg/L,0.1,,,,,,,,,
WULE,Total Phosphorus as P,2023-04-17 12:00:00.000+10:00,0.02,mg/L,0.01,,,,,,,,,
WULW,Total Phosphorus as P,2023-04-17 12:00:00.000+10:00,0.03,mg/L,0.01,,,,,,,,,
WULM,Total Phosphorus as P,2023-04-17 12:00:00.000+10:00,0.05,mg/L,0.01,,,,,,,,,
WULE,Total suspended solids,2023-04-17 12:00:00.000+10:00,,mg/L,5,,,,,,,,,
WULW,Total suspended solids,2023-04-17 12:00:00.000+10:00,7,mg/L,5,,,,,,,,,
WULM,Total suspended solids,2023-04-17 12:00:00.000+10:00,8,mg/L,5,,,,,,,,,
WULE,Blue green colonial alga_Biovolume,2023-04-17 08:25:00.000+10:00,0.073,mm3/l,,,,,,,,,,
WULE,Blue green colonial alga_Cell count,2023-04-17 08:25:00.000+10:00,16730,cells/ml,,,,,,,,,,
WULE,Chlorophyll - a,2023-04-17 08:25:00.000+10:00,10.1,mg/m^3,,,,,,,,,,
WULE,Coccoid Blue Green Picoplankton_Biovolume,2023-04-17 08:25:00.000+10:00,0.057,mm3/l,,,,,,,,,,
WULE,Coccoid Blue Green Picoplankton_Cell count,2023-04-17 08:25:00.000+10:00,128105,cells/ml,,,,,,,,,,
WULE,Cyanobacteria Biovolume,2023-04-17 08:25:00.000+10:00,0.313,mm3/l,,,,,,,,,,
WULE,Enterococci,2023-04-17 08:25:00.000+10:00,1,cfu/100ml,,,,,,,,,,
WULE,Microcystis_Biovolume,2023-04-17 08:25:00.000+10:00,0.02,mm3/l,,,,,,,,,,
WULE,Microcystis_Cell count,2023-04-17 08:25:00.000+10:00,747,cells/ml,,,,,,,,,,
WULE,Potentially Toxic Cyanobacteria,2023-04-17 08:25:00.000+10:00,747,cells/ml,,,,,,,,,,
WULE,Potentially Toxic Cyanobacteria Biovolume,2023-04-17 08:25:00.000+10:00,0.02,mm3/l,,,,,,,,,,
WULE,Total Cyanobacteria,2023-04-17 08:25:00.000+10:00,154600,cells/ml,,,,,,,,,,
WULE,Woronichinia_Biovolume,2023-04-17 08:25:00.000+10:00,0.163,mm3/l,,,,,,,,,,
WULE,Woronichinia_Cell count,2023-04-17 08:25:00.000+10:00,9001,cells/ml,,,,,,,,,,
WULM,Aphanizomenonaceae_Biovolume,2023-04-17 08:15:00.000+10:00,0.028,mm3/l,,,,,,,,,,
WULM,Aphanizomenonaceae_Cell count,2023-04-17 08:15:00.000+10:00,277,cells/ml,,,,,,,,,,
WULM,Blue green colonial alga_Biovolume,2023-04-17 08:15:00.000+10:00,0.151,mm3/l,,,,,,,,,,
WULM,Blue green colonial alga_Cell count,2023-04-17 08:15:00.000+10:00,34327,cells/ml,,,,,,,,,,
WULM,Chlorophyll - a,2023-04-17 08:15:00.000+10:00,25.5,mg/m^3,,,,,,,,,,
WULM,Coccoid Blue Green Picoplankton_Biovolume,2023-04-17 08:15:00.000+10:00,0.038,mm3/l,,,,,,,,,,
WULM,Coccoid Blue Green Picoplankton_Cell count,2023-04-17 08:15:00.000+10:00,86279,cells/ml,,,,,,,,,,
WULM,Cyanobacteria Biovolume,2023-04-17 08:15:00.000+10:00,0.299,mm3/l,,,,,,,,,,
WULM,Enterococci,2023-04-17 08:15:00.000+10:00,6,cfu/100ml,,,,,,,,,,
WULM,Microcystis_Biovolume,2023-04-17 08:15:00.000+10:00,0.007,mm3/l,,,,,,,,,,
WULM,Microcystis_Cell count,2023-04-17 08:15:00.000+10:00,277,cells/ml,,,,,,,,,,
WULM,Potentially Toxic Cyanobacteria,2023-04-17 08:15:00.000+10:00,554,cells/ml,,,,,,,,,,
WULM,Potentially Toxic Cyanobacteria Biovolume,2023-04-17 08:15:00.000+10:00,0.035,mm3/l,,,,,,,,,,
WULM,Pseudanabaena galeata_Biovolume,2023-04-17 08:15:00.000+10:00,0.011,mm3/l,,,,,,,,,,
WULM,Pseudanabaena galeata_Cell count,2023-04-17 08:15:00.000+10:00,382,cells/ml,,,,,,,,,,
WULM,Pseudanabaena_Biovolume,2023-04-17 08:15:00.000+10:00,0.001,mm3/l,,,,,,,,,,
WULM,Pseudanabaena_Cell count,2023-04-17 08:15:00.000+10:00,139,cells/ml,,,,,,,,,,
WULM,Total Cyanobacteria,2023-04-17 08:15:00.000+10:00,125200,cells/ml,,,,,,,,,,
WULM,Woronichinia_Biovolume,2023-04-17 08:15:00.000+10:00,0.063,mm3/l,,,,,,,,,,
WULM,Woronichinia_Cell count,2023-04-17 08:15:00.000+10:00,3503,cells/ml,,,,,,,,,,
WULW,Blue green colonial alga_Biovolume,2023-04-17 08:10:00.000+10:00,0.039,mm3/l,,,,,,,,,,
WULW,Blue green colonial alga_Cell count,2023-04-17 08:10:00.000+10:00,8941,cells/ml,,,,,,,,,,
WULW,Chlorophyll - a,2023-04-17 08:10:00.000+10:00,12.2,mg/m^3,,,,,,,,,,
WULW,Coccoid Blue Green Picoplankton_Biovolume,2023-04-17 08:10:00.000+10:00,0.045,mm3/l,,,,,,,,,,
WULW,Coccoid Blue Green Picoplankton_Cell count,2023-04-17 08:10:00.000+10:00,101498,cells/ml,,,,,,,,,,
WULW,Cuspidothrix issatschenkoi_Biovolume,2023-04-17 08:10:00.000+10:00,0.054,mm3/l,,,,,,,,,,
WULW,Cuspidothrix issatschenkoi_Cell count,2023-04-17 08:10:00.000+10:00,1006,cells/ml,,,,,,,,,,
WULW,Cyanobacteria Biovolume,2023-04-17 08:10:00.000+10:00,0.598,mm3/l,,,,,,,,,,
WULW,Enterococci,2023-04-17 08:10:00.000+10:00,10,cfu/100ml,,,,,,,,,,
WULW,Microcystis_Biovolume,2023-04-17 08:10:00.000+10:00,0.005,mm3/l,,,,,,,,,,
WULW,Microcystis_Cell count,2023-04-17 08:10:00.000+10:00,207,cells/ml,,,,,,,,,,
WULW,Potentially Toxic Cyanobacteria,2023-04-17 08:10:00.000+10:00,207,cells/ml,,,,,,,,,,
WULW,Potentially Toxic Cyanobacteria Biovolume,2023-04-17 08:10:00.000+10:00,0.005,mm3/l,,,,,,,,,,
WULW,Total Cyanobacteria,2023-04-17 08:10:00.000+10:00,136800,cells/ml,,,,,,,,,,
WULW,Woronichinia_Biovolume,2023-04-17 08:10:00.000+10:00,0.455,mm3/l,,,,,,,,,,
WULW,Woronichinia_Cell count,2023-04-17 08:10:00.000+10:00,25119,cells/ml,,,,,,,,,,
WULW,Ammonia as N,2023-04-03 12:00:00.000+10:00,0.08,mg/L,0.01,,,,,,,,,
WULM,Ammonia as N,2023-04-03 12:00:00.000+10:00,0.03,mg/L,0.01,,,,,,,,,
WULE,Ammonia as N,2023-04-03 12:00:00.000+10:00,0.02,mg/L,0.01,,,,,,,,,
WULE,Dissolved Reactive Phosphorus as P,2023-04-03 12:00:00.000+10:00,,mg/L,0.01,,,,,,,,,
WULM,Dissolved Reactive Phosphorus as P,2023-04-03 12:00:00.000+10:00,,mg/L,0.01,,,,,,,,,
WULW,Dissolved Reactive Phosphorus as P,2023-04-03 12:00:00.000+10:00,,mg/L,0.01,,,,,,,,,
WULW,Nitrate as N,2023-04-03 12:00:00.000+10:00,,mg/L,0.01,,,,,,,,,
WULM,Nitrate as N,2023-04-03 12:00:00.000+10:00,,mg/L,0.01,,,,,,,,,
WULE,Nitrate as N,2023-04-03 12:00:00.000+10:00,,mg/L,0.01,,,,,,,,,
WULW,Nitrite + Nitrate as N,2023-04-03 12:00:00.000+10:00,,mg/L,0.01,,,,,,,,,
WULM,Nitrite + Nitrate as N,2023-04-03 12:00:00.000+10:00,,mg/L,0.01,,,,,,,,,
WULE,Nitrite + Nitrate as N,2023-04-03 12:00:00.000+10:00,,mg/L,0.01,,,,,,,,,
WULE,Nitrite as N,2023-04-03 12:00:00.000+10:00,,mg/L,0.01,,,,,,,,,
WULW,Nitrite as N,2023-04-03 12:00:00.000+10:00,,mg/L,0.01,,,,,,,,,
WULM,Nitrite as N,2023-04-03 12:00:00.000+10:00,,mg/L,0.01,,,,,,,,,
WULE,Total Kjeldahl Nitrogen as N,2023-04-03 12:00:00.000+10:00,0.7,mg/L,0.1,,,,,,,,,
WULM,Total Kjeldahl Nitrogen as N,2023-04-03 12:00:00.000+10:00,0.7,mg/L,0.1,,,,,,,,,
WULW,Total Kjeldahl Nitrogen as N,2023-04-03 12:00:00.000+10:00,0.6,mg/L,0.1,,,,,,,,,
WULW,Total Nitrogen as N,2023-04-03 12:00:00.000+10:00,0.6,mg/L,0.1,,,,,,,,,
WULM,Total Nitrogen as N,2023-04-03 12:00:00.000+10:00,0.7,mg/L,0.1,,,,,,,,,
WULE,Total Nitrogen as N,2023-04-03 12:00:00.000+10:00,0.7,mg/L,0.1,,,,,,,,,
WULE,Total Phosphorus as P,2023-04-03 12:00:00.000+10:00,0.05,mg/L,0.01,,,,,,,,,
WULW,Total Phosphorus as P,2023-04-03 12:00:00.000+10:00,0.04,mg/L,0.01,,,,,,,,,
WULM,Total Phosphorus as P,2023-04-03 12:00:00.000+10:00,0.04,mg/L,0.01,,,,,,,,,
WULE,Total suspended solids,2023-04-03 12:00:00.000+10:00,9,mg/L,5,,,,,,,,,
WULW,Total suspended solids,2023-04-03 12:00:00.000+10:00,9,mg/L,5,,,,,,,,,
WULM,Total suspended solids,2023-04-03 12:00:00.000+10:00,,mg/L,5,,,,,,,,,
WULE,Blue green colonial alga_Biovolume,2023-04-03 08:40:00.000+10:00,0.027,mm3/l,,,,,,,,,,
WULE,Blue green colonial alga_Cell count,2023-04-03 08:40:00.000+10:00,6305,cells/ml,,,,,,,,,,
WULE,Chlorophyll - a,2023-04-03 08:40:00.000+10:00,15.8,mg/m^3,,,,,,,,,,
WULE,Coccoid Blue Green Picoplankton_Biovolume,2023-04-03 08:40:00.000+10:00,0.006,mm3/l,,,,,,,,,,
WULE,Coccoid Blue Green Picoplankton_Cell count,2023-04-03 08:40:00.000+10:00,13440,cells/ml,,,,,,,,,,
WULE,Cuspidothrix issatschenkoi_Biovolume,2023-04-03 08:40:00.000+10:00,0.016,mm3/l,,,,,,,,,,
WULE,Cuspidothrix issatschenkoi_Cell count,2023-04-03 08:40:00.000+10:00,312,cells/ml,,,,,,,,,,
WULE,Cyanobacteria Biovolume,2023-04-03 08:40:00.000+10:00,0.112,mm3/l,,,,,,,,,,
WULE,Enterococci,2023-04-03 08:40:00.000+10:00,3,cfu/100ml,,,,,,,,,,
WULE,Microcystis_Biovolume,2023-04-03 08:40:00.000+10:00,0.013,mm3/l,,,,,,,,,,
WULE,Microcystis_Cell count,2023-04-03 08:40:00.000+10:00,484,cells/ml,,,,,,,,,,
WULE,Potentially Toxic Cyanobacteria,2023-04-03 08:40:00.000+10:00,2200,cells/ml,,,,,,,,,,
WULE,Potentially Toxic Cyanobacteria Biovolume,2023-04-03 08:40:00.000+10:00,0.063,mm3/l,,,,,,,,,,
WULE,Raphidiopsis raciborskii_Biovolume,2023-04-03 08:40:00.000+10:00,0.05,mm3/l,,,,,,,,,,
WULE,Raphidiopsis raciborskii_Cell count,2023-04-03 08:40:00.000+10:00,1712,cells/ml,,,,,,,,,,
WULE,Total Cyanobacteria,2023-04-03 08:40:00.000+10:00,22250,cells/ml,,,,,,,,,,
WULM,Blue green colonial alga_Biovolume,2023-04-03 08:30:00.000+10:00,0.244,mm3/l,,,,,,,,,,
WULM,Blue green colonial alga_Cell count,2023-04-03 08:30:00.000+10:00,55307,cells/ml,,,,,,,,,,
WULM,Chlorophyll - a,2023-04-03 08:30:00.000+10:00,15.6,mg/m^3,,,,,,,,,,
WULM,Coccoid Blue Green Picoplankton_Biovolume,2023-04-03 08:30:00.000+10:00,0.043,mm3/l,,,,,,,,,,
WULM,Coccoid Blue Green Picoplankton_Cell count,2023-04-03 08:30:00.000+10:00,97064,cells/ml,,,,,,,,,,
WULM,Cuspidothrix issatschenkoi_Biovolume,2023-04-03 08:30:00.000+10:00,0.133,mm3/l,,,,,,,,,,
WULM,Cuspidothrix issatschenkoi_Cell count,2023-04-03 08:30:00.000+10:00,2466,cells/ml,,,,,,,,,,
WULM,Cyanobacteria Biovolume,2023-04-03 08:30:00.000+10:00,0.806,mm3/l,,,,,,,,,,
WULM,Enterococci,2023-04-03 08:30:00.000+10:00,1,cfu/100ml,,,,,,,,,,
WULM,Microcystis_Biovolume,2023-04-03 08:30:00.000+10:00,0.021,mm3/l,,,,,,,,,,
WULM,Microcystis_Cell count,2023-04-03 08:30:00.000+10:00,760,cells/ml,,,,,,,,,,
WULM,Potentially Toxic Cyanobacteria,2023-04-03 08:30:00.000+10:00,2010,cells/ml,,,,,,,,,,
WULM,Potentially Toxic Cyanobacteria Biovolume,2023-04-03 08:30:00.000+10:00,0.057,mm3/l,,,,,,,,,,
WULM,Raphidiopsis raciborskii_Biovolume,2023-04-03 08:30:00.000+10:00,0.036,mm3/l,,,,,,,,,,
WULM,Raphidiopsis raciborskii_Cell count,2023-04-03 08:30:00.000+10:00,1249,cells/ml,,,,,,,,,,
WULM,Total Cyanobacteria,2023-04-03 08:30:00.000+10:00,175100,cells/ml,,,,,,,,,,
WULM,Woronichinia_Biovolume,2023-04-03 08:30:00.000+10:00,0.329,mm3/l,,,,,,,,,,
WULM,Woronichinia_Cell count,2023-04-03 08:30:00.000+10:00,18214,cells/ml,,,,,,,,,,
WULW,Blue green colonial alga_Biovolume,2023-04-03 08:20:00.000+10:00,0.121,mm3/l,,,,,,,,,,
WULW,Blue green colonial alga_Cell count,2023-04-03 08:20:00.000+10:00,27469,cells/ml,,,,,,,,,,
WULW,Chlorophyll - a,2023-04-03 08:20:00.000+10:00,30.5,mg/m^3,,,,,,,,,,
WULW,Coccoid Blue Green Picoplankton_Biovolume,2023-04-03 08:20:00.000+10:00,0.012,mm3/l,,,,,,,,,,
WULW,Coccoid Blue Green Picoplankton_Cell count,2023-04-03 08:20:00.000+10:00,26879,cells/ml,,,,,,,,,,
WULW,Cuspidothrix issatschenkoi_Biovolume,2023-04-03 08:20:00.000+10:00,0.034,mm3/l,,,,,,,,,,
WULW,Cuspidothrix issatschenkoi_Cell count,2023-04-03 08:20:00.000+10:00,642,cells/ml,,,,,,,,,,
WULW,Cyanobacteria Biovolume,2023-04-03 08:20:00.000+10:00,0.543,mm3/l,,,,,,,,,,
WULW,Enterococci,2023-04-03 08:20:00.000+10:00,1,cfu/100ml,,,,,,,,,,
WULW,Merismopedia_Biovolume,2023-04-03 08:20:00.000+10:00,0.031,mm3/l,,,,,,,,,,
WULW,Merismopedia_Cell count,2023-04-03 08:20:00.000+10:00,3687,cells/ml,,,,,,,,,,
WULW,Microcystis species 2_Biovolume,2023-04-03 08:20:00.000+10:00,0.017,mm3/l,,,,,,,,,,
WULW,Microcystis species 2_Cell count,2023-04-03 08:20:00.000+10:00,207,cells/ml,,,,,,,,,,
WULW,Microcystis_Biovolume,2023-04-03 08:20:00.000+10:00,0.041,mm3/l,,,,,,,,,,
WULW,Microcystis_Cell count,2023-04-03 08:20:00.000+10:00,1493,cells/ml,,,,,,,,,,
WULW,Potentially Toxic Cyanobacteria,2023-04-03 08:20:00.000+10:00,3590,cells/ml,,,,,,,,,,
WULW,Potentially Toxic Cyanobacteria Biovolume,2023-04-03 08:20:00.000+10:00,0.113,mm3/l,,,,,,,,,,
WULW,Raphidiopsis raciborskii_Biovolume,2023-04-03 08:20:00.000+10:00,0.055,mm3/l,,,,,,,,,,
WULW,Raphidiopsis raciborskii_Cell count,2023-04-03 08:20:00.000+10:00,1887,cells/ml,,,,,,,,,,
WULW,Total Cyanobacteria,2023-04-03 08:20:00.000+10:00,75100,cells/ml,,,,,,,,,,
WULW,Woronichinia_Biovolume,2023-04-03 08:20:00.000+10:00,0.232,mm3/l,,,,,,,,,,
WULW,Woronichinia_Cell count,2023-04-03 08:20:00.000+10:00,12831,cells/ml,,,,,,,,,,
WULM,Ammonia as N,2023-03-20 12:00:00.000+10:00,0.01,mg/L,0.01,,,,,,,,,
WULE,Ammonia as N,2023-03-20 12:00:00.000+10:00,,mg/L,0.01,,,,,,,,,
WULW,Ammonia as N,2023-03-20 12:00:00.000+10:00,,mg/L,0.01,,,,,,,,,
WULM,Dissolved Reactive Phosphorus as P,2023-03-20 12:00:00.000+10:00,,mg/L,0.01,,,,,,,,,
WULE,Dissolved Reactive Phosphorus as P,2023-03-20 12:00:00.000+10:00,,mg/L,0.01,,,,,,,,,
WULW,Dissolved Reactive Phosphorus as P,2023-03-20 12:00:00.000+10:00,,mg/L,0.01,,,,,,,,,
WULW,Nitrate as N,2023-03-20 12:00:00.000+10:00,,mg/L,0.01,,,,,,,,,
WULM,Nitrate as N,2023-03-20 12:00:00.000+10:00,,mg/L,0.01,,,,,,,,,
WULE,Nitrate as N,2023-03-20 12:00:00.000+10:00,,mg/L,0.01,,,,,,,,,
WULM,Nitrite + Nitrate as N,2023-03-20 12:00:00.000+10:00,,mg/L,0.01,,,,,,,,,
WULW,Nitrite + Nitrate as N,2023-03-20 12:00:00.000+10:00,,mg/L,0.01,,,,,,,,,
WULE,Nitrite + Nitrate as N,2023-03-20 12:00:00.000+10:00,,mg/L,0.01,,,,,,,,,
WULE,Nitrite as N,2023-03-20 12:00:00.000+10:00,,mg/L,0.01,,,,,,,,,
WULM,Nitrite as N,2023-03-20 12:00:00.000+10:00,,mg/L,0.01,,,,,,,,,
WULW,Nitrite as N,2023-03-20 12:00:00.000+10:00,,mg/L,0.01,,,,,,,,,
WULW,Total Kjeldahl Nitrogen as N,2023-03-20 12:00:00.000+10:00,0.5,mg/L,0.1,,,,,,,,,
WULM,Total Kjeldahl Nitrogen as N,2023-03-20 12:00:00.000+10:00,0.5,mg/L,0.1,,,,,,,,,
WULE,Total Kjeldahl Nitrogen as N,2023-03-20 12:00:00.000+10:00,0.5,mg/L,0.1,,,,,,,,,
WULE,Total Nitrogen as N,2023-03-20 12:00:00.000+10:00,0.5,mg/L,0.1,,,,,,,,,
WULM,Total Nitrogen as N,2023-03-20 12:00:00.000+10:00,0.5,mg/L,0.1,,,,,,,,,
WULW,Total Nitrogen as N,2023-03-20 12:00:00.000+10:00,0.5,mg/L,0.1,,,,,,,,,
WULM,Total Phosphorus as P,2023-03-20 12:00:00.000+10:00,0.04,mg/L,0.01,,,,,,,,,
WULE,Total Phosphorus as P,2023-03-20 12:00:00.000+10:00,0.02,mg/L,0.01,,,,,,,,,
WULW,Total Phosphorus as P,2023-03-20 12:00:00.000+10:00,0.02,mg/L,0.01,,,,,,,,,
WULM,Total suspended solids,2023-03-20 12:00:00.000+10:00,,mg/L,5,,,,,,,,,
WULW,Total suspended solids,2023-03-20 12:00:00.000+10:00,,mg/L,5,,,,,,,,,
WULE,Total suspended solids,2023-03-20 12:00:00.000+10:00,,mg/L,5,,,,,,,,,
WULE,Aphanizomenon gracile_Biovolume,2023-03-20 09:05:00.000+10:00,0.04,mm3/l,,,,,,,,,,
WULE,Aphanizomenon gracile_Cell count,2023-03-20 09:05:00.000+10:00,798,cells/ml,,,,,,,,,,
WULE,Chlorophyll - a,2023-03-20 09:05:00.000+10:00,11.8,mg/m^3,,,,,,,,,,
WULE,Chrysosporum ovalisporum_Biovolume,2023-03-20 09:05:00.000+10:00,0.03,mm3/l,,,,,,,,,,
WULE,Chrysosporum ovalisporum_Cell count,2023-03-20 09:05:00.000+10:00,486,cells/ml,,,,,,,,,,
WULE,Coccoid Blue Green Picoplankton_Biovolume,2023-03-20 09:05:00.000+10:00,0.035,mm3/l,,,,,,,,,,
WULE,Coccoid Blue Green Picoplankton_Cell count,2023-03-20 09:05:00.000+10:00,79144,cells/ml,,,,,,,,,,
WULE,Cuspidothrix issatschenkoi_Biovolume,2023-03-20 09:05:00.000+10:00,0.053,mm3/l,,,,,,,,,,
WULE,Cuspidothrix issatschenkoi_Cell count,2023-03-20 09:05:00.000+10:00,989,cells/ml,,,,,,,,,,
WULE,Cyanobacteria Biovolume,2023-03-20 09:05:00.000+10:00,0.865,mm3/l,,,,,,,,,,
WULE,Dolichospermum circinale_Biovolume,2023-03-20 09:05:00.000+10:00,0.123,mm3/l,,,,,,,,,,
WULE,Dolichospermum circinale_Cell count,2023-03-20 09:05:00.000+10:00,713,cells/ml,,,,,,,,,,
WULE,Enterococci,2023-03-20 09:05:00.000+10:00,1,cfu/100ml,,,,,,,,,,
WULE,Microcystis_Biovolume,2023-03-20 09:05:00.000+10:00,0.072,mm3/l,,,,,,,,,,
WULE,Microcystis_Cell count,2023-03-20 09:05:00.000+10:00,2606,cells/ml,,,,,,,,,,
WULE,Non toxic Aphanizomenonaceae_Biovolume,2023-03-20 09:05:00.000+10:00,0.03,mm3/l,,,,,,,,,,
WULE,Non toxic Aphanizomenonaceae_Cell count,2023-03-20 09:05:00.000+10:00,676,cells/ml,,,,,,,,,,
WULE,Planktothrix_Biovolume,2023-03-20 09:05:00.000+10:00,0.378,mm3/l,,,,,,,,,,
WULE,Planktothrix_Cell count,2023-03-20 09:05:00.000+10:00,1995,cells/ml,,,,,,,,,,
WULE,Potentially Toxic Cyanobacteria,2023-03-20 09:05:00.000+10:00,8990,cells/ml,,,,,,,,,,
WULE,Potentially Toxic Cyanobacteria Biovolume,2023-03-20 09:05:00.000+10:00,0.696,mm3/l,,,,,,,,,,
WULE,Raphidiopsis raciborskii_Biovolume,2023-03-20 09:05:00.000+10:00,0.093,mm3/l,,,,,,,,,,
WULE,Raphidiopsis raciborskii_Cell count,2023-03-20 09:05:00.000+10:00,3186,cells/ml,,,,,,,,,,
WULE,Snowella_Biovolume,2023-03-20 09:05:00.000+10:00,0.011,mm3/l,,,,,,,,,,
WULE,Snowella_Cell count,2023-03-20 09:05:00.000+10:00,1492,cells/ml,,,,,,,,,,
WULE,Total Cyanobacteria,2023-03-20 09:05:00.000+10:00,92090,cells/ml,,,,,,,,,,
WULM,Aphanizomenonaceae_Biovolume,2023-03-20 08:55:00.000+10:00,0.044,mm3/l,,,,,,,,,,
WULM,Aphanizomenonaceae_Cell count,2023-03-20 08:55:00.000+10:00,432,cells/ml,,,,,,,,,,
WULM,Chlorophyll - a,2023-03-20 08:55:00.000+10:00,11,mg/m^3,,,,,,,,,,
WULM,Coccoid Blue Green Picoplankton_Biovolume,2023-03-20 08:55:00.000+10:00,0.036,mm3/l,,,,,,,,,,
WULM,Coccoid Blue Green Picoplankton_Cell count,2023-03-20 08:55:00.000+10:00,80997,cells/ml,,,,,,,,,,
WULM,Cuspidothrix issatschenkoi_Biovolume,2023-03-20 08:55:00.000+10:00,0.177,mm3/l,,,,,,,,,,
WULM,Cuspidothrix issatschenkoi_Cell count,2023-03-20 08:55:00.000+10:00,3278,cells/ml,,,,,,,,,,
WULM,Cyanobacteria Biovolume,2023-03-20 08:55:00.000+10:00,0.349,mm3/l,,,,,,,,,,
WULM,Dolichospermum circinale_Biovolume,2023-03-20 08:55:00.000+10:00,0.015,mm3/l,,,,,,,,,,
WULM,Dolichospermum circinale_Cell count,2023-03-20 08:55:00.000+10:00,87,cells/ml,,,,,,,,,,
WULM,Enterococci,2023-03-20 08:55:00.000+10:00,1,cfu/100ml,,,,,,,,,,
WULM,Microcystis_Biovolume,2023-03-20 08:55:00.000+10:00,0.025,mm3/l,,,,,,,,,,
WULM,Microcystis_Cell count,2023-03-20 08:55:00.000+10:00,899,cells/ml,,,,,,,,,,
WULM,Potentially Toxic Cyanobacteria,2023-03-20 08:55:00.000+10:00,2060,cells/ml,,,,,,,,,,
WULM,Potentially Toxic Cyanobacteria Biovolume,2023-03-20 08:55:00.000+10:00,0.102,mm3/l,,,,,,,,,,
WULM,Raphidiopsis raciborskii_Biovolume,2023-03-20 08:55:00.000+10:00,0.018,mm3/l,,,,,,,,,,
WULM,Raphidiopsis raciborskii_Cell count,2023-03-20 08:55:00.000+10:00,640,cells/ml,,,,,,,,,,
WULM,Snowella_Biovolume,2023-03-20 08:55:00.000+10:00,0.015,mm3/l,,,,,,,,,,
WULM,Snowella_Cell count,2023-03-20 08:55:00.000+10:00,1950,cells/ml,,,,,,,,,,
WULM,Sphaerospermopsis aphanizomenoides_Biovolume,2023-03-20 08:55:00.000+10:00,0.019,mm3/l,,,,,,,,,,
WULM,Sphaerospermopsis aphanizomenoides_Cell count,2023-03-20 08:55:00.000+10:00,520,cells/ml,,,,,,,,,,
WULM,Total Cyanobacteria,2023-03-20 08:55:00.000+10:00,88800,cells/ml,,,,,,,,,,
WULW,Chlorophyll - a,2023-03-20 08:45:00.000+10:00,18.7,mg/m^3,,,,,,,,,,
WULW,Chrysosporum ovalisporum_Biovolume,2023-03-20 08:45:00.000+10:00,0.099,mm3/l,,,,,,,,,,
WULW,Chrysosporum ovalisporum_Cell count,2023-03-20 08:45:00.000+10:00,1582,cells/ml,,,,,,,,,,
WULW,Coccoid Blue Green Picoplankton_Biovolume,2023-03-20 08:45:00.000+10:00,0.034,mm3/l,,,,,,,,,,
WULW,Coccoid Blue Green Picoplankton_Cell count,2023-03-20 08:45:00.000+10:00,76442,cells/ml,,,,,,,,,,
WULW,Cuspidothrix issatschenkoi_Biovolume,2023-03-20 08:45:00.000+10:00,0.011,mm3/l,,,,,,,,,,
WULW,Cuspidothrix issatschenkoi_Cell count,2023-03-20 08:45:00.000+10:00,208,cells/ml,,,,,,,,,,
WULW,Cyanobacteria Biovolume,2023-03-20 08:45:00.000+10:00,0.424,mm3/l,,,,,,,,,,
WULW,Dolichospermum circinale_Biovolume,2023-03-20 08:45:00.000+10:00,0.078,mm3/l,,,,,,,,,,
WULW,Dolichospermum circinale_Cell count,2023-03-20 08:45:00.000+10:00,451,cells/ml,,,,,,,,,,
WULW,Enterococci,2023-03-20 08:45:00.000+10:00,2,cfu/100ml,,,,,,,,,,
WULW,Microcystis_Biovolume,2023-03-20 08:45:00.000+10:00,0.015,mm3/l,,,,,,,,,,
WULW,Microcystis_Cell count,2023-03-20 08:45:00.000+10:00,553,cells/ml,,,,,,,,,,
WULW,Non toxic Aphanizomenonaceae_Biovolume,2023-03-20 08:45:00.000+10:00,0.013,mm3/l,,,,,,,,,,
WULW,Non toxic Aphanizomenonaceae_Cell count,2023-03-20 08:45:00.000+10:00,312,cells/ml,,,,,,,,,,
WULW,Potentially Toxic Cyanobacteria,2023-03-20 08:45:00.000+10:00,7640,cells/ml,,,,,,,,,,
WULW,Potentially Toxic Cyanobacteria Biovolume,2023-03-20 08:45:00.000+10:00,0.34,mm3/l,,,,,,,,,,
WULW,Raphidiopsis raciborskii_Biovolume,2023-03-20 08:45:00.000+10:00,0.148,mm3/l,,,,,,,,,,
WULW,Raphidiopsis raciborskii_Cell count,2023-03-20 08:45:00.000+10:00,5057,cells/ml,,,,,,,,,,
WULW,Snowella_Biovolume,2023-03-20 08:45:00.000+10:00,0.026,mm3/l,,,,,,,,,,
WULW,Snowella_Cell count,2023-03-20 08:45:00.000+10:00,3390,cells/ml,,,,,,,,,,
WULW,Total Cyanobacteria,2023-03-20 08:45:00.000+10:00,88000,cells/ml,,,,,,,,,,
WULW,Ammonia as N,2023-03-06 12:00:00.000+10:00,,mg/L,0.01,,,,,,,,,
WULM,Ammonia as N,2023-03-06 12:00:00.000+10:00,,mg/L,0.01,,,,,,,,,
WULE,Ammonia as N,2023-03-06 12:00:00.000+10:00,0.02,mg/L,0.01,,,,,,,,,
WULW,Dissolved Reactive Phosphorus as P,2023-03-06 12:00:00.000+10:00,,mg/L,0.01,,,,,,,,,
WULM,Dissolved Reactive Phosphorus as P,2023-03-06 12:00:00.000+10:00,,mg/L,0.01,,,,,,,,,
WULE,Dissolved Reactive Phosphorus as P,2023-03-06 12:00:00.000+10:00,,mg/L,0.01,,,,,,,,,
WULM,Nitrate as N,2023-03-06 12:00:00.000+10:00,0.04,mg/L,0.01,,,,,,,,,
WULW,Nitrate as N,2023-03-06 12:00:00.000+10:00,,mg/L,0.01,,,,,,,,,
WULE,Nitrate as N,2023-03-06 12:00:00.000+10:00,,mg/L,0.01,,,,,,,,,
WULW,Nitrite + Nitrate as N,2023-03-06 12:00:00.000+10:00,,mg/L,0.01,,,,,,,,,
WULM,Nitrite + Nitrate as N,2023-03-06 12:00:00.000+10:00,0.04,mg/L,0.01,,,,,,,,,
WULE,Nitrite + Nitrate as N,2023-03-06 12:00:00.000+10:00,,mg/L,0.01,,,,,,,,,
WULE,Nitrite as N,2023-03-06 12:00:00.000+10:00,,mg/L,0.01,,,,,,,,,
WULW,Nitrite as N,2023-03-06 12:00:00.000+10:00,,mg/L,0.01,,,,,,,,,
WULM,Nitrite as N,2023-03-06 12:00:00.000+10:00,,mg/L,0.01,,,,,,,,,
WULE,Total Kjeldahl Nitrogen as N,2023-03-06 12:00:00.000+10:00,0.8,mg/L,0.1,,,,,,,,,
WULM,Total Kjeldahl Nitrogen as N,2023-03-06 12:00:00.000+10:00,0.6,mg/L,0.1,,,,,,,,,
WULW,Total Kjeldahl Nitrogen as N,2023-03-06 12:00:00.000+10:00,0.6,mg/L,0.1,,,,,,,,,
WULM,Total Nitrogen as N,2023-03-06 12:00:00.000+10:00,0.6,mg/L,0.1,,,,,,,,,
WULW,Total Nitrogen as N,2023-03-06 12:00:00.000+10:00,0.6,mg/L,0.1,,,,,,,,,
WULE,Total Nitrogen as N,2023-03-06 12:00:00.000+10:00,0.8,mg/L,0.1,,,,,,,,,
WULW,Total Phosphorus as P,2023-03-06 12:00:00.000+10:00,0.02,mg/L,0.01,,,,,,,,,
WULM,Total Phosphorus as P,2023-03-06 12:00:00.000+10:00,0.01,mg/L,0.01,,,,,,,,,
WULE,Total Phosphorus as P,2023-03-06 12:00:00.000+10:00,0.02,mg/L,0.01,,,,,,,,,
WULE,Total suspended solids,2023-03-06 12:00:00.000+10:00,,mg/L,5,,,,,,,,,
WULM,Total suspended solids,2023-03-06 12:00:00.000+10:00,,mg/L,5,,,,,,,,,
WULW,Total suspended solids,2023-03-06 12:00:00.000+10:00,,mg/L,5,,,,,,,,,
WULE,Aphanizomenonaceae_Biovolume,2023-03-06 08:50:00.000+10:00,0.055,mm3/l,,,,,,,,,,
WULE,Aphanizomenonaceae_Cell count,2023-03-06 08:50:00.000+10:00,538,cells/ml,,,,,,,,,,
WULE,Chlorophyll - a,2023-03-06 08:50:00.000+10:00,4.6,mg/m^3,,,,,,,,,,
WULE,Coccoid Blue Green Picoplankton_Biovolume,2023-03-06 08:50:00.000+10:00,0.02,mm3/l,,,,,,,,,,
WULE,Coccoid Blue Green Picoplankton_Cell count,2023-03-06 08:50:00.000+10:00,45601,cells/ml,,,,,,,,,,
WULE,Cyanobacteria Biovolume,2023-03-06 08:50:00.000+10:00,0.397,mm3/l,,,,,,,,,,
WULE,Dolichospermum circinale_Biovolume,2023-03-06 08:50:00.000+10:00,0.039,mm3/l,,,,,,,,,,
WULE,Dolichospermum circinale_Cell count,2023-03-06 08:50:00.000+10:00,225,cells/ml,,,,,,,,,,
WULE,Enterococci,2023-03-06 08:50:00.000+10:00,1,cfu/100ml,,,,,,,,,,
WULE,Microcystis_Biovolume,2023-03-06 08:50:00.000+10:00,0.001,mm3/l,,,,,,,,,,
WULE,Microcystis_Cell count,2023-03-06 08:50:00.000+10:00,69,cells/ml,,,,,,,,,,
WULE,Potentially Toxic Cyanobacteria,2023-03-06 08:50:00.000+10:00,832,cells/ml,,,,,,,,,,
WULE,Potentially Toxic Cyanobacteria Biovolume,2023-03-06 08:50:00.000+10:00,0.095,mm3/l,,,,,,,,,,
WULE,Snowella_Biovolume,2023-03-06 08:50:00.000+10:00,0.282,mm3/l,,,,,,,,,,
WULE,Snowella_Cell count,2023-03-06 08:50:00.000+10:00,35770,cells/ml,,,,,,,,,,
WULE,Total Cyanobacteria,2023-03-06 08:50:00.000+10:00,82200,cells/ml,,,,,,,,,,
WULM,Chlorophyll - a,2023-03-06 08:45:00.000+10:00,6.9,mg/m^3,,,,,,,,,,
WULM,Coccoid Blue Green Picoplankton_Biovolume,2023-03-06 08:45:00.000+10:00,0.063,mm3/l,,,,,,,,,,
WULM,Coccoid Blue Green Picoplankton_Cell count,2023-03-06 08:45:00.000+10:00,140074,cells/ml,,,,,,,,,,
WULM,Cyanobacteria Biovolume,2023-03-06 08:45:00.000+10:00,0.545,mm3/l,,,,,,,,,,
WULM,Dolichospermum circinale_Biovolume,2023-03-06 08:45:00.000+10:00,0.084,mm3/l,,,,,,,,,,
WULM,Dolichospermum circinale_Cell count,2023-03-06 08:45:00.000+10:00,486,cells/ml,,,,,,,,,,
WULM,Enterococci,2023-03-06 08:45:00.000+10:00,4,cfu/100ml,,,,,,,,,,
WULM,Microcystis_Biovolume,2023-03-06 08:45:00.000+10:00,0.019,mm3/l,,,,,,,,,,
WULM,Microcystis_Cell count,2023-03-06 08:45:00.000+10:00,684,cells/ml,,,,,,,,,,
WULM,Potentially Toxic Cyanobacteria,2023-03-06 08:45:00.000+10:00,2780,cells/ml,,,,,,,,,,
WULM,Potentially Toxic Cyanobacteria Biovolume,2023-03-06 08:45:00.000+10:00,0.15,mm3/l,,,,,,,,,,
WULM,Raphidiopsis raciborskii_Biovolume,2023-03-06 08:45:00.000+10:00,0.047,mm3/l,,,,,,,,,,
WULM,Raphidiopsis raciborskii_Cell count,2023-03-06 08:45:00.000+10:00,1610,cells/ml,,,,,,,,,,
WULM,Snowella_Biovolume,2023-03-06 08:45:00.000+10:00,0.332,mm3/l,,,,,,,,,,
WULM,Snowella_Cell count,2023-03-06 08:45:00.000+10:00,42033,cells/ml,,,,,,,,,,
WULM,Total Cyanobacteria,2023-03-06 08:45:00.000+10:00,184900,cells/ml,,,,,,,,,,
WULW,Chlorophyll - a,2023-03-06 08:35:00.000+10:00,7,mg/m^3,,,,,,,,,,
WULW,Coccoid Blue Green Picoplankton_Biovolume,2023-03-06 08:35:00.000+10:00,0.066,mm3/l,,,,,,,,,,
WULW,Coccoid Blue Green Picoplankton_Cell count,2023-03-06 08:35:00.000+10:00,146693,cells/ml,,,,,,,,,,
WULW,Cuspidothrix issatschenkoi_Biovolume,2023-03-06 08:35:00.000+10:00,0.017,mm3/l,,,,,,,,,,
WULW,Cuspidothrix issatschenkoi_Cell count,2023-03-06 08:35:00.000+10:00,324,cells/ml,,,,,,,,,,
WULW,Cyanobacteria Biovolume,2023-03-06 08:35:00.000+10:00,0.607,mm3/l,,,,,,,,,,
WULW,Enterococci,2023-03-06 08:35:00.000+10:00,2,cfu/100ml,,,,,,,,,,
WULW,Microcystis_Biovolume,2023-03-06 08:35:00.000+10:00,0.016,mm3/l,,,,,,,,,,
WULW,Microcystis_Cell count,2023-03-06 08:35:00.000+10:00,608,cells/ml,,,,,,,,,,
WULW,Non toxic Aphanizomenonaceae_Biovolume,2023-03-06 08:35:00.000+10:00,0.022,mm3/l,,,,,,,,,,
WULW,Non toxic Aphanizomenonaceae_Cell count,2023-03-06 08:35:00.000+10:00,509,cells/ml,,,,,,,,,,
WULW,Potentially Toxic Cyanobacteria,2023-03-06 08:35:00.000+10:00,851,cells/ml,,,,,,,,,,
WULW,Potentially Toxic Cyanobacteria Biovolume,2023-03-06 08:35:00.000+10:00,0.023,mm3/l,,,,,,,,,,
WULW,Raphidiopsis raciborskii_Biovolume,2023-03-06 08:35:00.000+10:00,0.007,mm3/l,,,,,,,,,,
WULW,Raphidiopsis raciborskii_Cell count,2023-03-06 08:35:00.000+10:00,243,cells/ml,,,,,,,,,,
WULW,Snowella_Biovolume,2023-03-06 08:35:00.000+10:00,0.479,mm3/l,,,,,,,,,,
WULW,Snowella_Cell count,2023-03-06 08:35:00.000+10:00,60657,cells/ml,,,,,,,,,,
WULW,Total Cyanobacteria,2023-03-06 08:35:00.000+10:00,209000,cells/ml,,,,,,,,,,
WULE,Ammonia as N,2023-02-20 12:00:00.000+10:00,,mg/L,0.01,,,,,,,,,
WULW,Ammonia as N,2023-02-20 12:00:00.000+10:00,0.01,mg/L,0.01,,,,,,,,,
WULM,Ammonia as N,2023-02-20 12:00:00.000+10:00,0.02,mg/L,0.01,,,,,,,,,
WULW,Dissolved Reactive Phosphorus as P,2023-02-20 12:00:00.000+10:00,,mg/L,0.01,,,,,,,,,
WULM,Dissolved Reactive Phosphorus as P,2023-02-20 12:00:00.000+10:00,,mg/L,0.01,,,,,,,,,
WULE,Dissolved Reactive Phosphorus as P,2023-02-20 12:00:00.000+10:00,,mg/L,0.01,,,,,,,,,
WULW,Nitrate as N,2023-02-20 12:00:00.000+10:00,,mg/L,0.01,,,,,,,,,
WULE,Nitrate as N,2023-02-20 12:00:00.000+10:00,,mg/L,0.01,,,,,,,,,
WULM,Nitrate as N,2023-02-20 12:00:00.000+10:00,,mg/L,0.01,,,,,,,,,
WULM,Nitrite + Nitrate as N,2023-02-20 12:00:00.000+10:00,,mg/L,0.01,,,,,,,,,
WULE,Nitrite + Nitrate as N,2023-02-20 12:00:00.000+10:00,,mg/L,0.01,,,,,,,,,
WULW,Nitrite + Nitrate as N,2023-02-20 12:00:00.000+10:00,,mg/L,0.01,,,,,,,,,
WULW,Nitrite as N,2023-02-20 12:00:00.000+10:00,,mg/L,0.01,,,,,,,,,
WULM,Nitrite as N,2023-02-20 12:00:00.000+10:00,,mg/L,0.01,,,,,,,,,
WULE,Nitrite as N,2023-02-20 12:00:00.000+10:00,,mg/L,0.01,,,,,,,,,
WULM,Total Kjeldahl Nitrogen as N,2023-02-20 12:00:00.000+10:00,0.5,mg/L,0.1,,,,,,,,,
WULW,Total Kjeldahl Nitrogen as N,2023-02-20 12:00:00.000+10:00,0.5,mg/L,0.1,,,,,,,,,
WULE,Total Kjeldahl Nitrogen as N,2023-02-20 12:00:00.000+10:00,0.5,mg/L,0.1,,,,,,,,,
WULE,Total Nitrogen as N,2023-02-20 12:00:00.000+10:00,0.5,mg/L,0.1,,,,,,,,,
WULM,Total Nitrogen as N,2023-02-20 12:00:00.000+10:00,0.5,mg/L,0.1,,,,,,,,,
WULW,Total Nitrogen as N,2023-02-20 12:00:00.000+10:00,0.5,mg/L,0.1,,,,,,,,,
WULE,Total Phosphorus as P,2023-02-20 12:00:00.000+10:00,0.03,mg/L,0.01,,,,,,,,,
WULW,Total Phosphorus as P,2023-02-20 12:00:00.000+10:00,0.05,mg/L,0.01,,,,,,,,,
WULM,Total Phosphorus as P,2023-02-20 12:00:00.000+10:00,0.02,mg/L,0.01,,,,,,,,,
WULM,Total suspended solids,2023-02-20 12:00:00.000+10:00,,mg/L,5,,,,,,,,,
WULE,Total suspended solids,2023-02-20 12:00:00.000+10:00,,mg/L,5,,,,,,,,,
WULW,Total suspended solids,2023-02-20 12:00:00.000+10:00,,mg/L,5,,,,,,,,,
WULE,Chlorophyll - a,2023-02-20 08:50:00.000+10:00,5.1,mg/m^3,,,,,,,,,,
WULE,Coccoid Blue Green Picoplankton_Biovolume,2023-02-20 08:50:00.000+10:00,0.028,mm3/l,,,,,,,,,,
WULE,Coccoid Blue Green Picoplankton_Cell count,2023-02-20 08:50:00.000+10:00,63271,cells/ml,,,,,,,,,,
WULE,Cyanobacteria Biovolume,2023-02-20 08:50:00.000+10:00,0.39,mm3/l,,,,,,,,,,
WULE,Dolichospermum circinale_Biovolume,2023-02-20 08:50:00.000+10:00,0.229,mm3/l,,,,,,,,,,
WULE,Dolichospermum circinale_Cell count,2023-02-20 08:50:00.000+10:00,1318,cells/ml,,,,,,,,,,
WULE,Enterococci,2023-02-20 08:50:00.000+10:00,3,cfu/100ml,,,,,,,,,,
WULE,Microcystis_Biovolume,2023-02-20 08:50:00.000+10:00,0.067,mm3/l,,,,,,,,,,
WULE,Microcystis_Cell count,2023-02-20 08:50:00.000+10:00,2434,cells/ml,,,,,,,,,,
WULE,Potentially Toxic Cyanobacteria,2023-02-20 08:50:00.000+10:00,3750,cells/ml,,,,,,,,,,
WULE,Potentially Toxic Cyanobacteria Biovolume,2023-02-20 08:50:00.000+10:00,0.296,mm3/l,,,,,,,,,,
WULE,Romeria_Biovolume,2023-02-20 08:50:00.000+10:00,0.001,mm3/l,,,,,,,,,,
WULE,Romeria_Cell count,2023-02-20 08:50:00.000+10:00,158,cells/ml,,,,,,,,,,
WULE,Snowella_Biovolume,2023-02-20 08:50:00.000+10:00,0.065,mm3/l,,,,,,,,,,
WULE,Snowella_Cell count,2023-02-20 08:50:00.000+10:00,8285,cells/ml,,,,,,,,,,
WULE,Total Cyanobacteria,2023-02-20 08:50:00.000+10:00,75470,cells/ml,,,,,,,,,,
WULM,Chlorophyll - a,2023-02-20 08:40:00.000+10:00,7.1,mg/m^3,,,,,,,,,,
WULM,Coccoid Blue Green Picoplankton_Biovolume,2023-02-20 08:40:00.000+10:00,0.009,mm3/l,,,,,,,,,,
WULM,Coccoid Blue Green Picoplankton_Cell count,2023-02-20 08:40:00.000+10:00,21570,cells/ml,,,,,,,,,,
WULM,Cyanobacteria Biovolume,2023-02-20 08:40:00.000+10:00,0.41,mm3/l,,,,,,,,,,
WULM,Dolichospermum circinale_Biovolume,2023-02-20 08:40:00.000+10:00,0.271,mm3/l,,,,,,,,,,
WULM,Dolichospermum circinale_Cell count,2023-02-20 08:40:00.000+10:00,1561,cells/ml,,,,,,,,,,
WULM,Dolichospermum_Biovolume,2023-02-20 08:40:00.000+10:00,0.036,mm3/l,,,,,,,,,,
WULM,Dolichospermum_Cell count,2023-02-20 08:40:00.000+10:00,225,cells/ml,,,,,,,,,,
WULM,Enterococci,2023-02-20 08:40:00.000+10:00,3,cfu/100ml,,,,,,,,,,
WULM,Microcystis_Biovolume,2023-02-20 08:40:00.000+10:00,0.023,mm3/l,,,,,,,,,,
WULM,Microcystis_Cell count,2023-02-20 08:40:00.000+10:00,830,cells/ml,,,,,,,,,,
WULM,Potentially Toxic Cyanobacteria,2023-02-20 08:40:00.000+10:00,2620,cells/ml,,,,,,,,,,
WULM,Potentially Toxic Cyanobacteria Biovolume,2023-02-20 08:40:00.000+10:00,0.33,mm3/l,,,,,,,,,,
WULM,Snowella_Biovolume,2023-02-20 08:40:00.000+10:00,0.071,mm3/l,,,,,,,,,,
WULM,Snowella_Cell count,2023-02-20 08:40:00.000+10:00,9105,cells/ml,,,,,,,,,,
WULM,Total Cyanobacteria,2023-02-20 08:40:00.000+10:00,33290,cells/ml,,,,,,,,,,
WULW,Chlorophyll - a,2023-02-20 08:35:00.000+10:00,4.4,mg/m^3,,,,,,,,,,
WULW,Coccoid Blue Green Picoplankton_Biovolume,2023-02-20 08:35:00.000+10:00,0.024,mm3/l,,,,,,,,,,
WULW,Coccoid Blue Green Picoplankton_Cell count,2023-02-20 08:35:00.000+10:00,54830,cells/ml,,,,,,,,,,
WULW,Cyanobacteria Biovolume,2023-02-20 08:35:00.000+10:00,0.154,mm3/l,,,,,,,,,,
WULW,Enterococci,2023-02-20 08:35:00.000+10:00,3,cfu/100ml,,,,,,,,,,
WULW,Potentially Toxic Cyanobacteria,2023-02-20 08:35:00.000+10:00,0,cells/ml,,,,,,,,,,
WULW,Potentially Toxic Cyanobacteria Biovolume,2023-02-20 08:35:00.000+10:00,0,mm3/l,,,,,,,,,,
WULW,Snowella_Biovolume,2023-02-20 08:35:00.000+10:00,0.13,mm3/l,,,,,,,,,,
WULW,Snowella_Cell count,2023-02-20 08:35:00.000+10:00,16484,cells/ml,,,,,,,,,,
WULW,Total Cyanobacteria,2023-02-20 08:35:00.000+10:00,71310,cells/ml,,,,,,,,,,
WULE,Chlorophyll - a,2023-02-06 08:55:00.000+10:00,4.6,mg/m^3,,,,,,,,,,
WULE,Coccoid Blue Green Picoplankton_Biovolume,2023-02-06 08:55:00.000+10:00,0.013,mm3/l,,,,,,,,,,
WULE,Coccoid Blue Green Picoplankton_Cell count,2023-02-06 08:55:00.000+10:00,29866,cells/ml,,,,,,,,,,
WULE,Cuspidothrix issatschenkoi_Biovolume,2023-02-06 08:55:00.000+10:00,0.022,mm3/l,,,,,,,,,,
WULE,Cuspidothrix issatschenkoi_Cell count,2023-02-06 08:55:00.000+10:00,415,cells/ml,,,,,,,,,,
WULE,Cyanobacteria Biovolume,2023-02-06 08:55:00.000+10:00,0.084,mm3/l,,,,,,,,,,
WULE,Enterococci,2023-02-06 08:55:00.000+10:00,1,cfu/100ml,,,,,,,,,,
WULE,Microcystis_Biovolume,2023-02-06 08:55:00.000+10:00,0.02,mm3/l,,,,,,,,,,
WULE,Microcystis_Cell count,2023-02-06 08:55:00.000+10:00,747,cells/ml,,,,,,,,,,
WULE,Potentially Toxic Cyanobacteria,2023-02-06 08:55:00.000+10:00,747,cells/ml,,,,,,,,,,
WULE,Potentially Toxic Cyanobacteria Biovolume,2023-02-06 08:55:00.000+10:00,0.02,mm3/l,,,,,,,,,,
WULE,Snowella_Biovolume,2023-02-06 08:55:00.000+10:00,0.029,mm3/l,,,,,,,,,,
WULE,Snowella_Cell count,2023-02-06 08:55:00.000+10:00,3733,cells/ml,,,,,,,,,,
WULE,Total Cyanobacteria,2023-02-06 08:55:00.000+10:00,34760,cells/ml,,,,,,,,,,
WULM,Chlorophyll - a,2023-02-06 08:45:00.000+10:00,4.9,mg/m^3,,,,,,,,,,
WULM,Coccoid Blue Green Picoplankton_Biovolume,2023-02-06 08:45:00.000+10:00,0.022,mm3/l,,,,,,,,,,
WULM,Coccoid Blue Green Picoplankton_Cell count,2023-02-06 08:45:00.000+10:00,48781,cells/ml,,,,,,,,,,
WULM,Cyanobacteria Biovolume,2023-02-06 08:45:00.000+10:00,0.127,mm3/l,,,,,,,,,,
WULM,Enterococci,2023-02-06 08:45:00.000+10:00,1,cfu/100ml,,,,,,,,,,
WULM,Microcystis_Biovolume,2023-02-06 08:45:00.000+10:00,0.049,mm3/l,,,,,,,,,,
WULM,Microcystis_Cell count,2023-02-06 08:45:00.000+10:00,1797,cells/ml,,,,,,,,,,
WULM,Potentially Toxic Cyanobacteria,2023-02-06 08:45:00.000+10:00,1800,cells/ml,,,,,,,,,,
WULM,Potentially Toxic Cyanobacteria Biovolume,2023-02-06 08:45:00.000+10:00,0.049,mm3/l,,,,,,,,,,
WULM,Snowella_Biovolume,2023-02-06 08:45:00.000+10:00,0.009,mm3/l,,,,,,,,,,
WULM,Snowella_Cell count,2023-02-06 08:45:00.000+10:00,1179,cells/ml,,,,,,,,,,
WULM,Total Cyanobacteria,2023-02-06 08:45:00.000+10:00,54360,cells/ml,,,,,,,,,,
WULM,Woronichinia_Biovolume,2023-02-06 08:45:00.000+10:00,0.047,mm3/l,,,,,,,,,,
WULM,Woronichinia_Cell count,2023-02-06 08:45:00.000+10:00,2602,cells/ml,,,,,,,,,,
WULW,Chlorophyll - a,2023-02-06 08:35:00.000+10:00,6.6,mg/m^3,,,,,,,,,,
WULW,Coccoid Blue Green Picoplankton_Biovolume,2023-02-06 08:35:00.000+10:00,0.024,mm3/l,,,,,,,,,,
WULW,Coccoid Blue Green Picoplankton_Cell count,2023-02-06 08:35:00.000+10:00,54754,cells/ml,,,,,,,,,,
WULW,Cyanobacteria Biovolume,2023-02-06 08:35:00.000+10:00,0.081,mm3/l,,,,,,,,,,
WULW,Enterococci,2023-02-06 08:35:00.000+10:00,1,cfu/100ml,,,,,,,,,,
WULW,Microcystis_Biovolume,2023-02-06 08:35:00.000+10:00,0.019,mm3/l,,,,,,,,,,
WULW,Microcystis_Cell count,2023-02-06 08:35:00.000+10:00,705,cells/ml,,,,,,,,,,
WULW,Potentially Toxic Cyanobacteria,2023-02-06 08:35:00.000+10:00,705,cells/ml,,,,,,,,,,
WULW,Potentially Toxic Cyanobacteria Biovolume,2023-02-06 08:35:00.000+10:00,0.019,mm3/l,,,,,,,,,,
WULW,Snowella_Biovolume,2023-02-06 08:35:00.000+10:00,0.038,mm3/l,,,,,,,,,,
WULW,Snowella_Cell count,2023-02-06 08:35:00.000+10:00,4915,cells/ml,,,,,,,,,,
WULW,Total Cyanobacteria,2023-02-06 08:35:00.000+10:00,60370,cells/ml,,,,,,,,,,
WULM,Ammonia as N,2023-01-23 12:00:00.000+10:00,0.02,mg/L,0.01,,,,,,,,,
WULW,Ammonia as N,2023-01-23 12:00:00.000+10:00,0.03,mg/L,0.01,,,,,,,,,
WULE,Ammonia as N,2023-01-23 12:00:00.000+10:00,0.02,mg/L,0.01,,,,,,,,,
WULE,Dissolved Reactive Phosphorus as P,2023-01-23 12:00:00.000+10:00,,mg/L,0.01,,,,,,,,,
WULM,Dissolved Reactive Phosphorus as P,2023-01-23 12:00:00.000+10:00,,mg/L,0.01,,,,,,,,,
WULW,Dissolved Reactive Phosphorus as P,2023-01-23 12:00:00.000+10:00,,mg/L,0.01,,,,,,,,,
WULW,Nitrate as N,2023-01-23 12:00:00.000+10:00,,mg/L,0.01,,,,,,,,,
WULM,Nitrate as N,2023-01-23 12:00:00.000+10:00,,mg/L,0.01,,,,,,,,,
WULE,Nitrate as N,2023-01-23 12:00:00.000+10:00,,mg/L,0.01,,,,,,,,,
WULM,Nitrite + Nitrate as N,2023-01-23 12:00:00.000+10:00,,mg/L,0.01,,,,,,,,,
WULE,Nitrite + Nitrate as N,2023-01-23 12:00:00.000+10:00,,mg/L,0.01,,,,,,,,,
WULW,Nitrite + Nitrate as N,2023-01-23 12:00:00.000+10:00,,mg/L,0.01,,,,,,,,,
WULE,Nitrite as N,2023-01-23 12:00:00.000+10:00,,mg/L,0.01,,,,,,,,,
WULM,Nitrite as N,2023-01-23 12:00:00.000+10:00,,mg/L,0.01,,,,,,,,,
WULW,Nitrite as N,2023-01-23 12:00:00.000+10:00,,mg/L,0.01,,,,,,,,,
WULE,Total Kjeldahl Nitrogen as N,2023-01-23 12:00:00.000+10:00,0.5,mg/L,0.1,,,,,,,,,
WULW,Total Kjeldahl Nitrogen as N,2023-01-23 12:00:00.000+10:00,0.4,mg/L,0.1,,,,,,,,,
WULM,Total Kjeldahl Nitrogen as N,2023-01-23 12:00:00.000+10:00,0.4,mg/L,0.1,,,,,,,,,
WULE,Total Nitrogen as N,2023-01-23 12:00:00.000+10:00,0.5,mg/L,0.1,,,,,,,,,
WULW,Total Nitrogen as N,2023-01-23 12:00:00.000+10:00,0.4,mg/L,0.1,,,,,,,,,
WULM,Total Nitrogen as N,2023-01-23 12:00:00.000+10:00,0.4,mg/L,0.1,,,,,,,,,
WULW,Total Phosphorus as P,2023-01-23 12:00:00.000+10:00,0.03,mg/L,0.01,,,,,,,,,
WULE,Total Phosphorus as P,2023-01-23 12:00:00.000+10:00,0.03,mg/L,0.01,,,,,,,,,
WULM,Total Phosphorus as P,2023-01-23 12:00:00.000+10:00,,mg/L,0.01,,,,,,,,,
WULW,Total suspended solids,2023-01-23 12:00:00.000+10:00,,mg/L,5,,,,,,,,,
WULE,Total suspended solids,2023-01-23 12:00:00.000+10:00,,mg/L,5,,,,,,,,,
WULM,Total suspended solids,2023-01-23 12:00:00.000+10:00,,mg/L,5,,,,,,,,,
WULE,Chlorophyll - a,2023-01-23 09:05:00.000+10:00,17.8,mg/m^3,,,,,,,,,,
WULE,Coccoid Blue Green Picoplankton_Biovolume,2023-01-23 09:05:00.000+10:00,0.021,mm3/l,,,,,,,,,,
WULE,Coccoid Blue Green Picoplankton_Cell count,2023-01-23 09:05:00.000+10:00,46942,cells/ml,,,,,,,,,,
WULE,Cuspidothrix issatschenkoi_Biovolume,2023-01-23 09:05:00.000+10:00,0.176,mm3/l,,,,,,,,,,
WULE,Cuspidothrix issatschenkoi_Cell count,2023-01-23 09:05:00.000+10:00,3249,cells/ml,,,,,,,,,,
WULE,Cyanobacteria Biovolume,2023-01-23 09:05:00.000+10:00,0.239,mm3/l,,,,,,,,,,
WULE,Enterococci,2023-01-23 09:05:00.000+10:00,4,cfu/100ml,,,,,,,,,,
WULE,Microcystis_Biovolume,2023-01-23 09:05:00.000+10:00,0.009,mm3/l,,,,,,,,,,
WULE,Microcystis_Cell count,2023-01-23 09:05:00.000+10:00,332,cells/ml,,,,,,,,,,
WULE,Potentially Toxic Cyanobacteria,2023-01-23 09:05:00.000+10:00,332,cells/ml,,,,,,,,,,
WULE,Potentially Toxic Cyanobacteria Biovolume,2023-01-23 09:05:00.000+10:00,0.009,mm3/l,,,,,,,,,,
WULE,Snowella_Biovolume,2023-01-23 09:05:00.000+10:00,0.033,mm3/l,,,,,,,,,,
WULE,Snowella_Cell count,2023-01-23 09:05:00.000+10:00,4267,cells/ml,,,,,,,,,,
WULE,Total Cyanobacteria,2023-01-23 09:05:00.000+10:00,54790,cells/ml,,,,,,,,,,
WULM,Chlorophyll - a,2023-01-23 08:50:00.000+10:00,15.5,mg/m^3,,,,,,,,,,
WULM,Coccoid Blue Green Picoplankton_Biovolume,2023-01-23 08:50:00.000+10:00,0.077,mm3/l,,,,,,,,,,
WULM,Coccoid Blue Green Picoplankton_Cell count,2023-01-23 08:50:00.000+10:00,171894,cells/ml,,,,,,,,,,
WULM,Cyanobacteria Biovolume,2023-01-23 08:50:00.000+10:00,0.18,mm3/l,,,,,,,,,,
WULM,Enterococci,2023-01-23 08:50:00.000+10:00,2,cfu/100ml,,,,,,,,,,
WULM,Microcystis_Biovolume,2023-01-23 08:50:00.000+10:00,0.013,mm3/l,,,,,,,,,,
WULM,Microcystis_Cell count,2023-01-23 08:50:00.000+10:00,498,cells/ml,,,,,,,,,,
WULM,Planktolyngbya_Biovolume,2023-01-23 08:50:00.000+10:00,0.029,mm3/l,,,,,,,,,,
WULM,Planktolyngbya_Cell count,2023-01-23 08:50:00.000+10:00,369,cells/ml,,,,,,,,,,
WULM,Potentially Toxic Cyanobacteria,2023-01-23 08:50:00.000+10:00,498,cells/ml,,,,,,,,,,
WULM,Potentially Toxic Cyanobacteria Biovolume,2023-01-23 08:50:00.000+10:00,0.013,mm3/l,,,,,,,,,,
WULM,Snowella_Biovolume,2023-01-23 08:50:00.000+10:00,0.061,mm3/l,,,,,,,,,,
WULM,Snowella_Cell count,2023-01-23 08:50:00.000+10:00,7765,cells/ml,,,,,,,,,,
WULM,Total Cyanobacteria,2023-01-23 08:50:00.000+10:00,180500,cells/ml,,,,,,,,,,
WULW,Chlorophyll - a,2023-01-23 08:40:00.000+10:00,19.9,mg/m^3,,,,,,,,,,
WULW,Coccoid Blue Green Picoplankton_Biovolume,2023-01-23 08:40:00.000+10:00,0.032,mm3/l,,,,,,,,,,
WULW,Coccoid Blue Green Picoplankton_Cell count,2023-01-23 08:40:00.000+10:00,72590,cells/ml,,,,,,,,,,
WULW,Cyanobacteria Biovolume,2023-01-23 08:40:00.000+10:00,0.066,mm3/l,,,,,,,,,,
WULW,Enterococci,2023-01-23 08:40:00.000+10:00,60,cfu/100ml,,,,,,,,,,
WULW,Microcystis_Biovolume,2023-01-23 08:40:00.000+10:00,0.025,mm3/l,,,,,,,,,,
WULW,Microcystis_Cell count,2023-01-23 08:40:00.000+10:00,913,cells/ml,,,,,,,,,,
WULW,Potentially Toxic Cyanobacteria,2023-01-23 08:40:00.000+10:00,913,cells/ml,,,,,,,,,,
WULW,Potentially Toxic Cyanobacteria Biovolume,2023-01-23 08:40:00.000+10:00,0.025,mm3/l,,,,,,,,,,
WULW,Snowella_Biovolume,2023-01-23 08:40:00.000+10:00,0.009,mm3/l,,,,,,,,,,
WULW,Snowella_Cell count,2023-01-23 08:40:00.000+10:00,1249,cells/ml,,,,,,,,,,
WULW,Total Cyanobacteria,2023-01-23 08:40:00.000+10:00,74750,cells/ml,,,,,,,,,,
WULM,Ammonia as N,2023-01-09 12:00:00.000+10:00,0.01,mg/L,0.01,,,,,,,,,
WULW,Ammonia as N,2023-01-09 12:00:00.000+10:00,0.01,mg/L,0.01,,,,,,,,,
WULE,Ammonia as N,2023-01-09 12:00:00.000+10:00,0.01,mg/L,0.01,,,,,,,,,
WULE,Dissolved Reactive Phosphorus as P,2023-01-09 12:00:00.000+10:00,,mg/L,0.01,,,,,,,,,
WULM,Dissolved Reactive Phosphorus as P,2023-01-09 12:00:00.000+10:00,,mg/L,0.01,,,,,,,,,
WULW,Dissolved Reactive Phosphorus as P,2023-01-09 12:00:00.000+10:00,,mg/L,0.01,,,,,,,,,
WULW,Nitrate as N,2023-01-09 12:00:00.000+10:00,,mg/L,0.01,,,,,,,,,
WULE,Nitrate as N,2023-01-09 12:00:00.000+10:00,,mg/L,0.01,,,,,,,,,
WULM,Nitrate as N,2023-01-09 12:00:00.000+10:00,,mg/L,0.01,,,,,,,,,
WULM,Nitrite + Nitrate as N,2023-01-09 12:00:00.000+10:00,,mg/L,0.01,,,,,,,,,
WULE,Nitrite + Nitrate as N,2023-01-09 12:00:00.000+10:00,,mg/L,0.01,,,,,,,,,
WULW,Nitrite + Nitrate as N,2023-01-09 12:00:00.000+10:00,,mg/L,0.01,,,,,,,,,
WULW,Nitrite as N,2023-01-09 12:00:00.000+10:00,,mg/L,0.01,,,,,,,,,
WULM,Nitrite as N,2023-01-09 12:00:00.000+10:00,,mg/L,0.01,,,,,,,,,
WULE,Nitrite as N,2023-01-09 12:00:00.000+10:00,,mg/L,0.01,,,,,,,,,
WULM,Total Kjeldahl Nitrogen as N,2023-01-09 12:00:00.000+10:00,0.5,mg/L,0.1,,,,,,,,,
WULW,Total Kjeldahl Nitrogen as N,2023-01-09 12:00:00.000+10:00,0.5,mg/L,0.1,,,,,,,,,
WULE,Total Kjeldahl Nitrogen as N,2023-01-09 12:00:00.000+10:00,0.5,mg/L,0.1,,,,,,,,,
WULM,Total Nitrogen as N,2023-01-09 12:00:00.000+10:00,0.5,mg/L,0.1,,,,,,,,,
WULW,Total Nitrogen as N,2023-01-09 12:00:00.000+10:00,0.5,mg/L,0.1,,,,,,,,,
WULE,Total Nitrogen as N,2023-01-09 12:00:00.000+10:00,0.5,mg/L,0.1,,,,,,,,,
WULE,Total Phosphorus as P,2023-01-09 12:00:00.000+10:00,0.02,mg/L,0.01,,,,,,,,,
WULW,Total Phosphorus as P,2023-01-09 12:00:00.000+10:00,0.02,mg/L,0.01,,,,,,,,,
WULM,Total Phosphorus as P,2023-01-09 12:00:00.000+10:00,0.02,mg/L,0.01,,,,,,,,,
WULM,Total suspended solids,2023-01-09 12:00:00.000+10:00,,mg/L,5,,,,,,,,,
WULE,Total suspended solids,2023-01-09 12:00:00.000+10:00,8,mg/L,5,,,,,,,,,
WULW,Total suspended solids,2023-01-09 12:00:00.000+10:00,5,mg/L,5,,,,,,,,,
WULE,Chlorophyll - a,2023-01-09 08:20:00.000+10:00,5.3,mg/m^3,,,,,,,,,,
WULE,Coccoid Blue Green Picoplankton_Biovolume,2023-01-09 08:20:00.000+10:00,0.064,mm3/l,,,,,,,,,,
WULE,Coccoid Blue Green Picoplankton_Cell count,2023-01-09 08:20:00.000+10:00,143453,cells/ml,,,,,,,,,,
WULE,Cyanobacteria Biovolume,2023-01-09 08:20:00.000+10:00,0.128,mm3/l,,,,,,,,,,
WULE,Enterococci,2023-01-09 08:20:00.000+10:00,2,cfu/100ml,,,,,,,,,,
WULE,Microcystis_Biovolume,2023-01-09 08:20:00.000+10:00,0.064,mm3/l,,,,,,,,,,
WULE,Microcystis_Cell count,2023-01-09 08:20:00.000+10:00,2323,cells/ml,,,,,,,,,,
WULE,Potentially Toxic Cyanobacteria,2023-01-09 08:20:00.000+10:00,2320,cells/ml,,,,,,,,,,
WULE,Potentially Toxic Cyanobacteria Biovolume,2023-01-09 08:20:00.000+10:00,0.064,mm3/l,,,,,,,,,,
WULE,Total Cyanobacteria,2023-01-09 08:20:00.000+10:00,145800,cells/ml,,,,,,,,,,
WULM,Chlorophyll - a,2023-01-09 08:15:00.000+10:00,6.5,mg/m^3,,,,,,,,,,
WULM,Coccoid Blue Green Picoplankton_Biovolume,2023-01-09 08:15:00.000+10:00,0.052,mm3/l,,,,,,,,,,
WULM,Coccoid Blue Green Picoplankton_Cell count,2023-01-09 08:15:00.000+10:00,116211,cells/ml,,,,,,,,,,
WULM,Cyanobacteria Biovolume,2023-01-09 08:15:00.000+10:00,0.114,mm3/l,,,,,,,,,,
WULM,Enterococci,2023-01-09 08:15:00.000+10:00,1,cfu/100ml,,,,,,,,,,
WULM,Microcystis_Biovolume,2023-01-09 08:15:00.000+10:00,0.062,mm3/l,,,,,,,,,,
WULM,Microcystis_Cell count,2023-01-09 08:15:00.000+10:00,2240,cells/ml,,,,,,,,,,
WULM,Potentially Toxic Cyanobacteria,2023-01-09 08:15:00.000+10:00,2240,cells/ml,,,,,,,,,,
WULM,Potentially Toxic Cyanobacteria Biovolume,2023-01-09 08:15:00.000+10:00,0.062,mm3/l,,,,,,,,,,
WULM,Total Cyanobacteria,2023-01-09 08:15:00.000+10:00,118500,cells/ml,,,,,,,,,,
WULW,Chlorophyll - a,2023-01-09 08:05:00.000+10:00,8.9,mg/m^3,,,,,,,,,,
WULW,Coccoid Blue Green Picoplankton_Biovolume,2023-01-09 08:05:00.000+10:00,0.06,mm3/l,,,,,,,,,,
WULW,Coccoid Blue Green Picoplankton_Cell count,2023-01-09 08:05:00.000+10:00,132903,cells/ml,,,,,,,,,,
WULW,Cyanobacteria Biovolume,2023-01-09 08:05:00.000+10:00,0.098,mm3/l,,,,,,,,,,
WULW,Enterococci,2023-01-09 08:05:00.000+10:00,1,cfu/100ml,,,,,,,,,,
WULW,Microcystis_Biovolume,2023-01-09 08:05:00.000+10:00,0.038,mm3/l,,,,,,,,,,
WULW,Microcystis_Cell count,2023-01-09 08:05:00.000+10:00,1383,cells/ml,,,,,,,,,,
WULW,Potentially Toxic Cyanobacteria,2023-01-09 08:05:00.000+10:00,1380,cells/ml,,,,,,,,,,
WULW,Potentially Toxic Cyanobacteria Biovolume,2023-01-09 08:05:00.000+10:00,0.038,mm3/l,,,,,,,,,,
WULW,Total Cyanobacteria,2023-01-09 08:05:00.000+10:00,134300,cells/ml,,,,,,,,,,
WULE,Ammonia as N,2023-01-03 12:00:00.000+10:00,0.01,mg/L,0.01,,,,,,,,,
WULM,Ammonia as N,2023-01-03 12:00:00.000+10:00,0.05,mg/L,0.01,,,,,,,,,
WULW,Ammonia as N,2023-01-03 12:00:00.000+10:00,,mg/L,0.01,,,,,,,,,
WULE,Dissolved Reactive Phosphorus as P,2023-01-03 12:00:00.000+10:00,,mg/L,0.01,,,,,,,,,
WULM,Dissolved Reactive Phosphorus as P,2023-01-03 12:00:00.000+10:00,,mg/L,0.01,,,,,,,,,
WULW,Dissolved Reactive Phosphorus as P,2023-01-03 12:00:00.000+10:00,,mg/L,0.01,,,,,,,,,
WULE,Nitrate as N,2023-01-03 12:00:00.000+10:00,,mg/L,0.01,,,,,,,,,
WULM,Nitrate as N,2023-01-03 12:00:00.000+10:00,,mg/L,0.01,,,,,,,,,
WULW,Nitrate as N,2023-01-03 12:00:00.000+10:00,,mg/L,0.01,,,,,,,,,
WULE,Nitrite + Nitrate as N,2023-01-03 12:00:00.000+10:00,,mg/L,0.01,,,,,,,,,
WULW,Nitrite + Nitrate as N,2023-01-03 12:00:00.000+10:00,,mg/L,0.01,,,,,,,,,
WULM,Nitrite + Nitrate as N,2023-01-03 12:00:00.000+10:00,,mg/L,0.01,,,,,,,,,
WULW,Nitrite as N,2023-01-03 12:00:00.000+10:00,,mg/L,0.01,,,,,,,,,
WULE,Nitrite as N,2023-01-03 12:00:00.000+10:00,,mg/L,0.01,,,,,,,,,
WULM,Nitrite as N,2023-01-03 12:00:00.000+10:00,,mg/L,0.01,,,,,,,,,
WULW,Reactive Phosphorus as P,2023-01-03 12:00:00.000+10:00,,mg/L,0.01,,,,,,,,,
WULE,Reactive Phosphorus as P,2023-01-03 12:00:00.000+10:00,,mg/L,0.01,,,,,,,,,
WULM,Reactive Phosphorus as P,2023-01-03 12:00:00.000+10:00,,mg/L,0.01,,,,,,,,,
WULM,Total Kjeldahl Nitrogen as N,2023-01-03 12:00:00.000+10:00,0.5,mg/L,0.1,,,,,,,,,
WULE,Total Kjeldahl Nitrogen as N,2023-01-03 12:00:00.000+10:00,0.5,mg/L,0.1,,,,,,,,,
WULW,Total Kjeldahl Nitrogen as N,2023-01-03 12:00:00.000+10:00,0.5,mg/L,0.1,,,,,,,,,
WULE,Total Nitrogen as N,2023-01-03 12:00:00.000+10:00,0.5,mg/L,0.1,,,,,,,,,
WULM,Total Nitrogen as N,2023-01-03 12:00:00.000+10:00,0.5,mg/L,0.1,,,,,,,,,
WULW,Total Nitrogen as N,2023-01-03 12:00:00.000+10:00,0.5,mg/L,0.1,,,,,,,,,
WULE,Total Phosphorus as P,2023-01-03 12:00:00.000+10:00,0.01,mg/L,0.01,,,,,,,,,
WULM,Total Phosphorus as P,2023-01-03 12:00:00.000+10:00,0.03,mg/L,0.01,,,,,,,,,
WULW,Total Phosphorus as P,2023-01-03 12:00:00.000+10:00,0.02,mg/L,0.01,,,,,,,,,
WULE,Total suspended solids,2023-01-03 12:00:00.000+10:00,,mg/L,5,,,,,,,,,
WULW,Total suspended solids,2023-01-03 12:00:00.000+10:00,,mg/L,5,,,,,,,,,
WULM,Total suspended solids,2023-01-03 12:00:00.000+10:00,,mg/L,5,,,,,,,,,
WULE,Chlorophyll - a,2023-01-03 09:15:00.000+10:00,6.3,mg/m^3,,,,,,,,,,
WULE,Coccoid Blue Green Picoplankton_Biovolume,2023-01-03 09:15:00.000+10:00,0.136,mm3/l,,,,,,,,,,
WULE,Coccoid Blue Green Picoplankton_Cell count,2023-01-03 09:15:00.000+10:00,301921,cells/ml,,,,,,,,,,
WULE,Cyanobacteria Biovolume,2023-01-03 09:15:00.000+10:00,0.187,mm3/l,,,,,,,,,,
WULE,Dolichospermum circinale_Biovolume,2023-01-03 09:15:00.000+10:00,0.051,mm3/l,,,,,,,,,,
WULE,Dolichospermum circinale_Cell count,2023-01-03 09:15:00.000+10:00,295,cells/ml,,,,,,,,,,
WULE,Enterococci,2023-01-03 09:15:00.000+10:00,1,cfu/100ml,,,,,,,,,,
WULE,Potentially Toxic Cyanobacteria,2023-01-03 09:15:00.000+10:00,295,cells/ml,,,,,,,,,,
WULE,Potentially Toxic Cyanobacteria Biovolume,2023-01-03 09:15:00.000+10:00,0.051,mm3/l,,,,,,,,,,
WULE,Total Cyanobacteria,2023-01-03 09:15:00.000+10:00,302200,cells/ml,,,,,,,,,,
WULM,Chlorophyll - a,2023-01-03 09:00:00.000+10:00,6.5,mg/m^3,,,,,,,,,,
WULM,Coccoid Blue Green Picoplankton_Biovolume,2023-01-03 09:00:00.000+10:00,0.15,mm3/l,,,,,,,,,,
WULM,Coccoid Blue Green Picoplankton_Cell count,2023-01-03 09:00:00.000+10:00,332838,cells/ml,,,,,,,,,,
WULM,Cyanobacteria Biovolume,2023-01-03 09:00:00.000+10:00,0.207,mm3/l,,,,,,,,,,
WULM,Dolichospermum circinale_Biovolume,2023-01-03 09:00:00.000+10:00,0.057,mm3/l,,,,,,,,,,
WULM,Dolichospermum circinale_Cell count,2023-01-03 09:00:00.000+10:00,330,cells/ml,,,,,,,,,,
WULM,Enterococci,2023-01-03 09:00:00.000+10:00,1,cfu/100ml,,,,,,,,,,
WULM,Potentially Toxic Cyanobacteria,2023-01-03 09:00:00.000+10:00,330,cells/ml,,,,,,,,,,
WULM,Potentially Toxic Cyanobacteria Biovolume,2023-01-03 09:00:00.000+10:00,0.057,mm3/l,,,,,,,,,,
WULM,Total Cyanobacteria,2023-01-03 09:00:00.000+10:00,333200,cells/ml,,,,,,,,,,
WULW,Chlorophyll - a,2023-01-03 08:45:00.000+10:00,5.7,mg/m^3,,,,,,,,,,
WULW,Coccoid Blue Green Picoplankton_Biovolume,2023-01-03 08:45:00.000+10:00,0.077,mm3/l,,,,,,,,,,
WULW,Coccoid Blue Green Picoplankton_Cell count,2023-01-03 08:45:00.000+10:00,171452,cells/ml,,,,,,,,,,
WULW,Cyanobacteria Biovolume,2023-01-03 08:45:00.000+10:00,0.095,mm3/l,,,,,,,,,,
WULW,Enterococci,2023-01-03 08:45:00.000+10:00,2,cfu/100ml,,,,,,,,,,
WULW,Microcystis_Biovolume,2023-01-03 08:45:00.000+10:00,0.018,mm3/l,,,,,,,,,,
WULW,Microcystis_Cell count,2023-01-03 08:45:00.000+10:00,678,cells/ml,,,,,,,,,,
WULW,Potentially Toxic Cyanobacteria,2023-01-03 08:45:00.000+10:00,678,cells/ml,,,,,,,,,,
WULW,Potentially Toxic Cyanobacteria Biovolume,2023-01-03 08:45:00.000+10:00,0.018,mm3/l,,,,,,,,,,
WULW,Total Cyanobacteria,2023-01-03 08:45:00.000+10:00,172100,cells/ml,,,,,,,,,,
WULM,Ammonia as N,2022-12-12 12:00:00.000+10:00,,mg/L,0.01,,,,,,,,,
WULE,Ammonia as N,2022-12-12 12:00:00.000+10:00,,mg/L,0.01,,,,,,,,,
WULW,Ammonia as N,2022-12-12 12:00:00.000+10:00,,mg/L,0.01,,,,,,,,,
WULE,Dissolved Reactive Phosphorus as P,2022-12-12 12:00:00.000+10:00,,mg/L,0.01,,,,,,,,,
WULW,Dissolved Reactive Phosphorus as P,2022-12-12 12:00:00.000+10:00,,mg/L,0.01,,,,,,,,,
WULM,Dissolved Reactive Phosphorus as P,2022-12-12 12:00:00.000+10:00,,mg/L,0.01,,,,,,,,,
WULM,Nitrate as N,2022-12-12 12:00:00.000+10:00,0.01,mg/L,0.01,,,,,,,,,
WULW,Nitrate as N,2022-12-12 12:00:00.000+10:00,0.01,mg/L,0.01,,,,,,,,,
WULE,Nitrate as N,2022-12-12 12:00:00.000+10:00,,mg/L,0.01,,,,,,,,,
WULW,Nitrite + Nitrate as N,2022-12-12 12:00:00.000+10:00,0.01,mg/L,0.01,,,,,,,,,
WULE,Nitrite + Nitrate as N,2022-12-12 12:00:00.000+10:00,,mg/L,0.01,,,,,,,,,
WULM,Nitrite + Nitrate as N,2022-12-12 12:00:00.000+10:00,0.01,mg/L,0.01,,,,,,,,,
WULE,Nitrite as N,2022-12-12 12:00:00.000+10:00,,mg/L,0.01,,,,,,,,,
WULM,Nitrite as N,2022-12-12 12:00:00.000+10:00,,mg/L,0.01,,,,,,,,,
WULW,Nitrite as N,2022-12-12 12:00:00.000+10:00,,mg/L,0.01,,,,,,,,,
WULW,Total Kjeldahl Nitrogen as N,2022-12-12 12:00:00.000+10:00,0.6,mg/L,0.1,,,,,,,,,
WULM,Total Kjeldahl Nitrogen as N,2022-12-12 12:00:00.000+10:00,0.4,mg/L,0.1,,,,,,,,,
WULE,Total Kjeldahl Nitrogen as N,2022-12-12 12:00:00.000+10:00,0.4,mg/L,0.1,,,,,,,,,
WULW,Total Nitrogen as N,2022-12-12 12:00:00.000+10:00,0.6,mg/L,0.1,,,,,,,,,
WULE,Total Nitrogen as N,2022-12-12 12:00:00.000+10:00,0.4,mg/L,0.1,,,,,,,,,
WULM,Total Nitrogen as N,2022-12-12 12:00:00.000+10:00,0.4,mg/L,0.1,,,,,,,,,
WULE,Total Phosphorus as P,2022-12-12 12:00:00.000+10:00,0.02,mg/L,0.01,,,,,,,,,
WULM,Total Phosphorus as P,2022-12-12 12:00:00.000+10:00,0.02,mg/L,0.01,,,,,,,,,
WULW,Total Phosphorus as P,2022-12-12 12:00:00.000+10:00,0.02,mg/L,0.01,,,,,,,,,
WULW,Total suspended solids,2022-12-12 12:00:00.000+10:00,,mg/L,5,,,,,,,,,
WULE,Total suspended solids,2022-12-12 12:00:00.000+10:00,,mg/L,5,,,,,,,,,
WULM,Total suspended solids,2022-12-12 12:00:00.000+10:00,,mg/L,5,,,,,,,,,
WULE,Chlorophyll - a,2022-12-12 08:20:00.000+10:00,4,mg/m^3,,,,,,,,,,
WULE,Coccoid Blue Green Picoplankton_Biovolume,2022-12-12 08:20:00.000+10:00,0,mm3/l,,,,,,,,,,
WULE,Coccoid Blue Green Picoplankton_Cell count,2022-12-12 08:20:00.000+10:00,484,cells/ml,,,,,,,,,,
WULE,Cyanobacteria Biovolume,2022-12-12 08:20:00.000+10:00,0.154,mm3/l,,,,,,,,,,
WULE,Dolichospermum_Biovolume,2022-12-12 08:20:00.000+10:00,0.149,mm3/l,,,,,,,,,,
WULE,Dolichospermum_Cell count,2022-12-12 08:20:00.000+10:00,919,cells/ml,,,,,,,,,,
WULE,Enterococci,2022-12-12 08:20:00.000+10:00,1,cfu/100ml,,,,,,,,,,
WULE,Microcystis_Biovolume,2022-12-12 08:20:00.000+10:00,0.005,mm3/l,,,,,,,,,,
WULE,Microcystis_Cell count,2022-12-12 08:20:00.000+10:00,207,cells/ml,,,,,,,,,,
WULE,Potentially Toxic Cyanobacteria,2022-12-12 08:20:00.000+10:00,1130,cells/ml,,,,,,,,,,
WULE,Potentially Toxic Cyanobacteria Biovolume,2022-12-12 08:20:00.000+10:00,0.154,mm3/l,,,,,,,,,,
WULE,Total Cyanobacteria,2022-12-12 08:20:00.000+10:00,1610,cells/ml,,,,,,,,,,
WULM,Chlorophyll - a,2022-12-12 08:15:00.000+10:00,3.2,mg/m^3,,,,,,,,,,
WULM,Coccoid Blue Green Picoplankton_Biovolume,2022-12-12 08:15:00.000+10:00,0.007,mm3/l,,,,,,,,,,
WULM,Coccoid Blue Green Picoplankton_Cell count,2022-12-12 08:15:00.000+10:00,17359,cells/ml,,,,,,,,,,
WULM,Cyanobacteria Biovolume,2022-12-12 08:15:00.000+10:00,0.023,mm3/l,,,,,,,,,,
WULM,Enterococci,2022-12-12 08:15:00.000+10:00,2,cfu/100ml,,,,,,,,,,
WULM,Microcystis_Biovolume,2022-12-12 08:15:00.000+10:00,0.014,mm3/l,,,,,,,,,,
WULM,Microcystis_Cell count,2022-12-12 08:15:00.000+10:00,532,cells/ml,,,,,,,,,,
WULM,Potentially Toxic Cyanobacteria,2022-12-12 08:15:00.000+10:00,532,cells/ml,,,,,,,,,,
WULM,Potentially Toxic Cyanobacteria Biovolume,2022-12-12 08:15:00.000+10:00,0.014,mm3/l,,,,,,,,,,
WULM,Pseudanabaena mucicola_Biovolume,2022-12-12 08:15:00.000+10:00,0.002,mm3/l,,,,,,,,,,
WULM,Pseudanabaena mucicola_Cell count,2022-12-12 08:15:00.000+10:00,207,cells/ml,,,,,,,,,,
WULM,Total Cyanobacteria,2022-12-12 08:15:00.000+10:00,18100,cells/ml,,,,,,,,,,
WULW,Chlorophyll - a,2022-12-12 08:05:00.000+10:00,4,mg/m^3,,,,,,,,,,
WULW,Coccoid Blue Green Picoplankton_Biovolume,2022-12-12 08:05:00.000+10:00,0,mm3/l,,,,,,,,,,
WULW,Coccoid Blue Green Picoplankton_Cell count,2022-12-12 08:05:00.000+10:00,2143,cells/ml,,,,,,,,,,
WULW,Cyanobacteria Biovolume,2022-12-12 08:05:00.000+10:00,0.153,mm3/l,,,,,,,,,,
WULW,Dolichospermum circinale_Biovolume,2022-12-12 08:05:00.000+10:00,0.153,mm3/l,,,,,,,,,,
WULW,Dolichospermum circinale_Cell count,2022-12-12 08:05:00.000+10:00,885,cells/ml,,,,,,,,,,
WULW,Enterococci,2022-12-12 08:05:00.000+10:00,1,cfu/100ml,,,,,,,,,,
WULW,Potentially Toxic Cyanobacteria,2022-12-12 08:05:00.000+10:00,885,cells/ml,,,,,,,,,,
WULW,Potentially Toxic Cyanobacteria Biovolume,2022-12-12 08:05:00.000+10:00,0.153,mm3/l,,,,,,,,,,
WULW,Total Cyanobacteria,2022-12-12 08:05:00.000+10:00,3030,cells/ml,,,,,,,,,,
WULW,Ammonia as N,2022-11-28 12:00:00.000+10:00,0.02,mg/L,0.01,,,,,,,,,
WULM,Ammonia as N,2022-11-28 12:00:00.000+10:00,,mg/L,0.01,,,,,,,,,
WULE,Ammonia as N,2022-11-28 12:00:00.000+10:00,0.01,mg/L,0.01,,,,,,,,,
WULE,Dissolved Reactive Phosphorus as P,2022-11-28 12:00:00.000+10:00,,mg/L,0.01,,,,,,,,,
WULW,Dissolved Reactive Phosphorus as P,2022-11-28 12:00:00.000+10:00,,mg/L,0.01,,,,,,,,,
WULM,Dissolved Reactive Phosphorus as P,2022-11-28 12:00:00.000+10:00,,mg/L,0.01,,,,,,,,,
WULM,Nitrate as N,2022-11-28 12:00:00.000+10:00,,mg/L,0.01,,,,,,,,,
WULE,Nitrate as N,2022-11-28 12:00:00.000+10:00,,mg/L,0.01,,,,,,,,,
WULW,Nitrate as N,2022-11-28 12:00:00.000+10:00,0.01,mg/L,0.01,,,,,,,,,
WULE,Nitrite + Nitrate as N,2022-11-28 12:00:00.000+10:00,,mg/L,0.01,,,,,,,,,
WULM,Nitrite + Nitrate as N,2022-11-28 12:00:00.000+10:00,,mg/L,0.01,,,,,,,,,
WULW,Nitrite + Nitrate as N,2022-11-28 12:00:00.000+10:00,0.01,mg/L,0.01,,,,,,,,,
WULE,Nitrite as N,2022-11-28 12:00:00.000+10:00,,mg/L,0.01,,,,,,,,,
WULW,Nitrite as N,2022-11-28 12:00:00.000+10:00,,mg/L,0.01,,,,,,,,,
WULM,Nitrite as N,2022-11-28 12:00:00.000+10:00,,mg/L,0.01,,,,,,,,,
WULE,Total Kjeldahl Nitrogen as N,2022-11-28 12:00:00.000+10:00,0.4,mg/L,0.1,,,,,,,,,
WULW,Total Kjeldahl Nitrogen as N,2022-11-28 12:00:00.000+10:00,0.5,mg/L,0.1,,,,,,,,,
WULM,Total Kjeldahl Nitrogen as N,2022-11-28 12:00:00.000+10:00,0.4,mg/L,0.1,,,,,,,,,
WULM,Total Nitrogen as N,2022-11-28 12:00:00.000+10:00,0.4,mg/L,0.1,,,,,,,,,
WULW,Total Nitrogen as N,2022-11-28 12:00:00.000+10:00,0.5,mg/L,0.1,,,,,,,,,
WULE,Total Nitrogen as N,2022-11-28 12:00:00.000+10:00,0.4,mg/L,0.1,,,,,,,,,
WULE,Total Phosphorus as P,2022-11-28 12:00:00.000+10:00,0.03,mg/L,0.01,,,,,,,,,
WULM,Total Phosphorus as P,2022-11-28 12:00:00.000+10:00,0.03,mg/L,0.01,,,,,,,,,
WULW,Total Phosphorus as P,2022-11-28 12:00:00.000+10:00,0.03,mg/L,0.01,,,,,,,,,
WULE,Total suspended solids,2022-11-28 12:00:00.000+10:00,,mg/L,5,,,,,,,,,
WULW,Total suspended solids,2022-11-28 12:00:00.000+10:00,,mg/L,5,,,,,,,,,
WULM,Total suspended solids,2022-11-28 12:00:00.000+10:00,,mg/L,5,,,,,,,,,
WULE,Chlorophyll - a,2022-11-28 09:00:00.000+10:00,6.7,mg/m^3,,,,,,,,,,
WULE,Coccoid Blue Green Picoplankton_Biovolume,2022-11-28 09:00:00.000+10:00,0.001,mm3/l,,,,,,,,,,
WULE,Coccoid Blue Green Picoplankton_Cell count,2022-11-28 09:00:00.000+10:00,3388,cells/ml,,,,,,,,,,
WULE,Cyanobacteria Biovolume,2022-11-28 09:00:00.000+10:00,0.035,mm3/l,,,,,,,,,,
WULE,Enterococci,2022-11-28 09:00:00.000+10:00,3,cfu/100ml,,,,,,,,,,
WULE,Microcystis_Biovolume,2022-11-28 09:00:00.000+10:00,0.034,mm3/l,,,,,,,,,,
WULE,Microcystis_Cell count,2022-11-28 09:00:00.000+10:00,1258,cells/ml,,,,,,,,,,
WULE,Potentially Toxic Cyanobacteria,2022-11-28 09:00:00.000+10:00,1260,cells/ml,,,,,,,,,,
WULE,Potentially Toxic Cyanobacteria Biovolume,2022-11-28 09:00:00.000+10:00,0.034,mm3/l,,,,,,,,,,
WULE,Total Cyanobacteria,2022-11-28 09:00:00.000+10:00,4650,cells/ml,,,,,,,,,,
WULM,Chlorophyll - a,2022-11-28 08:50:00.000+10:00,5,mg/m^3,,,,,,,,,,
WULM,Coccoid Blue Green Picoplankton_Biovolume,2022-11-28 08:50:00.000+10:00,0,mm3/l,,,,,,,,,,
WULM,Coccoid Blue Green Picoplankton_Cell count,2022-11-28 08:50:00.000+10:00,968,cells/ml,,,,,,,,,,
WULM,Cyanobacteria Biovolume,2022-11-28 08:50:00.000+10:00,0.022,mm3/l,,,,,,,,,,
WULM,Enterococci,2022-11-28 08:50:00.000+10:00,1,cfu/100ml,,,,,,,,,,
WULM,Microcystis_Biovolume,2022-11-28 08:50:00.000+10:00,0.022,mm3/l,,,,,,,,,,
WULM,Microcystis_Cell count,2022-11-28 08:50:00.000+10:00,809,cells/ml,,,,,,,,,,
WULM,Potentially Toxic Cyanobacteria,2022-11-28 08:50:00.000+10:00,809,cells/ml,,,,,,,,,,
WULM,Potentially Toxic Cyanobacteria Biovolume,2022-11-28 08:50:00.000+10:00,0.022,mm3/l,,,,,,,,,,
WULM,Total Cyanobacteria,2022-11-28 08:50:00.000+10:00,1780,cells/ml,,,,,,,,,,
WULW,Chlorophyll - a,2022-11-28 08:40:00.000+10:00,6.4,mg/m^3,,,,,,,,,,
WULW,Coccoid Blue Green Picoplankton_Biovolume,2022-11-28 08:40:00.000+10:00,0,mm3/l,,,,,,,,,,
WULW,Coccoid Blue Green Picoplankton_Cell count,2022-11-28 08:40:00.000+10:00,691,cells/ml,,,,,,,,,,
WULW,Cyanobacteria Biovolume,2022-11-28 08:40:00.000+10:00,0.051,mm3/l,,,,,,,,,,
WULW,Dolichospermum cf circinale_Biovolume,2022-11-28 08:40:00.000+10:00,0.03,mm3/l,,,,,,,,,,
WULW,Dolichospermum cf circinale_Cell count,2022-11-28 08:40:00.000+10:00,173,cells/ml,,,,,,,,,,
WULW,Enterococci,2022-11-28 08:40:00.000+10:00,1,cfu/100ml,,,,,,,,,,
WULW,Microcystis_Biovolume,2022-11-28 08:40:00.000+10:00,0.021,mm3/l,,,,,,,,,,
WULW,Microcystis_Cell count,2022-11-28 08:40:00.000+10:00,760,cells/ml,,,,,,,,,,
WULW,Potentially Toxic Cyanobacteria,2022-11-28 08:40:00.000+10:00,933,cells/ml,,,,,,,,,,
WULW,Potentially Toxic Cyanobacteria Biovolume,2022-11-28 08:40:00.000+10:00,0.051,mm3/l,,,,,,,,,,
WULW,Total Cyanobacteria,2022-11-28 08:40:00.000+10:00,1620,cells/ml,,,,,,,,,,
WULE,Ammonia as N,2022-11-14 12:00:00.000+10:00,,mg/L,0.01,,,,,,,,,
WULE,Dissolved Reactive Phosphorus as P,2022-11-14 12:00:00.000+10:00,,mg/L,0.01,,,,,,,,,
WULE,Nitrate as N,2022-11-14 12:00:00.000+10:00,,mg/L,0.01,,,,,,,,,
WULE,Nitrite + Nitrate as N,2022-11-14 12:00:00.000+10:00,,mg/L,0.01,,,,,,,,,
WULE,Nitrite as N,2022-11-14 12:00:00.000+10:00,,mg/L,0.01,,,,,,,,,
WULE,Total Kjeldahl Nitrogen as N,2022-11-14 12:00:00.000+10:00,0.5,mg/L,0.1,,,,,,,,,
WULE,Total Nitrogen as N,2022-11-14 12:00:00.000+10:00,0.5,mg/L,0.1,,,,,,,,,
WULE,Total Phosphorus as P,2022-11-14 12:00:00.000+10:00,0.03,mg/L,0.01,,,,,,,,,
WULE,Total suspended solids,2022-11-14 12:00:00.000+10:00,,mg/L,5,,,,,,,,,
WULE,Chlorophyll - a,2022-11-14 09:40:00.000+10:00,5.4,mg/m^3,,,,,,,,,,
WULE,Cyanobacteria Biovolume,2022-11-14 09:40:00.000+10:00,0.06,mm3/l,,,,,,,,,,
WULE,Enterococci,2022-11-14 09:40:00.000+10:00,20,cfu/100ml,,,,,,,,,,
WULE,Microcystis_Biovolume,2022-11-14 09:40:00.000+10:00,0.048,mm3/l,,,,,,,,,,
WULE,Microcystis_Cell count,2022-11-14 09:40:00.000+10:00,1742,cells/ml,,,,,,,,,,
WULE,Potentially Toxic Cyanobacteria,2022-11-14 09:40:00.000+10:00,1740,cells/ml,,,,,,,,,,
WULE,Potentially Toxic Cyanobacteria Biovolume,2022-11-14 09:40:00.000+10:00,0.048,mm3/l,,,,,,,,,,
WULE,Pseudanabaena mucicola_Biovolume,2022-11-14 09:40:00.000+10:00,0.012,mm3/l,,,,,,,,,,
WULE,Pseudanabaena mucicola_Cell count,2022-11-14 09:40:00.000+10:00,954,cells/ml,,,,,,,,,,
WULE,Total Cyanobacteria,2022-11-14 09:40:00.000+10:00,2700,cells/ml,,,,,,,,,,
